{
  "type": "FeatureCollection",
  "features": [
    {
      "type": "Feature",
      "properties": {
        "name": "Boundary Waters Canoe Area Wilderness",
        "description": "<html xmlns:fo=\"http://www.w3.org/1999/XSL/Format\" xmlns:msxsl=\"urn:schemas-microsoft-com:xslt\">\n\n<head>\n\n<META http-equiv=\"Content-Type\" content=\"text/html\">\n\n<meta http-equiv=\"content-type\" content=\"text/html; charset=UTF-8\">\n\n</head>\n\n<body style=\"margin:0px 0px 0px 0px;overflow:auto;background:#FFFFFF;\">\n\n<table style=\"font-family:Arial,Verdana,Times;font-size:12px;text-align:left;width:100%;border-collapse:collapse;padding:3px 3px 3px 3px\">\n\n<tr style=\"text-align:center;font-weight:bold;background:#9CBCE2\">\n\n<td>Boundary Waters Canoe Area Wilderness</td>\n\n</tr>\n\n<tr>\n\n<td>\n\n<table style=\"font-family:Arial,Verdana,Times;font-size:12px;text-align:left;width:100%;border-spacing:0px; padding:3px 3px 3px 3px\">\n\n<tr>\n\n<td>OBJECTID_1</td>\n\n<td>503</td>\n\n</tr>\n\n<tr bgcolor=\"#D4E4F3\">\n\n<td>Website</td>\n\n<td><a target=\"_blank\" href=\"https://wilderness.net/visit-wilderness/?ID=70\">https://wilderness.net/visit-wilderness/?ID=70</a></td>\n\n</tr>\n\n<tr>\n\n<td>Wilderness</td>\n\n<td>Boundary Waters Canoe Area Wilderness</td>\n\n</tr>\n\n<tr bgcolor=\"#D4E4F3\">\n\n<td>State</td>\n\n<td>MN</td>\n\n</tr>\n\n<tr>\n\n<td>Comment</td>\n\n<td>&lt;Null&gt;</td>\n\n</tr>\n\n<tr bgcolor=\"#D4E4F3\">\n\n<td>Date of Last Update</td>\n\n<td>12/27/2021</td>\n\n</tr>\n\n<tr>\n\n<td>WID</td>\n\n<td>70</td>\n\n</tr>\n\n<tr bgcolor=\"#D4E4F3\">\n\n<td>Abbreviated Name</td>\n\n<td>Boundary_Waters_Canoe_Area</td>\n\n</tr>\n\n<tr>\n\n<td>Image</td>\n\n<td><a target=\"_blank\" href=\"https://wilderness.net/images/NWPS/BoundaryWatersCanoeArea.jpg\">https://wilderness.net/images/NWPS/BoundaryWatersCanoeArea.jpg</a></td>\n\n</tr>\n\n<tr bgcolor=\"#D4E4F3\">\n\n<td>Acreage</td>\n\n<td>816244</td>\n\n</tr>\n\n<tr>\n\n<td>Description</td>\n\n<td>The Boundary Waters Canoe Area Wilderness (BWCAW) is a unique natural area located in the northern third of the Superior National Forest in northeastern Minnesota. It extends nearly 199 miles along the...</td>\n\n</tr>\n\n<tr bgcolor=\"#D4E4F3\">\n\n<td>Agency</td>\n\n<td>FS</td>\n\n</tr>\n\n<tr>\n\n<td>joinerID</td>\n\n<td>70FS</td>\n\n</tr>\n\n<tr bgcolor=\"#D4E4F3\">\n\n<td>Designated</td>\n\n<td>1964</td>\n\n</tr>\n\n<tr>\n\n<td>ORIG_FID</td>\n\n<td>44340</td>\n\n</tr>\n\n<tr bgcolor=\"#D4E4F3\">\n\n<td>Shape__Length</td>\n\n<td>1362707.450233</td>\n\n</tr>\n\n<tr>\n\n<td>Shape__Area</td>\n\n<td>9935515006.295279</td>\n\n</tr>\n\n</table>\n\n</td>\n\n</tr>\n\n</table>\n\n</body><script type=\"text/javascript\">\n\n\t\t\t\tfunction changeImage(attElement, nameElement) {\n\n\t\t\t\tdocument.getElementById('imageAttachment').src = attElement;\n\n\t\t\t\tdocument.getElementById('imageName').innerHTML = nameElement;}\n\n\t\t\t</script></html>\n\n",

        "stroke": "#b6d08a",
        "stroke-width": 6,
        "stroke-opacity": 0.5,
        "stroke-dash": [1],
        "fill": "#b6d08a",
        "fill-opacity": 0.0        
      },
      "geometry": {
        "type": "MultiPolygon",
        "coordinates": [
          [
            [
              [-90.14403574244832, 48.11256820557842, 0],
              [-90.14429942313704, 48.11247758571436, 0],
              [-90.14454028302428, 48.11211601572998, 0],
              [-90.14464811229942, 48.11187787562078, 0],
              [-90.14500703237455, 48.11154881541105, 0],
              [-90.1454137428228, 48.1114955552836, 0],
              [-90.14576211308325, 48.11147041507836, 0],
              [-90.14599009292593, 48.11134088539646, 0],
              [-90.14662922358933, 48.11107792518701, 0],
              [-90.14713129379827, 48.11097899492027, 0],
              [-90.15083923476223, 48.11027712497369, 0],
              [-90.1642060988163, 48.1096325334955, 0],
              [-90.1662431688602, 48.11010174371086, 0],
              [-90.17033257042642, 48.11097533376499, 0],
              [-90.17642851279162, 48.11232194354015, 0],
              [-90.18395884457833, 48.10962502265191, 0],
              [-90.18858995541369, 48.10793515210842, 0],
              [-90.19500634750199, 48.10826326133736, 0],
              [-90.20350561023899, 48.10720665088555, 0],
              [-90.21059340227232, 48.10628354028756, 0],
              [-90.2164681039561, 48.10648575981244, 0],
              [-90.22508178690745, 48.10817952951326, 0],
              [-90.23393199896809, 48.10719920866904, 0],
              [-90.23885302040013, 48.10595565776184, 0],
              [-90.25009127338787, 48.10316719660028, 0],
              [-90.25380692459191, 48.10219829640541, 0],
              [-90.2607346763675, 48.10271333611492, 0],
              [-90.26441980820807, 48.10334660576101, 0],
              [-90.27462831070753, 48.10315213522937, 0],
              [-90.28924679475199, 48.09904385332629, 0],
              [-90.2927945957452, 48.09897140328263, 0],
              [-90.29779768815995, 48.10250746338538, 0],
              [-90.30580317123976, 48.10512458296579, 0],
              [-90.31004526214977, 48.10550608270292, 0],
              [-90.3139592937079, 48.10509794238164, 0],
              [-90.3173926538255, 48.10373232205835, 0],
              [-90.32253506595764, 48.10289695149162, 0],
              [-90.32583871653472, 48.10285883144299, 0],
              [-90.32821917747746, 48.10252316143354, 0],
              [-90.33010370819625, 48.10228666078415, 0],
              [-90.33692465926771, 48.09955541985328, 0],
              [-90.33769372944033, 48.09773078985501, 0],
              [-90.33772315914734, 48.09761133953737, 0],
              [-90.33807675939937, 48.09617562939742, 0],
              [-90.34313524103621, 48.09551191920615, 0],
              [-90.34331073052023, 48.09509993884773, 0],
              [-90.34414237104734, 48.09438277911234, 0],
              [-90.34603453115783, 48.09396699894097, 0],
              [-90.34852180268616, 48.0942950785372, 0],
              [-90.35071915283804, 48.09462315844006, 0],
              [-90.3519933034741, 48.09477957839609, 0],
              [-90.35388546358459, 48.09494361826347, 0],
              [-90.35613622486831, 48.09455454808826, 0],
              [-90.35747141512961, 48.09441340797949, 0],
              [-90.35891342585796, 48.09487118764106, 0],
              [-90.36748155793623, 48.09471103725141, 0],
              [-90.36871807814501, 48.09429514693615, 0],
              [-90.36899212808707, 48.09400639697076, 0],
              [-90.3691295685289, 48.09395193727455, 0],
              [-90.36986201887896, 48.09397864723466, 0],
              [-90.37035794910291, 48.09417319686899, 0],
              [-90.37052579931377, 48.09407019670724, 0],
              [-90.37087676929863, 48.09401679666801, 0],
              [-90.37136506923258, 48.09399772705481, 0],
              [-90.37224247982171, 48.09405113671377, 0],
              [-90.37263921986863, 48.09414269685713, 0],
              [-90.37311226012083, 48.09421136655769, 0],
              [-90.37336403992866, 48.09421899665212, 0],
              [-90.37365397028832, 48.09416177661646, 0],
              [-90.37389811980611, 48.094024456791, 0],
              [-90.37409649027873, 48.09365824679693, 0],
              [-90.37418041987573, 48.09329585681032, 0],
              [-90.37413464981368, 48.09294490639528, 0],
              [-90.3739896895746, 48.09252910679707, 0],
              [-90.37379132000031, 48.09214763675343, 0],
              [-90.37368449953323, 48.09202556638984, 0],
              [-90.37347850955037, 48.09162502631775, 0],
              [-90.37349376923211, 48.09152965634539, 0],
              [-90.37363109918118, 48.09140377615942, 0],
              [-90.37378368971027, 48.09135036615078, 0],
              [-90.3741575496669, 48.09129696628712, 0],
              [-90.37484422007346, 48.09135037635124, 0],
              [-90.37538675040277, 48.09168132634359, 0],
              [-90.37713869068395, 48.09267444614584, 0],
              [-90.37872415158341, 48.09265757627107, 0],
              [-90.38102505233469, 48.09337355586542, 0],
              [-90.38263044235873, 48.09452481628735, 0],
              [-90.38357395278311, 48.09544866603795, 0],
              [-90.38411828333625, 48.09721266624389, 0],
              [-90.38503496377805, 48.09866667678791, 0],
              [-90.38768701507558, 48.09949668673345, 0],
              [-90.38989040549941, 48.10058182638321, 0],
              [-90.39477640790676, 48.1026832263004, 0],
              [-90.39880277918107, 48.10455263668452, 0],
              [-90.40324178080134, 48.10514444627141, 0],
              [-90.41073412283468, 48.10504914576473, 0],
              [-90.43848332001468, 48.09870940267943, 0],
              [-90.44356466197888, 48.10069306294752, 0],
              [-90.44757785406965, 48.10345873256915, 0],
              [-90.45228534595866, 48.10505329263318, 0],
              [-90.46195976858067, 48.10650295206744, 0],
              [-90.4653244300369, 48.10858959239288, 0],
              [-90.46747600114358, 48.10875364218102, 0],
              [-90.47128323199757, 48.10593082137234, 0],
              [-90.47770743314065, 48.10524424077512, 0],
              [-90.47906553313663, 48.10352765077644, 0],
              [-90.48024051335858, 48.10206283013858, 0],
              [-90.48307114434473, 48.10042254986598, 0],
              [-90.483689144836, 48.10009448957057, 0],
              [-90.48671051510642, 48.09909125959584, 0],
              [-90.48991497640478, 48.09904169895842, 0],
              [-90.49365349781765, 48.10140299936264, 0],
              [-90.49542966835698, 48.09975813859073, 0],
              [-90.49687784871472, 48.10079737865351, 0],
              [-90.50300752012389, 48.10010002866021, 0],
              [-90.506723151565, 48.0993660277985, 0],
              [-90.50740982197155, 48.09923632782453, 0],
              [-90.50778368192817, 48.09909899815423, 0],
              [-90.50984371201245, 48.09769138747957, 0],
              [-90.51040068186164, 48.09732899772, 0],
              [-90.51694691464449, 48.09933932723622, 0],
              [-90.55664416593903, 48.09597098382547, 0],
              [-90.56445691906791, 48.09879001405383, 0],
              [-90.56544112946285, 48.09974749408465, 0],
              [-90.56744770978771, 48.10161667408553, 0],
              [-90.56765625996913, 48.10161313404407, 0],
              [-90.56814850081221, 48.10178062375016, 0],
              [-90.56866115048025, 48.10190875396077, 0],
              [-90.56919516118741, 48.10190657391713, 0],
              [-90.5700014512572, 48.1018614636709, 0],
              [-90.57062955150724, 48.10180607404623, 0],
              [-90.5712535814907, 48.10175682377658, 0],
              [-90.57196449203688, 48.10171767344696, 0],
              [-90.57290613216884, 48.10164254379636, 0],
              [-90.57344406222559, 48.10157811335654, 0],
              [-90.57397324179315, 48.10149142329946, 0],
              [-90.57493255268507, 48.10137988310942, 0],
              [-90.57677397325337, 48.10127869351297, 0],
              [-90.5772406731963, 48.10129847311769, 0],
              [-90.57773589285287, 48.10127598312284, 0],
              [-90.57816539355989, 48.10124006294097, 0],
              [-90.57895417366814, 48.10116670292845, 0],
              [-90.5793724741802, 48.10113626285685, 0],
              [-90.5803170841425, 48.10100874323141, 0],
              [-90.58118424405593, 48.10092881263815, 0],
              [-90.58166939449647, 48.10086510300042, 0],
              [-90.58173243466985, 48.10081915255973, 0],
              [-90.58196718421652, 48.10064653283355, 0],
              [-90.58235636494032, 48.10063672299559, 0],
              [-90.58282165452826, 48.10061503300052, 0],
              [-90.58311166483794, 48.10055364285583, 0],
              [-90.58349312454187, 48.10038621274353, 0],
              [-90.58380599517893, 48.10030282263982, 0],
              [-90.58454879501937, 48.10021490239248, 0],
              [-90.5846451752662, 48.10020349248071, 0],
              [-90.58509515576507, 48.10018596276223, 0],
              [-90.58549986566518, 48.10011349273088, 0],
              [-90.5860563953399, 48.09995423216041, 0],
              [-90.58627803577164, 48.09993639219576, 0],
              [-90.58657556587858, 48.09996514239032, 0],
              [-90.58673532586195, 48.10010347221824, 0],
              [-90.58682754601072, 48.10030336256846, 0],
              [-90.58691850582312, 48.10056621233062, 0],
              [-90.58710133633964, 48.10064203225868, 0],
              [-90.58723175644752, 48.10068976220902, 0],
              [-90.58759031629825, 48.10068829241447, 0],
              [-90.58787235585642, 48.10065373243276, 0],
              [-90.58817011593207, 48.10060599225032, 0],
              [-90.5883915560395, 48.10052066236803, 0],
              [-90.58847502659738, 48.10044144251989, 0],
              [-90.58860462654343, 48.10027320214873, 0],
              [-90.58882588608948, 48.09995842203453, 0],
              [-90.58904775648993, 48.09981011204148, 0],
              [-90.5892454963452, 48.09971079232897, 0],
              [-90.58963468695048, 48.09961098228279, 0],
              [-90.589700756243, 48.09960324200174, 0],
              [-90.59016500648013, 48.09954957234131, 0],
              [-90.59077191726925, 48.09949090220746, 0],
              [-90.59140697676779, 48.09946864179505, 0],
              [-90.59222409782494, 48.09940786161118, 0],
              [-90.59270381794961, 48.0993243517339, 0],
              [-90.59311766730941, 48.09931536175097, 0],
              [-90.59368024803588, 48.09933010148261, 0],
              [-90.59444261767479, 48.0993291619891, 0],
              [-90.59480658807846, 48.09929539180457, 0],
              [-90.59480824816511, 48.09916280177058, 0],
              [-90.59537023869842, 48.09915573154833, 0],
              [-90.59560098804714, 48.09901630128802, 0],
              [-90.59581708856851, 48.0989719414254, 0],
              [-90.59607440828671, 48.09894039137146, 0],
              [-90.59679888878357, 48.09894141126362, 0],
              [-90.59747167932066, 48.09896474159071, 0],
              [-90.59784444872255, 48.09892850122747, 0],
              [-90.59806496895511, 48.09880225159409, 0],
              [-90.59826372929658, 48.09878858140112, 0],
              [-90.59846904913621, 48.09887029113676, 0],
              [-90.59872189973588, 48.09887899142783, 0],
              [-90.59888058892744, 48.09883782131587, 0],
              [-90.59917840919022, 48.09869172126674, 0],
              [-90.5993164398252, 48.0985906709646, 0],
              [-90.59941626960271, 48.09857431118076, 0],
              [-90.59946169920327, 48.09861553129873, 0],
              [-90.59949932963053, 48.09881407157451, 0],
              [-90.59956856997599, 48.09892788149288, 0],
              [-90.5997287198282, 48.09905731107431, 0],
              [-90.59974431008996, 48.09910061137862, 0],
              [-90.59980001012916, 48.09925537149751, 0],
              [-90.59994285932734, 48.09955511148961, 0],
              [-90.60007062940512, 48.09972095150142, 0],
              [-90.6003092695553, 48.09986213163401, 0],
              [-90.60039109978948, 48.09999922109584, 0],
              [-90.60046223019032, 48.10017423128576, 0],
              [-90.60043191025284, 48.1008723313649, 0],
              [-90.60051487056765, 48.1010068613061, 0],
              [-90.60061273033975, 48.1010728912265, 0],
              [-90.60084284008799, 48.10110486170937, 0],
              [-90.60087404037442, 48.10115109145313, 0],
              [-90.60082939051155, 48.10120026131521, 0],
              [-90.60083586017822, 48.10128155148067, 0],
              [-90.60086614058982, 48.10140285178533, 0],
              [-90.6008045502973, 48.10147778141734, 0],
              [-90.6006145907507, 48.10157747145739, 0],
              [-90.60049967017473, 48.10161098158355, 0],
              [-90.60038233043566, 48.10158553179082, 0],
              [-90.60015648049853, 48.10157703172641, 0],
              [-90.60002590049051, 48.10162377156495, 0],
              [-90.59991187014496, 48.1017291316149, 0],
              [-90.59983548998962, 48.10176345151213, 0],
              [-90.59970610024936, 48.10177915158717, 0],
              [-90.59962972009403, 48.10175476190756, 0],
              [-90.59959100001032, 48.10169041139569, 0],
              [-90.59957627033461, 48.10156919155705, 0],
              [-90.59940171959006, 48.10145350137775, 0],
              [-90.59926383987205, 48.10138694162753, 0],
              [-90.59912782954814, 48.10134661159616, 0],
              [-90.59899625959669, 48.10130972141093, 0],
              [-90.59872147932431, 48.10115094147545, 0],
              [-90.59840194947607, 48.10102652163292, 0],
              [-90.59791715925996, 48.10088403148654, 0],
              [-90.59775294902263, 48.10082492193841, 0],
              [-90.5974980888917, 48.10080627179102, 0],
              [-90.5973644887477, 48.1007990518161, 0],
              [-90.59655246922304, 48.10088805150923, 0],
              [-90.59624025884773, 48.10093287165175, 0],
              [-90.59597388860304, 48.10095389200975, 0],
              [-90.59570657872058, 48.10101177158921, 0],
              [-90.59542846839345, 48.10112419204761, 0],
              [-90.59505884848497, 48.10124092201165, 0],
              [-90.59489438851601, 48.10129074208933, 0],
              [-90.59467017890256, 48.10135866195631, 0],
              [-90.59446484828312, 48.10140971173076, 0],
              [-90.59403742807432, 48.10151189211496, 0],
              [-90.59360098788173, 48.10156123200527, 0],
              [-90.59336566790485, 48.1015384619691, 0],
              [-90.59259169742236, 48.10153562201292, 0],
              [-90.59222595733759, 48.1014962819443, 0],
              [-90.59181040746694, 48.10148806202161, 0],
              [-90.59174556796803, 48.10149808226436, 0],
              [-90.59149685770353, 48.1015364924769, 0],
              [-90.59123854714358, 48.10157456251413, 0],
              [-90.59107038701397, 48.10160796225965, 0],
              [-90.5906177672648, 48.10168674237988, 0],
              [-90.5902606770579, 48.10175683217525, 0],
              [-90.58985482719568, 48.10178859226657, 0],
              [-90.5895492068613, 48.10179075251836, 0],
              [-90.58936557684419, 48.10177815214804, 0],
              [-90.58909468717532, 48.10172774223719, 0],
              [-90.58890996660344, 48.10162470261786, 0],
              [-90.58871564663444, 48.10148348233273, 0],
              [-90.58867366656457, 48.10145337239769, 0],
              [-90.58849798663772, 48.10117075232468, 0],
              [-90.58842168643244, 48.10093520231489, 0],
              [-90.5882615060375, 48.10080587224775, 0],
              [-90.58791049652675, 48.10077150251822, 0],
              [-90.58769682594821, 48.1007805126436, 0],
              [-90.58743006583471, 48.10099086223872, 0],
              [-90.58725474613227, 48.10113114261679, 0],
              [-90.58677388604552, 48.10139547231866, 0],
              [-90.58641508634463, 48.10154540288384, 0],
              [-90.58592709543116, 48.10172859290111, 0],
              [-90.5854302659936, 48.10183612258457, 0],
              [-90.58537691594721, 48.10184765271443, 0],
              [-90.58499641564399, 48.10191149251295, 0],
              [-90.58488186517391, 48.10198117286935, 0],
              [-90.58488154537366, 48.10207908262999, 0],
              [-90.58497224557294, 48.10216251304505, 0],
              [-90.58510559598531, 48.10219771270411, 0],
              [-90.58520944572373, 48.10224437279174, 0],
              [-90.58535452543875, 48.10253032297648, 0],
              [-90.58543017616208, 48.10269370282855, 0],
              [-90.58555948595227, 48.10275901311145, 0],
              [-90.58573526559213, 48.10288477311547, 0],
              [-90.58588189579932, 48.10297394256566, 0],
              [-90.58588200629211, 48.10306307286842, 0],
              [-90.58570718605299, 48.10320480291711, 0],
              [-90.58564486632845, 48.10324735286964, 0],
              [-90.58555327589872, 48.10328645284361, 0],
              [-90.58535915625403, 48.10328254278755, 0],
              [-90.58516278543124, 48.10328315287149, 0],
              [-90.58484251537121, 48.10328948286686, 0],
              [-90.58461402528542, 48.10331597321722, 0],
              [-90.58451053577143, 48.10334895311149, 0],
              [-90.58433066520377, 48.10341893326115, 0],
              [-90.58408789549824, 48.10343557284898, 0],
              [-90.58404903527737, 48.10344396282731, 0],
              [-90.583973435758, 48.10346472300871, 0],
              [-90.58393492588007, 48.10349522288956, 0],
              [-90.58389750565861, 48.10351228297083, 0],
              [-90.5838366852223, 48.10358753286467, 0],
              [-90.58379784566266, 48.10366341312372, 0],
              [-90.58369964542908, 48.10381404313247, 0],
              [-90.58359989560161, 48.10387059315909, 0],
              [-90.58358436552697, 48.10393806330796, 0],
              [-90.58362970529599, 48.10398348306844, 0],
              [-90.58366065585079, 48.10400672292533, 0],
              [-90.583675825701, 48.10402952306171, 0],
              [-90.58373558522696, 48.10406589300158, 0],
              [-90.58382880520062, 48.10413190339594, 0],
              [-90.58396617557388, 48.10412127299278, 0],
              [-90.58402640581703, 48.10406448329124, 0],
              [-90.5841028452612, 48.1040117432993, 0],
              [-90.58422562609591, 48.10396489285503, 0],
              [-90.58437438531034, 48.10393375318273, 0],
              [-90.58472807539388, 48.103867002883, 0],
              [-90.58519375574897, 48.10379175279842, 0],
              [-90.58537695637138, 48.10378659323078, 0],
              [-90.58551501575245, 48.10380300294561, 0],
              [-90.58568289650601, 48.10380207313193, 0],
              [-90.58579755657057, 48.1038357029836, 0],
              [-90.58587375616455, 48.1038779428763, 0],
              [-90.5859335857591, 48.10392815271874, 0],
              [-90.58601073666894, 48.10406527272904, 0],
              [-90.58592705590529, 48.10420300304651, 0],
              [-90.5858352858125, 48.10424162299366, 0],
              [-90.5856287065348, 48.10429131298984, 0],
              [-90.58544616617414, 48.10434137305995, 0],
              [-90.58513376625429, 48.10463455321183, 0],
              [-90.58475725626758, 48.10495905312103, 0],
              [-90.58456919575947, 48.10513144301446, 0],
              [-90.5845003955885, 48.10527340310608, 0],
              [-90.58447817575995, 48.10568752321677, 0],
              [-90.5844317759789, 48.10576963348879, 0],
              [-90.58430202601419, 48.10586055311256, 0],
              [-90.58457660596225, 48.10605522334603, 0],
              [-90.58500930646831, 48.10623021351834, 0],
              [-90.58547016646358, 48.10634434353425, 0],
              [-90.58571317691761, 48.10637128339731, 0],
              [-90.58586558688533, 48.10641070311409, 0],
              [-90.58623949624932, 48.10638707324213, 0],
              [-90.58645618696384, 48.10639161350399, 0],
              [-90.58668247707547, 48.1063963631129, 0],
              [-90.58703285686721, 48.10636351294195, 0],
              [-90.58736919688937, 48.10627607334349, 0],
              [-90.58746583674932, 48.10620497296142, 0],
              [-90.58772618738328, 48.10601341293842, 0],
              [-90.58784823698936, 48.1057680528659, 0],
              [-90.58781107727931, 48.10538132308245, 0],
              [-90.58788636687991, 48.10531621288616, 0],
              [-90.58802370671043, 48.10525923314862, 0],
              [-90.58819230701454, 48.10528086299749, 0],
              [-90.58842470746674, 48.10535371325483, 0],
              [-90.58929138767982, 48.10560997293984, 0],
              [-90.58974912782611, 48.10567347274522, 0],
              [-90.59004707744627, 48.10576520294581, 0],
              [-90.59030641747553, 48.10574814301243, 0],
              [-90.59066533755067, 48.10563404286527, 0],
              [-90.59092156761244, 48.10562617272193, 0],
              [-90.59094310831462, 48.10562662261584, 0],
              [-90.59119136852318, 48.10563183298672, 0],
              [-90.59142089795974, 48.10572190285635, 0],
              [-90.59155787846414, 48.10589098258848, 0],
              [-90.59173867788981, 48.10596635256999, 0],
              [-90.5922971587053, 48.1061632928436, 0],
              [-90.59269855831361, 48.10643001286178, 0],
              [-90.59270479890988, 48.10643456271735, 0],
              [-90.59516536981306, 48.10639044259753, 0],
              [-90.60068460095238, 48.10631285199153, 0],
              [-90.60620385275296, 48.10623524207306, 0],
              [-90.61172308479058, 48.1061576314376, 0],
              [-90.61724231592991, 48.10608005127744, 0],
              [-90.61772016576215, 48.10247315058378, 0],
              [-90.61819805512026, 48.09886626975634, 0],
              [-90.6186759345969, 48.0952593992496, 0],
              [-90.6191537943106, 48.09165249891397, 0],
              [-90.61938880347039, 48.08797067839055, 0],
              [-90.61952310340199, 48.08586675801411, 0],
              [-90.61925423314588, 48.08585064801952, 0],
              [-90.61925501378187, 48.08571494784846, 0],
              [-90.61951915350969, 48.08568364829907, 0],
              [-90.61951766320465, 48.0856135377913, 0],
              [-90.61948248338147, 48.08428882771376, 0],
              [-90.61931443284632, 48.08071139761189, 0],
              [-90.61378847063058, 48.08084633799317, 0],
              [-90.60824594976918, 48.08098144846198, 0],
              [-90.60335392775114, 48.0811883286092, 0],
              [-90.5983842068509, 48.08139829925204, 0],
              [-90.59243945454128, 48.08139829925204, 0],
              [-90.58695042296517, 48.08125690998328, 0],
              [-90.58177142155319, 48.08112326999174, 0],
              [-90.57677586959694, 48.08099413074783, 0],
              [-90.57499941878324, 48.08094701086694, 0],
              [-90.57228458872207, 48.08087483059639, 0],
              [-90.57104095834778, 48.08084174086174, 0],
              [-90.56600863655034, 48.08070780091734, 0],
              [-90.56060006437929, 48.08056344140407, 0],
              [-90.55524150321673, 48.08042044203177, 0],
              [-90.55542859264601, 48.0767432011657, 0],
              [-90.55007725124341, 48.07685183164276, 0],
              [-90.54472589906099, 48.07696050210335, 0],
              [-90.53934594811322, 48.0770585225311, 0],
              [-90.53481874630509, 48.0771410230381, 0],
              [-90.5339659657244, 48.07713080298636, 0],
              [-90.53070008481343, 48.07715305326315, 0],
              [-90.52864209480316, 48.07718057320258, 0],
              [-90.52331819244091, 48.07725182356102, 0],
              [-90.51796463130123, 48.07736932434732, 0],
              [-90.51261103961882, 48.07748679485593, 0],
              [-90.50762167795322, 48.07749206509654, 0],
              [-90.50240542610133, 48.07749786530151, 0],
              [-90.49936150542234, 48.07749980570518, 0],
              [-90.49918677591307, 48.07715747546849, 0],
              [-90.49720351495466, 48.07659626528444, 0],
              [-90.49692064445486, 48.07673715539566, 0],
              [-90.49526218465877, 48.07756324600222, 0],
              [-90.49152487327659, 48.07754784582794, 0],
              [-90.49127534285023, 48.0737934658212, 0],
              [-90.49115616246317, 48.07200026560075, 0],
              [-90.48600761034605, 48.0720051756526, 0],
              [-90.48079511884197, 48.07200990622908, 0],
              [-90.48057945849507, 48.06927777557579, 0],
              [-90.47883894837759, 48.06932870592967, 0],
              [-90.47521661686018, 48.0693261163129, 0],
              [-90.47451611688984, 48.06932561627799, 0],
              [-90.46999069554259, 48.06879243638044, 0],
              [-90.47003204589343, 48.07020653647918, 0],
              [-90.46456062399184, 48.07018365711473, 0],
              [-90.45963032206458, 48.07016280726082, 0],
              [-90.45421942056201, 48.07014017759031, 0],
              [-90.45154889002076, 48.0701289278809, 0],
              [-90.45150007017834, 48.07019263778423, 0],
              [-90.4514997099539, 48.07030063800065, 0],
              [-90.45152972985407, 48.07035925800228, 0],
              [-90.45158414979399, 48.07046550808564, 0],
              [-90.45170721988622, 48.07063156797151, 0],
              [-90.451766440423, 48.07071147783161, 0],
              [-90.45176690036044, 48.07083745788341, 0],
              [-90.45162158977838, 48.07096016799439, 0],
              [-90.45146173996348, 48.0710193178766, 0],
              [-90.45131401021835, 48.07105352801494, 0],
              [-90.45124762022729, 48.07106890792335, 0],
              [-90.45106408992316, 48.07111457821681, 0],
              [-90.45085899017076, 48.07117720823184, 0],
              [-90.45060730019445, 48.07125720788382, 0],
              [-90.45043343935606, 48.07127992830258, 0],
              [-90.45024199938585, 48.07124909837686, 0],
              [-90.45000239983496, 48.07115892789627, 0],
              [-90.44972896973044, 48.07104346822452, 0],
              [-90.44942436898391, 48.07095695838803, 0],
              [-90.44903830900742, 48.07092895851066, 0],
              [-90.44854992912343, 48.07091913820108, 0],
              [-90.44845385879538, 48.0709185181289, 0],
              [-90.44850556941638, 48.07204898854102, 0],
              [-90.44566631819677, 48.07201550836907, 0],
              [-90.44387538743901, 48.07199435853162, 0],
              [-90.4409805170286, 48.0719601088019, 0],
              [-90.44043642632563, 48.07195365910089, 0],
              [-90.43264745429727, 48.07186109964947, 0],
              [-90.43121515435712, 48.07184402966624, 0],
              [-90.4272090930931, 48.07179616969611, 0],
              [-90.42200608151018, 48.07172266022953, 0],
              [-90.41674563973285, 48.07164810081208, 0],
              [-90.41113198757235, 48.07156826083554, 0],
              [-90.40536982592903, 48.07148603171295, 0],
              [-90.40558791621878, 48.07329398144188, 0],
              [-90.40580296660957, 48.0750769221215, 0],
              [-90.40241078526462, 48.07494593223777, 0],
              [-90.40153041562495, 48.07504363238723, 0],
              [-90.40119331562803, 48.07505319201652, 0],
              [-90.40092096529852, 48.07502912217862, 0],
              [-90.40056339539125, 48.07505254198339, 0],
              [-90.40032309515442, 48.07508927214345, 0],
              [-90.399632934793, 48.07519476219368, 0],
              [-90.3991617342905, 48.07524639254219, 0],
              [-90.39828333465624, 48.07528883238575, 0],
              [-90.39779664450327, 48.07539019257313, 0],
              [-90.39736142422285, 48.07550629251941, 0],
              [-90.39682796418296, 48.07562145287723, 0],
              [-90.39626212347034, 48.0757825528224, 0],
              [-90.39589239396739, 48.07595256290392, 0],
              [-90.39499999319109, 48.07648952309251, 0],
              [-90.39445756347308, 48.07681589319735, 0],
              [-90.38942641218044, 48.07683239314705, 0],
              [-90.38396579072354, 48.07686079374289, 0],
              [-90.37866608897502, 48.07701055397452, 0],
              [-90.3733663575821, 48.07716033477693, 0],
              [-90.36833711610777, 48.07757345516467, 0],
              [-90.36406372430001, 48.07792622519679, 0],
              [-90.36300160391876, 48.0776836653751, 0],
              [-90.35902101258797, 48.07762959531881, 0],
              [-90.35724690188559, 48.07232794510865, 0],
              [-90.35669664065493, 48.07068332475281, 0],
              [-90.35667675105623, 48.07049293495879, 0],
              [-90.35656894064572, 48.0694596344776, 0],
              [-90.3561122802744, 48.0660771341723, 0],
              [-90.35567359968351, 48.06241682383223, 0],
              [-90.35567947915705, 48.05931409338525, 0],
              [-90.35568658842419, 48.05555026265484, 0],
              [-90.35567762862756, 48.05467977245857, 0],
              [-90.35472947750642, 48.05478792291532, 0],
              [-90.35400411755889, 48.05443995282157, 0],
              [-90.35550728828674, 48.05422852233681, 0],
              [-90.3556728477936, 48.05421863279027, 0],
              [-90.35565202754027, 48.05219926228512, 0],
              [-90.35508569724583, 48.05195545228415, 0],
              [-90.35459004729623, 48.05174208223266, 0],
              [-90.35492305726362, 48.05155806202054, 0],
              [-90.35564544738082, 48.05156182228433, 0],
              [-90.35561216749448, 48.04833348194575, 0],
              [-90.35561182703299, 48.04831212180064, 0],
              [-90.35458865670418, 48.04835722196901, 0],
              [-90.35361763627253, 48.04862276213883, 0],
              [-90.3513851359419, 48.0490964120692, 0],
              [-90.35058332577046, 48.04949159222319, 0],
              [-90.35021180592514, 48.04955334237638, 0],
              [-90.34616759500761, 48.0502255728765, 0],
              [-90.3447543339616, 48.05153700285713, 0],
              [-90.34473194435145, 48.05155777318524, 0],
              [-90.34264286364919, 48.05203514314059, 0],
              [-90.33922978299915, 48.05269849383237, 0],
              [-90.33923859277714, 48.05233630345981, 0],
              [-90.33926174236203, 48.05138314339912, 0],
              [-90.34036678334921, 48.05103571296078, 0],
              [-90.34305875398135, 48.05009835277077, 0],
              [-90.34527337424456, 48.04896099268321, 0],
              [-90.34639289427749, 48.04855248222411, 0],
              [-90.35067511562619, 48.047733831945, 0],
              [-90.35281064641514, 48.04688480156558, 0],
              [-90.3532531160999, 48.04628467167306, 0],
              [-90.35310311631208, 48.04551337133545, 0],
              [-90.35015667541784, 48.04515515180461, 0],
              [-90.34811381393527, 48.04504116163957, 0],
              [-90.34542085335968, 48.04493849190139, 0],
              [-90.344768963026, 48.0450749920707, 0],
              [-90.34122393243713, 48.04581717260492, 0],
              [-90.33941967157887, 48.04574841247488, 0],
              [-90.33940792161494, 48.0451016925776, 0],
              [-90.33937313166062, 48.0431864523697, 0],
              [-90.34247558207193, 48.04323037206951, 0],
              [-90.34474359280574, 48.042520591789, 0],
              [-90.3462876234043, 48.04255633196355, 0],
              [-90.34727602354172, 48.04246031186955, 0],
              [-90.34931032407965, 48.0426331316939, 0],
              [-90.35013985446413, 48.04264589129796, 0],
              [-90.35200797475932, 48.04267457141695, 0],
              [-90.35347473587039, 48.04252128127165, 0],
              [-90.3555139861255, 48.04191058099851, 0],
              [-90.35593952616044, 48.04178314095282, 0],
              [-90.36016701765044, 48.0419646008953, 0],
              [-90.36088702813045, 48.04155372020796, 0],
              [-90.36326120805272, 48.04024330031739, 0],
              [-90.36384556843326, 48.04031256030505, 0],
              [-90.36421274851743, 48.04037173039001, 0],
              [-90.36501310880801, 48.04015513024955, 0],
              [-90.36629154889955, 48.04015652969932, 0],
              [-90.3676836294678, 48.04015800963244, 0],
              [-90.36943856024055, 48.03974238940285, 0],
              [-90.37154592076051, 48.03913682944756, 0],
              [-90.37168876097553, 48.0391086392785, 0],
              [-90.37488386182862, 48.03847783891838, 0],
              [-90.37592682204316, 48.03818134926338, 0],
              [-90.37640984167986, 48.03821407901329, 0],
              [-90.37707927251779, 48.03804331899816, 0],
              [-90.37761592247526, 48.0378564790449, 0],
              [-90.37876576244568, 48.03829370884449, 0],
              [-90.38009884346269, 48.03815680869458, 0],
              [-90.38129948316242, 48.03788401879589, 0],
              [-90.38230862360312, 48.03842815861044, 0],
              [-90.3830289835278, 48.03836785828547, 0],
              [-90.38301868344475, 48.03760342858804, 0],
              [-90.38300488352535, 48.03657545831752, 0],
              [-90.38300494371246, 48.03629504839132, 0],
              [-90.38300021318419, 48.03400075779694, 0],
              [-90.37699056118855, 48.0339820882244, 0],
              [-90.37279686970942, 48.03393971884199, 0],
              [-90.3715834595596, 48.03392067861857, 0],
              [-90.37160202953316, 48.03273140848999, 0],
              [-90.37163948928051, 48.03033248819956, 0],
              [-90.3716955190014, 48.02674425759987, 0],
              [-90.37175215778008, 48.02311562733453, 0],
              [-90.37180882710146, 48.01948698676996, 0],
              [-90.36634366555909, 48.01947932696578, 0],
              [-90.36087851389817, 48.01947165754662, 0],
              [-90.35540052261692, 48.01954899761383, 0],
              [-90.34992255109859, 48.0196263081228, 0],
              [-90.34444458946174, 48.01970360890206, 0],
              [-90.33896662782489, 48.01978094922218, 0],
              [-90.33360908625018, 48.01975317928017, 0],
              [-90.32825154467547, 48.01972539970943, 0],
              [-90.32289266281435, 48.01969766038139, 0],
              [-90.31753379083473, 48.01966991082382, 0],
              [-90.31217626902296, 48.01962986101699, 0],
              [-90.30681875799095, 48.01958981117907, 0],
              [-90.30145990577427, 48.019549791954, 0],
              [-90.29610103469294, 48.01950977209699, 0],
              [-90.29606795513091, 48.02315860283191, 0],
              [-90.29603487556889, 48.02680741320743, 0],
              [-90.29600180588834, 48.03045533331176, 0],
              [-90.29597536667289, 48.03337076411287, 0],
              [-90.29540487628036, 48.03338693378876, 0],
              [-90.29490999618696, 48.03336292435918, 0],
              [-90.29455954632664, 48.03330073430402, 0],
              [-90.2941543064205, 48.03317873395623, 0],
              [-90.29357366596356, 48.03319156438217, 0],
              [-90.2929849954663, 48.0332535641463, 0],
              [-90.29251536521892, 48.03333299440209, 0],
              [-90.29209514500711, 48.03332765416307, 0],
              [-90.29153600482819, 48.03326039413552, 0],
              [-90.29141372525338, 48.03326614406065, 0],
              [-90.29124550493665, 48.03331179443079, 0],
              [-90.29089333480258, 48.03340578438785, 0],
              [-90.29058106513844, 48.03347201462556, 0],
              [-90.29056994489353, 48.03347311450752, 0],
              [-90.29017789495073, 48.03351211434855, 0],
              [-90.28926667446925, 48.0334448845968, 0],
              [-90.28859764427992, 48.03341124475898, 0],
              [-90.288095673784, 48.03345792460088, 0],
              [-90.28746131407306, 48.03355103486778, 0],
              [-90.28721926391808, 48.03355877487674, 0],
              [-90.28668285381077, 48.03347241469189, 0],
              [-90.28620415327397, 48.0334268245341, 0],
              [-90.285662683855, 48.03348785448541, 0],
              [-90.28531645338157, 48.03352341470974, 0],
              [-90.28516452311419, 48.03352305489071, 0],
              [-90.28492274335211, 48.03352246500374, 0],
              [-90.28449452274438, 48.03348467498041, 0],
              [-90.28404471292541, 48.03345602458578, 0],
              [-90.28347189320135, 48.03356856507038, 0],
              [-90.28275357245238, 48.03354770519181, 0],
              [-90.28227146280906, 48.03344944511454, 0],
              [-90.28191523228989, 48.03341077501086, 0],
              [-90.28050349209167, 48.03336840515867, 0],
              [-90.27976372137036, 48.03326999516459, 0],
              [-90.27973729203636, 48.03326647504775, 0],
              [-90.27906435148063, 48.03316285495562, 0],
              [-90.27845537097312, 48.03310004533272, 0],
              [-90.2776894808366, 48.03307785530419, 0],
              [-90.27709600075931, 48.03312021518332, 0],
              [-90.27652439106593, 48.03328906506279, 0],
              [-90.27588349072143, 48.0335892951896, 0],
              [-90.2750777099964, 48.03392844560335, 0],
              [-90.274347250313, 48.0339216955951, 0],
              [-90.26891503807694, 48.03388472581367, 0],
              [-90.26348279709477, 48.03384778664118, 0],
              [-90.25804922480938, 48.03381087687632, 0],
              [-90.25261566330376, 48.03377393705025, 0],
              [-90.2480236022338, 48.03388993744612, 0],
              [-90.24271191067119, 48.03402088764918, 0],
              [-90.23739922916512, 48.03412733828117, 0],
              [-90.2320865476591, 48.0342337886933, 0],
              [-90.22678302537568, 48.03440370895623, 0],
              [-90.22147953363499, 48.03457360943695, 0],
              [-90.2161760122499, 48.03474352978066, 0],
              [-90.2108724908648, 48.03491345016471, 0],
              [-90.2055712790483, 48.0348433203362, 0],
              [-90.20027009777452, 48.03477319101292, 0],
              [-90.19508716623317, 48.0348277812352, 0],
              [-90.18990420414909, 48.03488235157709, 0],
              [-90.18472468261255, 48.03486055215996, 0],
              [-90.17954519161873, 48.03483872269941, 0],
              [-90.17436434955874, 48.03481690284056, 0],
              [-90.16918349851558, 48.03479510339574, 0],
              [-90.16349461604328, 48.03451453360827, 0],
              [-90.15780576411368, 48.03423395388337, 0],
              [-90.15211827313175, 48.03395346453694, 0],
              [-90.14643081089592, 48.03367297486505, 0],
              [-90.14098947896306, 48.03374136486583, 0],
              [-90.13554815781004, 48.03380979562316, 0],
              [-90.13010683575865, 48.03387818604307, 0],
              [-90.12466547418143, 48.03394658598329, 0],
              [-90.11896362273137, 48.03423661674771, 0],
              [-90.11320523131734, 48.03452950695584, 0],
              [-90.10744689919207, 48.03482264778656, 0],
              [-90.10168854730391, 48.03511581818493, 0],
              [-90.10163194805112, 48.03876844841938, 0],
              [-90.09584909641019, 48.0385547588509, 0],
              [-90.09580485707741, 48.04218149913252, 0],
              [-90.09003444530653, 48.04194163990856, 0],
              [-90.09000226585643, 48.04558143032638, 0],
              [-90.08997010616926, 48.04922123078241, 0],
              [-90.08422411420109, 48.04896865110864, 0],
              [-90.0842970547072, 48.05190456178558, 0],
              [-90.08432024471625, 48.05283824181784, 0],
              [-90.08435249513327, 48.05413656209033, 0],
              [-90.08441635546852, 48.05670764203317, 0],
              [-90.08439411587702, 48.05987433269586, 0],
              [-90.0849291560535, 48.05990008231437, 0],
              [-90.0859539469431, 48.05987714253172, 0],
              [-90.08694439703602, 48.05979320222074, 0],
              [-90.08793712705314, 48.05962135257572, 0],
              [-90.08945753734959, 48.0594659124122, 0],
              [-90.08987301804997, 48.05938858241313, 0],
              [-90.09039346778961, 48.05929173212622, 0],
              [-90.09143075783808, 48.05917301207429, 0],
              [-90.09229206882071, 48.05913251204403, 0],
              [-90.09286967836188, 48.05932896165982, 0],
              [-90.09329998845095, 48.05943557193804, 0],
              [-90.0938651886648, 48.05946263184256, 0],
              [-90.09477494938395, 48.05963274207237, 0],
              [-90.09504805968818, 48.05973055174773, 0],
              [-90.09529861958387, 48.05982030156319, 0],
              [-90.09604739950917, 48.06020635156931, 0],
              [-90.09668373012383, 48.0605705218863, 0],
              [-90.09694260033419, 48.06070102182692, 0],
              [-90.09829469060094, 48.06106547202321, 0],
              [-90.0987718307641, 48.06100480194816, 0],
              [-90.09905319119594, 48.06119997162056, 0],
              [-90.0996531409399, 48.06153694162523, 0],
              [-90.10025995111768, 48.06162439186907, 0],
              [-90.10074231139096, 48.06178644159315, 0],
              [-90.1016727719892, 48.0618943117592, 0],
              [-90.10203399175148, 48.06213811192259, 0],
              [-90.10359683217375, 48.06288078139566, 0],
              [-90.10382628255857, 48.06293386195341, 0],
              [-90.1046610626976, 48.06296809187496, 0],
              [-90.1051600930076, 48.06310561168823, 0],
              [-90.10556923339868, 48.063197731819, 0],
              [-90.105915503398, 48.0633463917484, 0],
              [-90.10589161360133, 48.0642067415285, 0],
              [-90.10129584159094, 48.0642022317609, 0],
              [-90.10047809171306, 48.06420141229434, 0],
              [-90.09515286972567, 48.06417139219214, 0],
              [-90.08982764863656, 48.06414136306728, 0],
              [-90.0843638166008, 48.06419336351074, 0],
              [-90.07890001510776, 48.06424539331834, 0],
              [-90.07343654329644, 48.06426837377867, 0],
              [-90.06797312179077, 48.06429109428114, 0],
              [-90.06250968052217, 48.06431384479065, 0],
              [-90.05704623835526, 48.06433656527309, 0],
              [-90.05707405828129, 48.06238866501527, 0],
              [-90.05436830749268, 48.06232963489209, 0],
              [-90.05402587689291, 48.06232216516683, 0],
              [-90.05384510711166, 48.06231821537352, 0],
              [-90.05225735640654, 48.06228772528863, 0],
              [-90.0519535668387, 48.06227992535698, 0],
              [-90.0512845959382, 48.06228576509965, 0],
              [-90.05112520606072, 48.06227259550939, 0],
              [-90.05088618592316, 48.06219872542844, 0],
              [-90.05067250636148, 48.06214835536456, 0],
              [-90.05043597635391, 48.06206118518139, 0],
              [-90.0501763461688, 48.06207247507773, 0],
              [-90.04982819599562, 48.06214433531512, 0],
              [-90.04950562535014, 48.06219043558518, 0],
              [-90.04916949553373, 48.062190645713, 0],
              [-90.04911794571117, 48.06217990517693, 0],
              [-90.0488797053113, 48.06213026574004, 0],
              [-90.04853087511343, 48.06206634533373, 0],
              [-90.04823620524236, 48.0620149755287, 0],
              [-90.04811490572953, 48.06199383538975, 0],
              [-90.0478881350192, 48.06193659571236, 0],
              [-90.04759370499832, 48.06186228567904, 0],
              [-90.04729878539561, 48.06176952556524, 0],
              [-90.04725753475775, 48.06175610548849, 0],
              [-90.04681206469994, 48.06162625542338, 0],
              [-90.0463623150681, 48.06146619543403, 0],
              [-90.046130174229, 48.06136897562252, 0],
              [-90.04600428432511, 48.06131625547752, 0],
              [-90.04552958398624, 48.06113411564248, 0],
              [-90.04515653431001, 48.06102119529731, 0],
              [-90.04507979393023, 48.06097794578251, 0],
              [-90.04417549406969, 48.06046825534525, 0],
              [-90.04303050320517, 48.05977447535161, 0],
              [-90.0426709336481, 48.05949730536388, 0],
              [-90.04193750323604, 48.0590331756107, 0],
              [-90.04178832271177, 48.05890951544276, 0],
              [-90.04164441260325, 48.05873236546939, 0],
              [-90.04146367246639, 48.05810926555123, 0],
              [-90.0413876130096, 48.05760318525009, 0],
              [-90.04137990276953, 48.05756910546842, 0],
              [-90.04127314248957, 48.05709688502225, 0],
              [-90.04115858213804, 48.05692731520337, 0],
              [-90.04103689275638, 48.05679826533768, 0],
              [-90.04084038269471, 48.05669122509458, 0],
              [-90.04069206185815, 48.05660311500359, 0],
              [-90.04064774257529, 48.05657678552122, 0],
              [-90.04055511189645, 48.05648674544665, 0],
              [-90.04039579208755, 48.05633180498661, 0],
              [-90.03991091203991, 48.05603546552771, 0],
              [-90.03885134107746, 48.05542405544319, 0],
              [-90.0384905210655, 48.05520646541395, 0],
              [-90.03823138136055, 48.05504889533969, 0],
              [-90.03798722106293, 48.05491320519158, 0],
              [-90.0377724509465, 48.0547938349616, 0],
              [-90.03728037090185, 48.05448548535531, 0],
              [-90.03679572082292, 48.05415811496884, 0],
              [-90.0362597203474, 48.05380927535171, 0],
              [-90.03581912005673, 48.05347123517276, 0],
              [-90.03541605048032, 48.05318787522987, 0],
              [-90.03525343026108, 48.05304782495495, 0],
              [-90.03504065979445, 48.05286459542954, 0],
              [-90.03469400980777, 48.05245909491039, 0],
              [-90.0344634095794, 48.05221884519403, 0],
              [-90.03412384909694, 48.05189898507884, 0],
              [-90.03383996889075, 48.05158400495248, 0],
              [-90.03346908954423, 48.05128440511695, 0],
              [-90.033193588823, 48.0510397651034, 0],
              [-90.03289972923231, 48.05081155475619, 0],
              [-90.03280202846203, 48.05073568478219, 0],
              [-90.03254408890628, 48.0504868248381, 0],
              [-90.03215578853147, 48.0501844448855, 0],
              [-90.03153621868337, 48.04977639511405, 0],
              [-90.03108178793059, 48.04951388507651, 0],
              [-90.03070038841378, 48.04932472489838, 0],
              [-90.0303804677984, 48.04914138484155, 0],
              [-90.0299890475746, 48.04897310516141, 0],
              [-90.02957994760767, 48.04878322477312, 0],
              [-90.02909639706665, 48.04856694525, 0],
              [-90.02883673723714, 48.0483936246779, 0],
              [-90.02860851754427, 48.04830670504566, 0],
              [-90.02848587684673, 48.04829558508239, 0],
              [-90.02827680743908, 48.04827957502145, 0],
              [-90.02766276672158, 48.0482462048979, 0],
              [-90.02753042691391, 48.04823620490632, 0],
              [-90.02721047665413, 48.04821202524059, 0],
              [-90.02676900679425, 48.04819162529025, 0],
              [-90.02648754664943, 48.04819329536014, 0],
              [-90.02609028647797, 48.04821002488078, 0],
              [-90.02566280608204, 48.04824842504949, 0],
              [-90.02531258619044, 48.04830232540063, 0],
              [-90.02500676643005, 48.04838436516388, 0],
              [-90.02467917599876, 48.04849287534578, 0],
              [-90.02435058574255, 48.04863727558895, 0],
              [-90.02404584575714, 48.04880036545939, 0],
              [-90.02377071604013, 48.04900031528987, 0],
              [-90.02376849540475, 48.04900245553991, 0],
              [-90.02356897598688, 48.0491947155687, 0],
              [-90.02351154579246, 48.04925002554201, 0],
              [-90.02326787597501, 48.04952246580772, 0],
              [-90.02303115552459, 48.04984469528115, 0],
              [-90.02288006608033, 48.05017120554347, 0],
              [-90.02273171559936, 48.05058722563424, 0],
              [-90.02263443613893, 48.0509058754891, 0],
              [-90.02257482573332, 48.05101798573384, 0],
              [-90.02251198588424, 48.05113614571395, 0],
              [-90.0224890554883, 48.05125706588838, 0],
              [-90.02251252577173, 48.05138810585913, 0],
              [-90.02251218620854, 48.05149614613399, 0],
              [-90.02246609544794, 48.05174233563824, 0],
              [-90.02239975576254, 48.05193057600061, 0],
              [-90.02232681615472, 48.05219659614585, 0],
              [-90.02223238615036, 48.05249085602445, 0],
              [-90.02218952573155, 48.05270344595753, 0],
              [-90.02217584618639, 48.05277130629765, 0],
              [-90.02209674593236, 48.05310520601868, 0],
              [-90.02201669615908, 48.05335625642763, 0],
              [-90.02190173605722, 48.0536033863749, 0],
              [-90.02184112582668, 48.05387188619424, 0],
              [-90.02181182637538, 48.05414202626891, 0],
              [-90.0218187865222, 48.05439865646593, 0],
              [-90.02181914584831, 48.05441191633752, 0],
              [-90.02186374630386, 48.05473669656095, 0],
              [-90.0218022359614, 48.05488811657657, 0],
              [-90.0216959365172, 48.0550293261165, 0],
              [-90.02156610570414, 48.05515645658274, 0],
              [-90.02129116642995, 48.0552977764692, 0],
              [-90.02099412590486, 48.05537108663044, 0],
              [-90.02078801554775, 48.05539720657384, 0],
              [-90.02050799540233, 48.05538521629597, 0],
              [-90.02030008571973, 48.05538452638504, 0],
              [-90.02003169606229, 48.05536413648124, 0],
              [-90.01969640527237, 48.05538240681536, 0],
              [-90.01954579552846, 48.05540060629055, 0],
              [-90.01933027531877, 48.05543588659437, 0],
              [-90.01917022517952, 48.05547670656682, 0],
              [-90.01894884525923, 48.05556098656082, 0],
              [-90.01883577521275, 48.05561785685009, 0],
              [-90.018727545289, 48.05567229649021, 0],
              [-90.01852617534165, 48.05578573654007, 0],
              [-90.01832294498334, 48.05592731649044, 0],
              [-90.01804865519112, 48.05609995663164, 0],
              [-90.01781967552351, 48.05621989664849, 0],
              [-90.01762147483248, 48.05633633705933, 0],
              [-90.01748453475226, 48.0564993070789, 0],
              [-90.01736207551441, 48.05673419720993, 0],
              [-90.01724017502868, 48.05702769683774, 0],
              [-90.0171596150123, 48.05739164706972, 0],
              [-90.0171257251699, 48.05764166727661, 0],
              [-90.01733122557093, 48.05765603708664, 0],
              [-90.01785844501455, 48.05762470725702, 0],
              [-90.01874836554234, 48.05762536711696, 0],
              [-90.01885772554671, 48.05761920682249, 0],
              [-90.01887590565143, 48.05762017709895, 0],
              [-90.01918551540399, 48.05763671682714, 0],
              [-90.01923864536316, 48.05764708665223, 0],
              [-90.01933052594875, 48.05771245715042, 0],
              [-90.01945213627863, 48.05776853671598, 0],
              [-90.01946261602474, 48.05778699712943, 0],
              [-90.01948444598446, 48.05782548682396, 0],
              [-90.01952244561929, 48.05792444672561, 0],
              [-90.01963552554726, 48.05796715723177, 0],
              [-90.01967435612373, 48.05806331713345, 0],
              [-90.01966164586077, 48.05809990691473, 0],
              [-90.01965114635172, 48.05813012689266, 0],
              [-90.01961265623675, 48.05818751670265, 0],
              [-90.01966582572179, 48.05826562723894, 0],
              [-90.01978832628214, 48.05828229704896, 0],
              [-90.01985359607404, 48.0582804772036, 0],
              [-90.01995642622462, 48.05827761684603, 0],
              [-90.02012249597458, 48.05826243665451, 0],
              [-90.02031475610663, 48.05824641708344, 0],
              [-90.02052034633918, 48.05833275675435, 0],
              [-90.02061955627916, 48.0584162971723, 0],
              [-90.02069614664028, 48.05844078666118, 0],
              [-90.02075714673965, 48.05847386678591, 0],
              [-90.02105451694646, 48.05854007680532, 0],
              [-90.02113847618787, 48.05859621671094, 0],
              [-90.02120019673609, 48.0587192568119, 0],
              [-90.02121488688593, 48.05882765695774, 0],
              [-90.02128362686979, 48.05895991689469, 0],
              [-90.02138417709617, 48.05904437671122, 0],
              [-90.02148164699945, 48.05911802676861, 0],
              [-90.02156594670232, 48.05922823688077, 0],
              [-90.02178722690964, 48.0594499070248, 0],
              [-90.02183261698431, 48.05949156677192, 0],
              [-90.02189366649102, 48.05959663729931, 0],
              [-90.02192429724558, 48.05970541684816, 0],
              [-90.02193176673717, 48.05986754706159, 0],
              [-90.02188606674372, 48.06001936685801, 0],
              [-90.02176812693006, 48.06021792705688, 0],
              [-90.02175856705881, 48.06023400725403, 0],
              [-90.02175641739034, 48.06037582713474, 0],
              [-90.02177215677243, 48.06046636713319, 0],
              [-90.02187072711192, 48.06060385700643, 0],
              [-90.02203885759715, 48.06072972731461, 0],
              [-90.02219936677547, 48.06085531693719, 0],
              [-90.02234434767581, 48.06104810727561, 0],
              [-90.02237766708802, 48.06112953716259, 0],
              [-90.02243553745693, 48.06127095712732, 0],
              [-90.02242781733538, 48.06137437719495, 0],
              [-90.02242843717292, 48.06150919718486, 0],
              [-90.02232366755965, 48.0618527272015, 0],
              [-90.02232095734244, 48.06186162707415, 0],
              [-90.02226069745485, 48.06195923739518, 0],
              [-90.02217588750888, 48.06207426717221, 0],
              [-90.02203182738172, 48.06225007763949, 0],
              [-90.02187838704636, 48.06246227726827, 0],
              [-90.02159564770056, 48.06276423751541, 0],
              [-90.02096296694091, 48.06337883775159, 0],
              [-90.02079148753631, 48.0634399378816, 0],
              [-90.02052819671644, 48.0635429873785, 0],
              [-90.02053021702751, 48.06354781779046, 0],
              [-90.02055100673815, 48.06359758793711, 0],
              [-90.02064274718653, 48.06363596762618, 0],
              [-90.02077994687988, 48.06365752793482, 0],
              [-90.02094025753053, 48.06367069777109, 0],
              [-90.02115408711089, 48.06365823754636, 0],
              [-90.02126839773078, 48.06362522739163, 0],
              [-90.02140524708115, 48.06356578744727, 0],
              [-90.02155779718608, 48.06340783771916, 0],
              [-90.0216727671694, 48.06323523769208, 0],
              [-90.02194707762287, 48.06308940751424, 0],
              [-90.02209277717544, 48.06307970758077, 0],
              [-90.02216102757747, 48.06316246764028, 0],
              [-90.02217593781455, 48.06325284724629, 0],
              [-90.02221398775502, 48.06333479775303, 0],
              [-90.02230609741102, 48.06339565719446, 0],
              [-90.02238200774747, 48.06350564742621, 0],
              [-90.02242835812118, 48.06361944723544, 0],
              [-90.02244310755982, 48.06375463776307, 0],
              [-90.02252746744985, 48.0638783373221, 0],
              [-90.02259613826342, 48.06401057767954, 0],
              [-90.02267247799459, 48.06421504785659, 0],
              [-90.02267209800722, 48.06432296756444, 0],
              [-90.0226265579139, 48.06444329785595, 0],
              [-90.02254654766648, 48.06449206757325, 0],
              [-90.02439517811325, 48.06449201774517, 0],
              [-90.02457740945349, 48.06810977801037, 0],
              [-90.02475963001393, 48.07172753849446, 0],
              [-90.02494182991309, 48.0753435387258, 0],
              [-90.02463094006126, 48.0753435387258, 0],
              [-90.02439898068184, 48.0758446189645, 0],
              [-90.02451561075182, 48.07638160908922, 0],
              [-90.02486153040817, 48.07687226945415, 0],
              [-90.02522197043277, 48.07725459943792, 0],
              [-90.02596296106623, 48.07847811935779, 0],
              [-90.0264109616782, 48.07896244954576, 0],
              [-90.03080653334776, 48.08114391915749, 0],
              [-90.03243772388507, 48.08257412933626, 0],
              [-90.03284291438386, 48.08310581916621, 0],
              [-90.03293618376487, 48.08349886952112, 0],
              [-90.0336213243405, 48.08366578931846, 0],
              [-90.03435202477237, 48.08422299947797, 0],
              [-90.03487755448494, 48.08458716969923, 0],
              [-90.03552343508939, 48.08544276931055, 0],
              [-90.03594826545525, 48.08575854983293, 0],
              [-90.03655390602653, 48.0862584094779, 0],
              [-90.03742254636356, 48.08697536988124, 0],
              [-90.03824774597008, 48.08720131966576, 0],
              [-90.03967599720322, 48.08788553936047, 0],
              [-90.04029222711509, 48.08836609961174, 0],
              [-90.04110614747489, 48.08872278960705, 0],
              [-90.04181139773647, 48.08890603971587, 0],
              [-90.04247464816524, 48.08924872981032, 0],
              [-90.04305181843024, 48.08963003954485, 0],
              [-90.04335436832298, 48.09014361986452, 0],
              [-90.04429881838514, 48.09037844947123, 0],
              [-90.04474718910302, 48.09052383990112, 0],
              [-90.04509788869498, 48.09061392964229, 0],
              [-90.04529249881985, 48.0906426196464, 0],
              [-90.04540977927006, 48.09068128938319, 0],
              [-90.04552185937312, 48.09080253969466, 0],
              [-90.04558090923, 48.09111136958831, 0],
              [-90.04582812918946, 48.09127744984598, 0],
              [-90.04631241904396, 48.09142886977794, 0],
              [-90.04669073913598, 48.09137833931445, 0],
              [-90.04671961997236, 48.0913744793548, 0],
              [-90.0474973193616, 48.09145636948005, 0],
              [-90.048168270149, 48.09151506978341, 0],
              [-90.04829151990428, 48.09159328934857, 0],
              [-90.04842691039066, 48.0916677394603, 0],
              [-90.04864358044392, 48.09164078949115, 0],
              [-90.04887216036123, 48.09164390960409, 0],
              [-90.04949211019668, 48.09203134935571, 0],
              [-90.04982627090597, 48.09216591923223, 0],
              [-90.05015977045518, 48.09230032975294, 0],
              [-90.05037843117513, 48.09243179926109, 0],
              [-90.05180078137518, 48.09320309935204, 0],
              [-90.05299756191245, 48.09391143941175, 0],
              [-90.05598950337415, 48.09548116979803, 0],
              [-90.05746974370608, 48.0962920196169, 0],
              [-90.06643435711644, 48.09842064930645, 0],
              [-90.07410195956338, 48.10117868914036, 0],
              [-90.0887429041849, 48.10400924840923, 0],
              [-90.09164210537328, 48.10454713826611, 0],
              [-90.11028857137137, 48.1042077468589, 0],
              [-90.11602594310608, 48.10408571652459, 0],
              [-90.12057310458151, 48.10519198608358, 0],
              [-90.12242706473288, 48.10562305645679, 0],
              [-90.1234443052825, 48.10716854662973, 0],
              [-90.12511344604732, 48.10749686649677, 0],
              [-90.12572411628588, 48.10805336618136, 0],
              [-90.1271710264258, 48.10810549619841, 0],
              [-90.12834691753947, 48.10875570616862, 0],
              [-90.12900687743935, 48.10928158602695, 0],
              [-90.1289618772335, 48.10966249648411, 0],
              [-90.12979064764328, 48.11014483617647, 0],
              [-90.13103307876666, 48.11052494609827, 0],
              [-90.13257421858663, 48.11158543614011, 0],
              [-90.1356158000526, 48.11224819629055, 0],
              [-90.13843869115426, 48.11235041570686, 0],
              [-90.1407759116908, 48.11249337608226, 0],
              [-90.14173723211401, 48.11247049573139, 0],
              [-90.14270617204745, 48.11248194550456, 0],
              [-90.14320209238993, 48.11249720566708, 0],
              [-90.14351610209076, 48.11249612546631, 0],
              [-90.14403574244832, 48.11256820557842, 0]
            ]
          ],
          [
            [
              [-92.17027032897619, 48.0672962326949, 0],
              [-92.17026584907785, 48.07094023325627, 0],
              [-92.17026136019638, 48.0745842236922, 0],
              [-92.1702568407722, 48.07822821415669, 0],
              [-92.1702395212535, 48.08186712444938, 0],
              [-92.17022217119211, 48.08550603478714, 0],
              [-92.17020485257176, 48.08914494511887, 0],
              [-92.17018750251036, 48.09278382599306, 0],
              [-92.17016898374077, 48.09641934635387, 0],
              [-92.17015044430994, 48.10005484663758, 0],
              [-92.17013192464204, 48.10369033759535, 0],
              [-92.17011338521122, 48.10732582757578, 0],
              [-92.17012411558727, 48.11096018831142, 0],
              [-92.17013485674312, 48.11459450854404, 0],
              [-92.17014558711921, 48.11822886919231, 0],
              [-92.17015632737673, 48.12186321982452, 0],
              [-92.17557529934383, 48.12189741953646, 0],
              [-92.18099430095533, 48.1219316192256, 0],
              [-92.18640586271964, 48.1219484585059, 0],
              [-92.1908879035235, 48.12194894843471, 0],
              [-92.19089014392182, 48.1217038383484, 0],
              [-92.19568377526343, 48.12168949781718, 0],
              [-92.20108469648322, 48.12167127740911, 0],
              [-92.20648261822826, 48.1216345871102, 0],
              [-92.21188055973623, 48.12159786680152, 0],
              [-92.21728761195781, 48.12156417601206, 0],
              [-92.22269467316255, 48.12153048580023, 0],
              [-92.22591986398443, 48.12151573564394, 0],
              [-92.226665544722, 48.12151227553023, 0],
              [-92.22810556478368, 48.12149335524053, 0],
              [-92.23351644652332, 48.12142222493954, 0],
              [-92.23352952599386, 48.11780364443818, 0],
              [-92.2335426054644, 48.11418507414582, 0],
              [-92.23355568493494, 48.11056650331859, 0],
              [-92.23356876440548, 48.106947923009, 0],
              [-92.23355144309015, 48.10332654259867, 0],
              [-92.23353413255465, 48.09970519200485, 0],
              [-92.23351682201913, 48.09608381188715, 0],
              [-92.23349951148359, 48.09246246109098, 0],
              [-92.23351345064185, 48.08883989035962, 0],
              [-92.23352739069844, 48.08521733988556, 0],
              [-92.2335413298567, 48.08159476951422, 0],
              [-92.23355528967622, 48.0779722189037, 0],
              [-92.23358300899093, 48.07434797867217, 0],
              [-92.23361069776294, 48.07072376827448, 0],
              [-92.23363841707766, 48.06709952773655, 0],
              [-92.23366612651091, 48.06347531713749, 0],
              [-92.23487940730332, 48.06347408701972, 0],
              [-92.23533888748632, 48.0634736169454, 0],
              [-92.23905705846472, 48.06342662690383, 0],
              [-92.24033817912908, 48.06341042703333, 0],
              [-92.24444800030003, 48.06335849664046, 0],
              [-92.24579692041212, 48.06334660607401, 0],
              [-92.24576939962508, 48.05959869605557, 0],
              [-92.24574315893732, 48.05593959545286, 0],
              [-92.24569008826695, 48.05223954499078, 0],
              [-92.24563697807073, 48.04853950429119, 0],
              [-92.2455511072144, 48.04477946405748, 0],
              [-92.2454651968322, 48.04101941359509, 0],
              [-92.24537928645002, 48.03725937277969, 0],
              [-92.24529340571222, 48.03349932244721, 0],
              [-92.25074066742424, 48.03351841208363, 0],
              [-92.25618832888655, 48.03353751132425, 0],
              [-92.26163600023034, 48.03355660094651, 0],
              [-92.26708370211688, 48.03357566052681, 0],
              [-92.27255760336864, 48.03361440018774, 0],
              [-92.27803152528166, 48.03365310017351, 0],
              [-92.28350544719468, 48.03369179952951, 0],
              [-92.28897933856499, 48.0337305090683, 0],
              [-92.29446282034927, 48.03372804861274, 0],
              [-92.29994630213355, 48.0337256085808, 0],
              [-92.30538558321258, 48.03371539792887, 0],
              [-92.30998337463575, 48.03370622768288, 0],
              [-92.30988437400323, 48.03004854739055, 0],
              [-92.30978536348923, 48.0263908664143, 0],
              [-92.30968639250112, 48.02273315596607, 0],
              [-92.30958739186862, 48.0190754755773, 0],
              [-92.3149813134157, 48.01911998545317, 0],
              [-92.32037521519985, 48.01916446464634, 0],
              [-92.32145091541324, 48.01935759493117, 0],
              [-92.32208571619695, 48.0191689945819, 0],
              [-92.3223500158249, 48.01916906488331, 0],
              [-92.32278892638452, 48.01968583484044, 0],
              [-92.32355521627133, 48.01984792461028, 0],
              [-92.32454567714403, 48.01916884436515, 0],
              [-92.32603093726175, 48.01916220478581, 0],
              [-92.32678708696564, 48.01916777422124, 0],
              [-92.32720787760766, 48.01961027473097, 0],
              [-92.32810496758972, 48.02018597456274, 0],
              [-92.32888431808246, 48.02043534441421, 0],
              [-92.33063427847674, 48.01965069408266, 0],
              [-92.3314045092727, 48.01974312388602, 0],
              [-92.33251353877975, 48.01916423391346, 0],
              [-92.33683309051838, 48.01908025367909, 0],
              [-92.34199841148691, 48.01897959318504, 0],
              [-92.34739186321511, 48.0188602526367, 0],
              [-92.35278531494329, 48.01874087215457, 0],
              [-92.35817282701082, 48.0188241619402, 0],
              [-92.36356033818004, 48.01890742154779, 0],
              [-92.36894781970486, 48.01899068102093, 0],
              [-92.37433533177237, 48.0190739409605, 0],
              [-92.37432847133856, 48.01543674016527, 0],
              [-92.3743216100064, 48.01179953998738, 0],
              [-92.37431475945404, 48.00816233927588, 0],
              [-92.37430792956295, 48.00452513868251, 0],
              [-92.37424303886009, 48.00090904818006, 0],
              [-92.3741784176518, 47.99729305824714, 0],
              [-92.37411391771609, 47.99367710763622, 0],
              [-92.37404939711912, 47.99006115732704, 0],
              [-92.37405545625572, 47.98644986644143, 0],
              [-92.37406154593502, 47.98283858623052, 0],
              [-92.3740676050716, 47.97922729569961, 0],
              [-92.3740737046324, 47.97561601534299, 0],
              [-92.37402447336157, 47.97180131452385, 0],
              [-92.37397983338016, 47.96816897427705, 0],
              [-92.37389062258761, 47.9645225235197, 0],
              [-92.37380137137087, 47.96087610286455, 0],
              [-92.37381741079025, 47.95723126266245, 0],
              [-92.37383345020964, 47.95358642221315, 0],
              [-92.37384948962907, 47.94994158156761, 0],
              [-92.37386549940405, 47.94629674137853, 0],
              [-92.37386875849191, 47.94266193059718, 0],
              [-92.37387198793535, 47.93902711998135, 0],
              [-92.37387522726027, 47.93539230958174, 0],
              [-92.37387848724643, 47.93175749944884, 0],
              [-92.37388185682705, 47.92811070887195, 0],
              [-92.37388525605209, 47.92446395851224, 0],
              [-92.37388865527713, 47.9208171677596, 0],
              [-92.37389202485777, 47.91717041733182, 0],
              [-92.3684945432872, 47.91711619746066, 0],
              [-92.3630970410554, 47.91706200823758, 0],
              [-92.35769952984045, 47.91700782859062, 0],
              [-92.35230205815137, 47.91695360915115, 0],
              [-92.34954694763285, 47.916958438854, 0],
              [-92.34824659673322, 47.9179954894007, 0],
              [-92.34692696708925, 47.91813123955705, 0],
              [-92.34439520649646, 47.91839167992057, 0],
              [-92.34233311477863, 47.91696703984204, 0],
              [-92.34155550522091, 47.91696383990863, 0],
              [-92.33618999379301, 47.91699737026437, 0],
              [-92.33082448146679, 47.91703090059843, 0],
              [-92.32796670069781, 47.91703605058803, 0],
              [-92.32544807976268, 47.91704054072346, 0],
              [-92.32007165829567, 47.91705021155159, 0],
              [-92.31469525659156, 47.91705988177583, 0],
              [-92.30929185512329, 47.91708427226246, 0],
              [-92.30448718348683, 47.91706561274653, 0],
              [-92.29908679227306, 47.91704104283837, 0],
              [-92.29366864046781, 47.91698332307512, 0],
              [-92.29366124014652, 47.91332776283292, 0],
              [-92.29365383982521, 47.90967203224331, 0],
              [-92.2936464691483, 47.90603981161885, 0],
              [-92.29363908858993, 47.90240744147643, 0],
              [-92.28819762640137, 47.90231649195025, 0],
              [-92.28277233478626, 47.90221720199992, 0],
              [-92.27734707371386, 47.90211788234985, 0],
              [-92.27192178209874, 47.9020185926208, 0],
              [-92.26649649048363, 47.90191928342988, 0],
              [-92.26114853842458, 47.90185935346712, 0],
              [-92.25580054683967, 47.90179945414891, 0],
              [-92.25045395572828, 47.90173955415916, 0],
              [-92.24510762333168, 47.90167959508106, 0],
              [-92.23984668209104, 47.90161060540937, 0],
              [-92.23458576061336, 47.90154158553392, 0],
              [-92.22932481937272, 47.90147260591631, 0],
              [-92.22406389699674, 47.901403616571, 0],
              [-92.2186018355404, 47.90135484670041, 0],
              [-92.213139793847, 47.90130607738608, 0],
              [-92.20767915262714, 47.90125730742358, 0],
              [-92.20221848086454, 47.90120856812943, 0],
              [-92.19680636933128, 47.9013749482204, 0],
              [-92.1913942272553, 47.90154132898112, 0],
              [-92.18598208607762, 47.90170773931883, 0],
              [-92.18056995478142, 47.90187412985016, 0],
              [-92.17483387302744, 47.90158635999495, 0],
              [-92.1694657313324, 47.9012982500815, 0],
              [-92.16413645973967, 47.90081357038088, 0],
              [-92.15880716748572, 47.90032888072222, 0],
              [-92.15346502572993, 47.90020017116623, 0],
              [-92.14812291451686, 47.90007147152853, 0],
              [-92.14278077276107, 47.8999427619348, 0],
              [-92.13743863100527, 47.89981408273619, 0],
              [-92.13207319952744, 47.89988272308466, 0],
              [-92.12670778781252, 47.89995139345484, 0],
              [-92.12134235633467, 47.90002003362122, 0],
              [-92.11597692485681, 47.90008869417318, 0],
              [-92.11062678360344, 47.90022508452489, 0],
              [-92.10527665133318, 47.90036147511954, 0],
              [-92.09992651996126, 47.90049786535482, 0],
              [-92.09457637870787, 47.90063424559482, 0],
              [-92.08923276730827, 47.90083449598192, 0],
              [-92.08388915501037, 47.90103473656075, 0],
              [-92.07854552384784, 47.90123497696732, 0],
              [-92.07320191244824, 47.90143522743958, 0],
              [-92.06783510115811, 47.90167771791472, 0],
              [-92.06246829885114, 47.90192017834683, 0],
              [-92.05708240734438, 47.90206620859478, 0],
              [-92.05493044726721, 47.90212451892228, 0],
              [-92.05446019718228, 47.90244787916154, 0],
              [-92.05523644758895, 47.90318793916709, 0],
              [-92.05605922713409, 47.90287968906164, 0],
              [-92.05607247728453, 47.90360375897072, 0],
              [-92.05707662758384, 47.9039110990422, 0],
              [-92.05729820782847, 47.9039789288061, 0],
              [-92.05707614788349, 47.90406338903804, 0],
              [-92.05589359755864, 47.90451311904003, 0],
              [-92.05570419766245, 47.90464160890939, 0],
              [-92.05637256759003, 47.90494657919581, 0],
              [-92.05321471717681, 47.90538262936221, 0],
              [-92.05226035690043, 47.90560197969096, 0],
              [-92.05198017685491, 47.90578884953509, 0],
              [-92.05168729642786, 47.90598419987685, 0],
              [-92.05169225692487, 47.90942152011121, 0],
              [-92.05170358737554, 47.91304000065751, 0],
              [-92.05171491872454, 47.91665850092785, 0],
              [-92.05179234901047, 47.92023139145373, 0],
              [-92.0518697694149, 47.92380429228737, 0],
              [-92.05194718981936, 47.92737719254389, 0],
              [-92.05202461112212, 47.93095011324162, 0],
              [-92.04783139934335, 47.93099825333077, 0],
              [-92.0424127175321, 47.93108314375857, 0],
              [-92.0369608564458, 47.93126745383844, 0],
              [-92.0315089746983, 47.93145178432755, 0],
              [-92.03148434558814, 47.93512383530835, 0],
              [-92.03145968593527, 47.93879592583087, 0],
              [-92.03143503616388, 47.9424679758004, 0],
              [-92.03141037740933, 47.94614006640532, 0],
              [-92.0316685774765, 47.94951442667485, 0],
              [-92.03192674879759, 47.95288877721277, 0],
              [-92.03218493898328, 47.95626313783318, 0],
              [-92.03244310940606, 47.95963749826716, 0],
              [-92.02709527772126, 47.95989324862465, 0],
              [-92.02174744693477, 47.96014895921657, 0],
              [-92.01814564551489, 47.96019797926206, 0],
              [-92.01638320482635, 47.96018944922768, 0],
              [-92.01625351504877, 47.96018879954939, 0],
              [-92.01101900314212, 47.96025911995677, 0],
              [-92.01102583393154, 47.9625982900157, 0],
              [-92.01102927358077, 47.96386332020005, 0],
              [-92.0110303039484, 47.96424169039656, 0],
              [-92.01109244490819, 47.96746750114596, 0],
              [-92.01117008539987, 47.97107012129115, 0],
              [-92.01124015578866, 47.97449336179582, 0],
              [-92.01130344659201, 47.97825116248266, 0],
              [-92.01136673739535, 47.98200897288995, 0],
              [-92.01143342742373, 47.98572466353084, 0],
              [-92.01150013811335, 47.98944033380341, 0],
              [-92.0060589166733, 47.98937543399189, 0],
              [-92.00061718499016, 47.98931259446181, 0],
              [-91.99517110366445, 47.9893298547336, 0],
              [-91.98972447167142, 47.98935100545759, 0],
              [-91.98470239066822, 47.98972775563507, 0],
              [-91.98040390891457, 47.99005023641812, 0],
              [-91.97987737847878, 47.9898059363136, 0],
              [-91.97951524872312, 47.98963791615615, 0],
              [-91.97465828705228, 47.98979993684846, 0],
              [-91.96963621593055, 47.98996747671514, 0],
              [-91.96970797605039, 47.99361931771645, 0],
              [-91.96977972718707, 47.9972711581735, 0],
              [-91.9692073772819, 47.99726780812021, 0],
              [-91.96842026624341, 47.99726316805866, 0],
              [-91.96406256574961, 47.99723751817061, 0],
              [-91.96393468607735, 48.00081681903579, 0],
              [-91.95838374440851, 48.00077751916032, 0],
              [-91.95837028495059, 48.00430775978087, 0],
              [-91.95297708295405, 48.00422241021901, 0],
              [-91.94749786187917, 48.00426069050939, 0],
              [-91.94722797203521, 48.00795551119113, 0],
              [-91.94695808219126, 48.01165030156774, 0],
              [-91.94672408273784, 48.0153164221454, 0],
              [-91.94650880327663, 48.01897943275302, 0],
              [-91.9466345440602, 48.02256798281015, 0],
              [-91.94676027496232, 48.02615653359518, 0],
              [-91.94683715547929, 48.02974736428028, 0],
              [-91.94691755649384, 48.03333899421104, 0],
              [-91.95274925762159, 48.03336081409503, 0],
              [-91.95858099917355, 48.03338263336907, 0],
              [-91.9644127011996, 48.03340445323457, 0],
              [-91.97024441310714, 48.03342627249017, 0],
              [-91.97550560497774, 48.0333933823151, 0],
              [-91.98076679595, 48.03336049211907, 0],
              [-91.98602797793913, 48.03332763133637, 0],
              [-91.99128916980972, 48.03329474109836, 0],
              [-91.99648883067661, 48.03322699085422, 0],
              [-92.0016884026103, 48.03315921048579, 0],
              [-92.00688785416972, 48.03309141981624, 0],
              [-92.01208731561063, 48.03302358941095, 0],
              [-92.01210344575986, 48.03681009034515, 0],
              [-92.0121196172316, 48.04059656047711, 0],
              [-92.01213577702525, 48.044383030986, 0],
              [-92.0121519377172, 48.04816950181421, 0],
              [-92.01215245874008, 48.05199758226983, 0],
              [-92.0121529896444, 48.05582566278115, 0],
              [-92.01215318008724, 48.05954891303655, 0],
              [-92.01215361038027, 48.06473022368464, 0],
              [-92.0168538025593, 48.06475902357956, 0],
              [-92.01686684250396, 48.06657619394198, 0],
              [-92.0178418828965, 48.06508495360391, 0],
              [-92.01918477261809, 48.06499503346753, 0],
              [-92.02100316397578, 48.06533914355153, 0],
              [-92.02039568365478, 48.06557457326607, 0],
              [-92.02041927341415, 48.06664183344849, 0],
              [-92.01992855341885, 48.0677818135138, 0],
              [-92.01977579400646, 48.06813669348625, 0],
              [-92.02101309395293, 48.06996579391237, 0],
              [-92.01995521451815, 48.07040141374733, 0],
              [-92.0188462137572, 48.07140168414902, 0],
              [-92.01871563374918, 48.07151948401732, 0],
              [-92.01750484308673, 48.0715838542812, 0],
              [-92.01688571341313, 48.07236716463554, 0],
              [-92.01545745319682, 48.07394464491693, 0],
              [-92.015990153262, 48.07499758504394, 0],
              [-92.01655849398605, 48.07612090506031, 0],
              [-92.01434497326078, 48.07635220529451, 0],
              [-92.0123136434515, 48.07824755549634, 0],
              [-92.01242707282412, 48.07861980554761, 0],
              [-92.01690299430427, 48.07862726510537, 0],
              [-92.02219902643483, 48.07871224481047, 0],
              [-92.02749505766708, 48.07879721477247, 0],
              [-92.03279108889934, 48.0788822242054, 0],
              [-92.03808712102992, 48.07896719388666, 0],
              [-92.04345738274905, 48.07901478371282, 0],
              [-92.0488276345867, 48.07906240290319, 0],
              [-92.05421245619996, 48.07908616236781, 0],
              [-92.06129827822788, 48.07914047216069, 0],
              [-92.06135125727006, 48.07573730141507, 0],
              [-92.06135480741209, 48.0755094514244, 0],
              [-92.06140733639833, 48.07213527144825, 0],
              [-92.06141289696993, 48.07190375117291, 0],
              [-92.06138190599094, 48.06854844082418, 0],
              [-92.06138073638444, 48.06842137044006, 0],
              [-92.06134878600473, 48.06496160994038, 0],
              [-92.06563163707243, 48.06489139975116, 0],
              [-92.06697005767549, 48.06486122996787, 0],
              [-92.07045178847787, 48.06478277944345, 0],
              [-92.07259132934625, 48.06473451908619, 0],
              [-92.07624487013324, 48.06467985909956, 0],
              [-92.07792668073681, 48.0646444788706, 0],
              [-92.08110395182814, 48.06457764874911, 0],
              [-92.08326203212737, 48.06453220858739, 0],
              [-92.08681760354779, 48.06445873857305, 0],
              [-92.088765354103, 48.06441118811347, 0],
              [-92.09172620487271, 48.06433895762894, 0],
              [-92.09426870572307, 48.0642768680035, 0],
              [-92.09735982658202, 48.0642143376524, 0],
              [-92.09978666664456, 48.06415204736228, 0],
              [-92.10240450740115, 48.06408488701302, 0],
              [-92.10530463834586, 48.06401041678734, 0],
              [-92.10806347956776, 48.06400110665075, 0],
              [-92.1104015400291, 48.06397555659687, 0],
              [-92.1131622811878, 48.06394540608812, 0],
              [-92.11549842194937, 48.06391984580067, 0],
              [-92.11878043300959, 48.06390603606008, 0],
              [-92.12108796332767, 48.06389171542178, 0],
              [-92.12391311369225, 48.06387418533178, 0],
              [-92.12667748494303, 48.06385697522012, 0],
              [-92.12946507584728, 48.06385027475963, 0],
              [-92.13210694653772, 48.06382653467469, 0],
              [-92.13464237764676, 48.06380379475605, 0],
              [-92.13753640813238, 48.06377777453267, 0],
              [-92.14014807925957, 48.0637720640338, 0],
              [-92.14306242963693, 48.06375847398054, 0],
              [-92.14538752022219, 48.06374766413133, 0],
              [-92.14858844126002, 48.06373270347876, 0],
              [-92.15085798182474, 48.06372999351098, 0],
              [-92.15406118278676, 48.06370602343743, 0],
              [-92.1561390435311, 48.06369051285418, 0],
              [-92.15953392431351, 48.06366509292163, 0],
              [-92.16156812513842, 48.06366312257917, 0],
              [-92.16490438635694, 48.06365895256101, 0],
              [-92.16689735720526, 48.06365649233418, 0],
              [-92.17027484840037, 48.06365224186884, 0],
              [-92.17027032897619, 48.0672962326949, 0]
            ]
          ],
          [
            [
              [-92.08596749096348, 48.35394267690097, 0],
              [-92.09089630258569, 48.35447299630796, 0],
              [-92.09193029312213, 48.35451246653756, 0],
              [-92.09230696300897, 48.35452684642048, 0],
              [-92.09279610286768, 48.3545455064153, 0],
              [-92.10162370612923, 48.35478979597303, 0],
              [-92.10874987778477, 48.35495012498387, 0],
              [-92.12514622299796, 48.35549588382217, 0],
              [-92.14385428917, 48.35597683282882, 0],
              [-92.14480025109678, 48.36568524403238, 0],
              [-92.14492233034727, 48.36568143395077, 0],
              [-92.16193667515338, 48.36332804234249, 0],
              [-92.1774480091318, 48.35714085056655, 0],
              [-92.17915709887559, 48.35485588012292, 0],
              [-92.17856201889877, 48.35175451931602, 0],
              [-92.19286781196926, 48.34868772804605, 0],
              [-92.19458450235868, 48.34871064809866, 0],
              [-92.19513382305324, 48.35040819826632, 0],
              [-92.20393852646156, 48.35178925759958, 0],
              [-92.20734905679453, 48.34817678688312, 0],
              [-92.20773054614286, 48.3478143971672, 0],
              [-92.20677683624675, 48.34734517682813, 0],
              [-92.20651743603037, 48.34712010714805, 0],
              [-92.20676159632795, 48.34562093669862, 0],
              [-92.21697019854038, 48.34496496597864, 0],
              [-92.21974294029299, 48.3480672761377, 0],
              [-92.22115125072347, 48.3486424061206, 0],
              [-92.22165481123744, 48.34884077596327, 0],
              [-92.22173111054441, 48.34885222610573, 0],
              [-92.2235851317812, 48.34915742617012, 0],
              [-92.25015182984033, 48.35304502438022, 0],
              [-92.25534007222166, 48.35384618442813, 0],
              [-92.2625807143972, 48.35490295392426, 0],
              [-92.26853197589939, 48.35215263271493, 0],
              [-92.27289622690824, 48.35016142209465, 0],
              [-92.28088465816734, 48.34647653121831, 0],
              [-92.2816247486889, 48.34615229142113, 0],
              [-92.28883493977295, 48.34277637033146, 0],
              [-92.28895701992177, 48.34258182989252, 0],
              [-92.28968187950765, 48.34041126983529, 0],
              [-92.29089505968875, 48.33706960932414, 0],
              [-92.29494663858826, 48.32541573766282, 0],
              [-92.29547311871839, 48.32382119715297, 0],
              [-92.2984868901398, 48.32350843692935, 0],
              [-92.30451444106748, 48.32279134647212, 0],
              [-92.30452970164754, 48.32258535616008, 0],
              [-92.30617783081783, 48.31628729532817, 0],
              [-92.3008294080416, 48.31160658524905, 0],
              [-92.29462646554627, 48.30624685484318, 0],
              [-92.29988359523513, 48.29246439254975, 0],
              [-92.30149354510755, 48.28844371232196, 0],
              [-92.3013638445502, 48.28816905181231, 0],
              [-92.29833488261733, 48.2827330614326, 0],
              [-92.29575607096488, 48.27822787094889, 0],
              [-92.29557297095378, 48.27749163110799, 0],
              [-92.29524489094067, 48.27720552080188, 0],
              [-92.29536697108946, 48.27706438117342, 0],
              [-92.29545090068646, 48.27691560114388, 0],
              [-92.29541275103297, 48.2767744607145, 0],
              [-92.29538224065269, 48.27637010115301, 0],
              [-92.29523727053213, 48.27628618082584, 0],
              [-92.29385631020877, 48.27391341040634, 0],
              [-92.29462695961966, 48.27123169019595, 0],
              [-92.29152930800859, 48.26694392021453, 0],
              [-92.2904382672651, 48.26533410965373, 0],
              [-92.29021700771904, 48.26507469993921, 0],
              [-92.289522697141, 48.26468941009787, 0],
              [-92.28762288607923, 48.26370519993605, 0],
              [-92.27488880159952, 48.25719716994961, 0],
              [-92.27364514068252, 48.2565295797397, 0],
              [-92.27248543990522, 48.25406526964152, 0],
              [-92.27130791924765, 48.2516616992058, 0],
              [-92.2709137393993, 48.2508570895855, 0],
              [-92.2704025485953, 48.2499110391319, 0],
              [-92.2696318982861, 48.24818681907624, 0],
              [-92.28041275069072, 48.24435705798983, 0],
              [-92.28624193294242, 48.24371626723795, 0],
              [-92.29956358658484, 48.24220200611919, 0],
              [-92.31216804955895, 48.24080600523757, 0],
              [-92.31407550079221, 48.24058477486648, 0],
              [-92.31493004027422, 48.24046271446443, 0],
              [-92.31584561129664, 48.24008126440781, 0],
              [-92.31744023141871, 48.23936794435568, 0],
              [-92.31866100146566, 48.23881865419597, 0],
              [-92.32008013210373, 48.23815111421791, 0],
              [-92.32117145222327, 48.23766657394685, 0],
              [-92.32292174229927, 48.2375246735543, 0],
              [-92.3248444729772, 48.23750563329017, 0],
              [-92.32501996335952, 48.2373301637263, 0],
              [-92.3255148129102, 48.23707928340406, 0],
              [-92.32622912357972, 48.23718678334983, 0],
              [-92.32643149335199, 48.23725389344313, 0],
              [-92.32665182404004, 48.23705622343993, 0],
              [-92.32698847398098, 48.2367541830807, 0],
              [-92.32758360336513, 48.23627736302329, 0],
              [-92.32804902410709, 48.23618582290511, 0],
              [-92.3286594140713, 48.23543817312601, 0],
              [-92.3292698040355, 48.23537714280499, 0],
              [-92.32959789393007, 48.23530086302858, 0],
              [-92.33020828479259, 48.23514447312561, 0],
              [-92.3309331147341, 48.23471343283966, 0],
              [-92.3315053550448, 48.23432053287507, 0],
              [-92.3327414045364, 48.23422137278009, 0],
              [-92.33310763510133, 48.23426715239561, 0],
              [-92.33339757534243, 48.23434345226217, 0],
              [-92.33371040555528, 48.23447697256634, 0],
              [-92.33379433515228, 48.23453419245543, 0],
              [-92.33386300506756, 48.23500339265353, 0],
              [-92.33416057559867, 48.23522464237453, 0],
              [-92.33451154558355, 48.23544208269242, 0],
              [-92.33525927627659, 48.23582737276651, 0],
              [-92.33554158622768, 48.23599522229775, 0],
              [-92.33564077640472, 48.23607914236938, 0],
              [-92.3357628565535, 48.23608296273501, 0],
              [-92.33593834603752, 48.23606007224887, 0],
              [-92.33607568586807, 48.23598378272052, 0],
              [-92.33651058634823, 48.23541541219168, 0],
              [-92.33743379664384, 48.23537728221882, 0],
              [-92.33786107671546, 48.23541162229169, 0],
              [-92.33813574649504, 48.2354040024019, 0],
              [-92.3398753672804, 48.23437789175735, 0],
              [-92.34084847719339, 48.23374928190555, 0],
              [-92.34090951771697, 48.23363484210292, 0],
              [-92.34160362707237, 48.23297065178323, 0],
              [-92.34170280736795, 48.23253196149769, 0],
              [-92.34178673696495, 48.23239082176326, 0],
              [-92.34193932749405, 48.23229928187217, 0],
              [-92.34224452741688, 48.23223062146092, 0],
              [-92.34330508742445, 48.23240991180111, 0],
              [-92.34376288775786, 48.23251673163008, 0],
              [-92.34403756831725, 48.23256250140163, 0],
              [-92.34432749777855, 48.23258158120302, 0],
              [-92.3473565693059, 48.23201704142046, 0],
              [-92.3482187489594, 48.23198272120951, 0],
              [-92.3487375790366, 48.23192169095551, 0],
              [-92.34953871996315, 48.2317958209131, 0],
              [-92.3497676196807, 48.23171953101045, 0],
              [-92.35170561004037, 48.23114354045945, 0],
              [-92.35202605976346, 48.23102910081301, 0],
              [-92.35324684059017, 48.230754460774, 0],
              [-92.35381908090089, 48.23058662037995, 0],
              [-92.35404797073699, 48.2300411303606, 0],
              [-92.35429975054481, 48.22966730054033, 0],
              [-92.35463545096648, 48.22925533046223, 0],
              [-92.35481094045049, 48.22907986013083, 0],
              [-92.35520769037888, 48.2288662400109, 0],
              [-92.35584860060486, 48.22859160033261, 0],
              [-92.35689388116778, 48.2279507497347, 0],
              [-92.35732878164796, 48.22772569006086, 0],
              [-92.3580459911809, 48.22740908973485, 0],
              [-92.35897683176651, 48.22694370976809, 0],
              [-92.36027390201873, 48.2262265793428, 0],
              [-92.36054095228809, 48.22607398940141, 0],
              [-92.36060962220336, 48.22601295928193, 0],
              [-92.36132681197337, 48.22525385892301, 0],
              [-92.36169303175849, 48.22445278915821, 0],
              [-92.36184562228762, 48.22397214930088, 0],
              [-92.36194481156635, 48.22374327897327, 0],
              [-92.36234155161326, 48.22338470875432, 0],
              [-92.36257045222912, 48.22322830876533, 0],
              [-92.36316558251157, 48.22325882908526, 0],
              [-92.36377598235724, 48.22332749854158, 0],
              [-92.36401251236482, 48.22337708886899, 0],
              [-92.3644169024647, 48.22356019861218, 0],
              [-92.365370652785, 48.2240446588144, 0],
              [-92.36655329383969, 48.22438416849077, 0],
              [-92.36794194374187, 48.22455202862844, 0],
              [-92.36837685410352, 48.22455584865777, 0],
              [-92.3689796137777, 48.22422397843316, 0],
              [-92.36799534409393, 48.22365177867351, 0],
              [-92.36734678381498, 48.22301854840303, 0],
              [-92.36717129343268, 48.22279348858596, 0],
              [-92.36734501323556, 48.2225588183832, 0],
              [-92.36760618313306, 48.2222060381033, 0],
              [-92.36826392329588, 48.22171796828769, 0],
              [-92.3702305043361, 48.22168564794967, 0],
              [-92.37030718452876, 48.22231286786024, 0],
              [-92.37049702459943, 48.22254970812818, 0],
              [-92.37091758437442, 48.22287362810935, 0],
              [-92.37110834431994, 48.22331230842698, 0],
              [-92.37107020454793, 48.22367087855469, 0],
              [-92.37111599437291, 48.22432317824944, 0],
              [-92.37174928508865, 48.22455206812741, 0],
              [-92.37224522519406, 48.22431937855077, 0],
              [-92.3729527949057, 48.22404489820448, 0],
              [-92.37350408560567, 48.22496459852548, 0],
              [-92.3743815357207, 48.22557875822309, 0],
              [-92.3751597866755, 48.22594115813299, 0],
              [-92.37560994683743, 48.22656294826565, 0],
              [-92.37563284669065, 48.2266544984182, 0],
              [-92.37564047608237, 48.22673078809212, 0],
              [-92.37550314703164, 48.22745556843322, 0],
              [-92.37580071666443, 48.22819941874884, 0],
              [-92.37593042710324, 48.2283253084091, 0],
              [-92.37625088670782, 48.22855418876748, 0],
              [-92.37741062790928, 48.22928660837085, 0],
              [-92.37806680769846, 48.22995416886039, 0],
              [-92.37839489759305, 48.23037377848719, 0],
              [-92.37856275768536, 48.23097267885246, 0],
              [-92.37857039785685, 48.2312320689202, 0],
              [-92.37852461791333, 48.23169363886434, 0],
              [-92.37844069819782, 48.23206365894711, 0],
              [-92.37815840800968, 48.23298678924399, 0],
              [-92.37820418795317, 48.23312792912969, 0],
              [-92.37920370923383, 48.23429902918639, 0],
              [-92.37920371911531, 48.23437531883341, 0],
              [-92.37857807845253, 48.23523359899237, 0],
              [-92.37859333903258, 48.23524504950755, 0],
              [-92.37872304857308, 48.23553114940333, 0],
              [-92.37897483916069, 48.23584775931566, 0],
              [-92.37944788929437, 48.23603086931795, 0],
              [-92.38064577925103, 48.23644667938056, 0],
              [-92.38171397044694, 48.23767117918432, 0],
              [-92.38333915125499, 48.23927333930645, 0],
              [-92.38403348159598, 48.24032998934604, 0],
              [-92.38440735143406, 48.24133323966699, 0],
              [-92.38443025128728, 48.24168418962046, 0],
              [-92.38440737209532, 48.24248143959183, 0],
              [-92.38430056150972, 48.24299640990508, 0],
              [-92.38383516232733, 48.24460235997684, 0],
              [-92.38460577221235, 48.24489609003325, 0],
              [-92.38488808216343, 48.24483125008615, 0],
              [-92.38668108263958, 48.24410267951639, 0],
              [-92.38723806326858, 48.24433918982366, 0],
              [-92.3881536639354, 48.24645630989973, 0],
              [-92.38784085348547, 48.24700943032023, 0],
              [-92.38636067334068, 48.24752057023073, 0],
              [-92.38687952407912, 48.24922571044886, 0],
              [-92.38470501269504, 48.24917991072036, 0],
              [-92.3851399230567, 48.24991232041787, 0],
              [-92.38539933315455, 48.25035483051874, 0],
              [-92.38594866373057, 48.25131995095895, 0],
              [-92.38673452431416, 48.25175865061986, 0],
              [-92.38876406467938, 48.25119029085948, 0],
              [-92.38980936500522, 48.25074779038074, 0],
              [-92.39070968532907, 48.2507134701729, 0],
              [-92.39236534597471, 48.25117125029828, 0],
              [-92.39271630607813, 48.25182357031085, 0],
              [-92.392197456238, 48.25303283058743, 0],
              [-92.39016029546424, 48.2527619609003, 0],
              [-92.38925232508744, 48.25368893094989, 0],
              [-92.39218974689624, 48.25676362107085, 0],
              [-92.39346390741377, 48.25758380094758, 0],
              [-92.39273141663952, 48.2589723411415, 0],
              [-92.39319681761854, 48.26002521121053, 0],
              [-92.40181827189542, 48.27137408243892, 0],
              [-92.41565823998205, 48.29512084450558, 0],
              [-92.42047256221962, 48.29896231430169, 0],
              [-92.42565306471644, 48.30458527490248, 0],
              [-92.42903303616008, 48.30593954497552, 0],
              [-92.43187133696209, 48.30520715469228, 0],
              [-92.43673143824485, 48.30891130456777, 0],
              [-92.43865408987104, 48.31119252453421, 0],
              [-92.4403783404819, 48.3148699353291, 0],
              [-92.44059959104479, 48.31534677521616, 0],
              [-92.44152278157746, 48.31604869544186, 0],
              [-92.44424550244008, 48.31905179544604, 0],
              [-92.44658572334967, 48.31905281514562, 0],
              [-92.4503030247589, 48.31905417474496, 0],
              [-92.45556043562046, 48.31911693431408, 0],
              [-92.4554977251288, 48.31552410380176, 0],
              [-92.45553147483403, 48.31191844341195, 0],
              [-92.45033095338108, 48.31185577416387, 0],
              [-92.45040324260863, 48.30826214371969, 0],
              [-92.445015901221, 48.30827362388879, 0],
              [-92.43962855983338, 48.30828511421258, 0],
              [-92.43990793858167, 48.30452604382018, 0],
              [-92.43497903712796, 48.30446287432041, 0],
              [-92.4350086563795, 48.30088385390497, 0],
              [-92.43505521606068, 48.29730405304956, 0],
              [-92.43510174519912, 48.29372429282401, 0],
              [-92.4351046350794, 48.29013385230495, 0],
              [-92.43510752406135, 48.28654342173649, 0],
              [-92.43511041394163, 48.28295298144338, 0],
              [-92.43511327327917, 48.2793625207123, 0],
              [-92.43508111269368, 48.27571764054949, 0],
              [-92.43504894222673, 48.27207274010859, 0],
              [-92.43501678164125, 48.26842785950016, 0],
              [-92.43498461027596, 48.26478294914642, 0],
              [-92.43503125978869, 48.26117017832683, 0],
              [-92.43507786977551, 48.25755738780283, 0],
              [-92.43512448874549, 48.25394458719074, 0],
              [-92.43517110861379, 48.25033179687657, 0],
              [-92.43498068733312, 48.24673269677866, 0],
              [-92.43479029659518, 48.24313358627924, 0],
              [-92.43528838636908, 48.23952869547753, 0],
              [-92.43578644649858, 48.23592384501412, 0],
              [-92.43560154536533, 48.23195248433962, 0],
              [-92.435447124968, 48.22834140424827, 0],
              [-92.43515477364866, 48.22473906370356, 0],
              [-92.43486240346472, 48.22113672337467, 0],
              [-92.42944318176598, 48.22112183366015, 0],
              [-92.4240239403043, 48.22110693376663, 0],
              [-92.41860469884261, 48.22109203446731, 0],
              [-92.41318548702533, 48.22107716449064, 0],
              [-92.41302524644327, 48.2174745742315, 0],
              [-92.4128650058612, 48.21387198365515, 0],
              [-92.41270474461788, 48.21026940358688, 0],
              [-92.41254450403582, 48.20666681312504, 0],
              [-92.40713108275887, 48.20668155318331, 0],
              [-92.40171767136339, 48.20669626390215, 0],
              [-92.39630421954372, 48.20671097401801, 0],
              [-92.39089079736844, 48.20672568472835, 0],
              [-92.38546315576053, 48.20676303501856, 0],
              [-92.3800354943897, 48.20680038528151, 0],
              [-92.37460784290032, 48.20683770558342, 0],
              [-92.36918020129244, 48.20687505639059, 0],
              [-92.36373097945645, 48.20687076687727, 0],
              [-92.35828174773901, 48.2068664767649, 0],
              [-92.35283252680136, 48.20686215731709, 0],
              [-92.34738329508392, 48.20685786780262, 0],
              [-92.34731492430764, 48.20322763760424, 0],
              [-92.34724655353138, 48.19959740697529, 0],
              [-92.3471781827551, 48.19596717656558, 0],
              [-92.34710981197881, 48.1923369458274, 0],
              [-92.3470649716731, 48.18871140530445, 0],
              [-92.34702013136739, 48.18508586521899, 0],
              [-92.34697529016334, 48.18146033460651, 0],
              [-92.34693043997616, 48.17783479375218, 0],
              [-92.34688340957777, 48.17420984355963, 0],
              [-92.3468363387552, 48.17058491326252, 0],
              [-92.34678930745851, 48.16695996277323, 0],
              [-92.34674226717864, 48.16333503228368, 0],
              [-92.3413158454829, 48.16334191272139, 0],
              [-92.33588943366863, 48.16334880274511, 0],
              [-92.33046301287119, 48.16335567359403, 0],
              [-92.32503656063273, 48.16336254384284, 0],
              [-92.32503624083249, 48.1640137039568, 0],
              [-92.32013793959058, 48.16402197439344, 0],
              [-92.31469165794054, 48.16403214481768, 0],
              [-92.30924537629049, 48.1640423547856, 0],
              [-92.30376170496169, 48.16406266566521, 0],
              [-92.29827806327728, 48.16408295556564, 0],
              [-92.29294298138132, 48.16398304646778, 0],
              [-92.28760793002806, 48.16388314676217, 0],
              [-92.28227286789503, 48.16378324686195, 0],
              [-92.27693781654176, 48.16368330722129, 0],
              [-92.27157951499234, 48.16370687778441, 0],
              [-92.26622123320584, 48.16373041837777, 0],
              [-92.2608629316564, 48.16375395836111, 0],
              [-92.25550463010697, 48.16377751870574, 0],
              [-92.25013948878495, 48.16378974915736, 0],
              [-92.24477460707607, 48.16380197960601, 0],
              [-92.23940970560425, 48.16381423042388, 0],
              [-92.23404479335264, 48.16382645068066, 0],
              [-92.2340059232503, 48.16020257027945, 0],
              [-92.2286109318097, 48.16022420036662, 0],
              [-92.22321597001351, 48.16024559075636, 0],
              [-92.21782239791109, 48.1602629214177, 0],
              [-92.21780845785449, 48.15664665099739, 0],
              [-92.21778934709515, 48.15302716030904, 0],
              [-92.21727337635551, 48.14970931967216, 0],
              [-92.21725577566416, 48.14800121994843, 0],
              [-92.21184940436555, 48.14803631988046, 0],
              [-92.20974124344669, 48.14804059034458, 0],
              [-92.20495725192637, 48.14805012082047, 0],
              [-92.20107030098079, 48.14805772074591, 0],
              [-92.20107756116491, 48.14870117082446, 0],
              [-92.20108972165892, 48.14976412124915, 0],
              [-92.20163576260437, 48.15308327141899, 0],
              [-92.20165033237996, 48.15670948187069, 0],
              [-92.20166487340947, 48.16033139251321, 0],
              [-92.20167943420189, 48.16395333326416, 0],
              [-92.19630291212357, 48.1639843532731, 0],
              [-92.19092639094353, 48.16401538404851, 0],
              [-92.18398557856204, 48.16432857459022, 0],
              [-92.17857828738858, 48.16433088500172, 0],
              [-92.1731720059215, 48.16434927541803, 0],
              [-92.16776573433589, 48.16436765564188, 0],
              [-92.16235913217027, 48.16442557583269, 0],
              [-92.15695255066588, 48.16448348637137, 0],
              [-92.15154593951709, 48.16454140703057, 0],
              [-92.14613933735146, 48.16459931743847, 0],
              [-92.14607511679179, 48.16099179680194, 0],
              [-92.14601090611362, 48.15738429631145, 0],
              [-92.14594668555395, 48.15377680583332, 0],
              [-92.14588244523135, 48.15016927507504, 0],
              [-92.14280887385976, 48.15020966567936, 0],
              [-92.14048393329317, 48.15024016598251, 0],
              [-92.13757098249103, 48.15027839592037, 0],
              [-92.13508540159204, 48.1502843563287, 0],
              [-92.1320488704546, 48.15032394612858, 0],
              [-92.12968681060212, 48.15035468669775, 0],
              [-92.12682777937827, 48.1503919468248, 0],
              [-92.12666987890752, 48.14732749642906, 0],
              [-92.1266768183931, 48.14377149581686, 0],
              [-92.12669263772526, 48.1402153855115, 0],
              [-92.12670846693888, 48.13665928483776, 0],
              [-92.12126081535801, 48.13665733527588, 0],
              [-92.1158131835401, 48.13665538571393, 0],
              [-92.11036569185936, 48.13666018588067, 0],
              [-92.10491822083986, 48.13666498664642, 0],
              [-92.10507827008078, 48.13305835619352, 0],
              [-92.10523830944022, 48.12945169544525, 0],
              [-92.10625699897243, 48.1257398551309, 0],
              [-92.10591430875952, 48.12395012453285, 0],
              [-92.10006457664738, 48.12407075550461, 0],
              [-92.09463987522541, 48.12418234539246, 0],
              [-92.0947107451148, 48.1223678652032, 0],
              [-92.08928032322109, 48.12247157563562, 0],
              [-92.08384993187012, 48.12257529605292, 0],
              [-92.07841897997038, 48.12269720692806, 0],
              [-92.0783514895431, 48.11905234615512, 0],
              [-92.07828398923432, 48.11540734552005, 0],
              [-92.07285712736409, 48.11550572629294, 0],
              [-92.07279155663656, 48.11184111535002, 0],
              [-92.07272600567195, 48.10817650517671, 0],
              [-92.06730313411822, 48.10824369555207, 0],
              [-92.06188025268301, 48.10831088583961, 0],
              [-92.06188567311743, 48.10808116590457, 0],
              [-92.0545682204935, 48.10803132661545, 0],
              [-92.04917037869852, 48.10800940700616, 0],
              [-92.04377708776876, 48.10797509727746, 0],
              [-92.03838379594069, 48.10794081751742, 0],
              [-92.03300928429195, 48.10788508834047, 0],
              [-92.02763474210052, 48.10782938849485, 0],
              [-92.02226023135007, 48.10777368858892, 0],
              [-92.01688571970135, 48.1077179694279, 0],
              [-92.01148545784498, 48.10769148974384, 0],
              [-92.00608519598863, 48.10766499025166, 0],
              [-92.00068490448787, 48.10763851054028, 0],
              [-91.99528451237579, 48.10761197083181, 0],
              [-91.98989921106218, 48.10766111112024, 0],
              [-91.98451391963003, 48.1077102513617, 0],
              [-91.97912859765516, 48.10775940175333, 0],
              [-91.97374329634155, 48.10780854250066, 0],
              [-91.96834830490097, 48.10789691283065, 0],
              [-91.96295331346037, 48.1079852830087, 0],
              [-91.9629796628443, 48.10434812283642, 0],
              [-91.9630060122282, 48.10071095244263, 0],
              [-91.95761290994466, 48.1008060024293, 0],
              [-91.9522197887965, 48.10090081287462, 0],
              [-91.95224799859137, 48.09727021286023, 0],
              [-91.95227623803063, 48.0936396120496, 0],
              [-91.94688072556718, 48.09373169252347, 0],
              [-91.9414852041206, 48.09382377283244, 0],
              [-91.93608966291104, 48.09391585357653, 0],
              [-91.9305166110081, 48.09399121351703, 0],
              [-91.93058166071278, 48.09037441302576, 0],
              [-91.93064674006185, 48.08675764258339, 0],
              [-91.93070373906494, 48.08313628251547, 0],
              [-91.93076072908488, 48.07951495195937, 0],
              [-91.92407439684696, 48.07939116214703, 0],
              [-91.91866319530709, 48.07930438246625, 0],
              [-91.91879597439092, 48.07569435236501, 0],
              [-91.91892872383033, 48.07208433186686, 0],
              [-91.91905988325172, 48.06851708100555, 0],
              [-91.91919105255454, 48.06494983080587, 0],
              [-91.92028576291597, 48.06495345081434, 0],
              [-91.92182738333463, 48.06497836042814, 0],
              [-91.92124267261113, 48.05947208989718, 0],
              [-91.92102453201574, 48.05569912960469, 0],
              [-91.92080429115921, 48.05204190879019, 0],
              [-91.9205832103779, 48.04838457835073, 0],
              [-91.92053913004692, 48.04462996797157, 0],
              [-91.92049408941688, 48.04095987727956, 0],
              [-91.9204492688741, 48.03732986692072, 0],
              [-91.92104117869626, 48.03359779627806, 0],
              [-91.92111794782214, 48.02997557604464, 0],
              [-91.9183614368301, 48.0300825961244, 0],
              [-91.9130495754859, 48.03029517642657, 0],
              [-91.90754556360412, 48.03051517672715, 0],
              [-91.90242335188776, 48.03057059746968, 0],
              [-91.89711119050627, 48.03062781794964, 0],
              [-91.8971603813529, 48.03423537812238, 0],
              [-91.89715036154423, 48.03785632888265, 0],
              [-91.8971403327524, 48.04147725941245, 0],
              [-91.89422058170355, 48.0415274695178, 0],
              [-91.89176427061149, 48.04156967950632, 0],
              [-91.88638818960594, 48.0416618201532, 0],
              [-91.88104373738324, 48.04179121065756, 0],
              [-91.88099764841927, 48.04547405087094, 0],
              [-91.88095167893124, 48.04914904143867, 0],
              [-91.88113392913608, 48.05271605174713, 0],
              [-91.88131590984634, 48.05627682265082, 0],
              [-91.88139909024838, 48.05809025287329, 0],
              [-91.87802116965855, 48.05817241273684, 0],
              [-91.87653123919968, 48.0590747630465, 0],
              [-91.87593142869457, 48.05939992332902, 0],
              [-91.87590386927998, 48.05941486302616, 0],
              [-91.87559945897628, 48.05961355344083, 0],
              [-91.87550040893642, 48.05967820337025, 0],
              [-91.87523435849198, 48.05988285346267, 0],
              [-91.87514950902013, 48.05996811328735, 0],
              [-91.87493616902162, 48.06025173310942, 0],
              [-91.87473093901352, 48.06053475338591, 0],
              [-91.87450945848188, 48.06090989332957, 0],
              [-91.87431792868016, 48.06133660339938, 0],
              [-91.87398211866402, 48.06177856353742, 0],
              [-91.8736160884234, 48.06213483392469, 0],
              [-91.873189809075, 48.0623595936306, 0],
              [-91.87302480832024, 48.0624135536568, 0],
              [-91.87243090872973, 48.06254752381556, 0],
              [-91.87200092832235, 48.062631223694, 0],
              [-91.87169128802707, 48.06273878410572, 0],
              [-91.8716717784157, 48.06274555375214, 0],
              [-91.87116034865986, 48.06301473412886, 0],
              [-91.87071050829817, 48.06336059426913, 0],
              [-91.87040437772069, 48.06362800400362, 0],
              [-91.87015423823657, 48.06395265405063, 0],
              [-91.86999385841564, 48.06417073421709, 0],
              [-91.86998865806846, 48.06421446432449, 0],
              [-91.86491724697974, 48.06419321462591, 0],
              [-91.86456370601653, 48.06419103478432, 0],
              [-91.85918578526129, 48.06413652490656, 0],
              [-91.8540480434703, 48.06408445536624, 0],
              [-91.85380786360771, 48.06408484558929, 0],
              [-91.84842408134527, 48.06407315570529, 0],
              [-91.84324272005901, 48.06406192628209, 0],
              [-91.84304032962551, 48.06406194609345, 0],
              [-91.83766167853994, 48.06404051682915, 0],
              [-91.83238287699483, 48.06401945676743, 0],
              [-91.83228303643752, 48.06401900710982, 0],
              [-91.82690225544641, 48.06397151747911, 0],
              [-91.82698766456869, 48.06011443682196, 0],
              [-91.82702081419932, 48.056486046544, 0],
              [-91.82707008319939, 48.0528722658844, 0],
              [-91.82711934231799, 48.04925837571903, 0],
              [-91.82710946174817, 48.04563904491908, 0],
              [-91.82709958117836, 48.04201956427883, 0],
              [-91.82708818065909, 48.03839598399043, 0],
              [-91.82707671995269, 48.03475870369051, 0],
              [-91.83252794233681, 48.03476536288564, 0],
              [-91.8325130312014, 48.03115398254855, 0],
              [-91.82707772965908, 48.03115778274846, 0],
              [-91.82162014810108, 48.03116135347042, 0],
              [-91.81639048619863, 48.03119550359255, 0],
              [-91.81101712529177, 48.03123033431496, 0],
              [-91.8056423234872, 48.03126491451108, 0],
              [-91.80564244296313, 48.0276702941842, 0],
              [-91.80564246272607, 48.02722501399458, 0],
              [-91.80564396201427, 48.02565928392868, 0],
              [-91.80564401231995, 48.0240302836799, 0],
              [-91.80564414167733, 48.02041291339833, 0],
              [-91.80027077987216, 48.02044790342351, 0],
              [-91.79474648852285, 48.02001641359875, 0],
              [-91.78937837647217, 48.01959635396459, 0],
              [-91.78399489514534, 48.01920173460555, 0],
              [-91.77861141292017, 48.01880713505901, 0],
              [-91.77320029133035, 48.01851632525045, 0],
              [-91.76778918950345, 48.01822550538921, 0],
              [-91.76237806791364, 48.01793471573421, 0],
              [-91.75696697686654, 48.01764389619755, 0],
              [-91.75690693616788, 48.01398575556446, 0],
              [-91.7568469053507, 48.01032764505864, 0],
              [-91.75678687453353, 48.0066695346876, 0],
              [-91.75672684371635, 48.00301142450306, 0],
              [-91.75665460299783, 47.9993556041382, 0],
              [-91.75658244312767, 47.995700003203, 0],
              [-91.75651031200363, 47.99204441318527, 0],
              [-91.75643815123517, 47.98838881249483, 0],
              [-91.75622610121741, 47.98473673182709, 0],
              [-91.75601404041987, 47.98108466152961, 0],
              [-91.75580198950378, 47.97743261127763, 0],
              [-91.7555899089433, 47.97378053060958, 0],
              [-91.75093869740515, 47.97345767092953, 0],
              [-91.75074852675445, 47.96986107056973, 0],
              [-91.75038051662695, 47.96634805979328, 0],
              [-91.75001249571966, 47.96283508916894, 0],
              [-91.74951324442411, 47.95929339916821, 0],
              [-91.74901397426392, 47.95575173888273, 0],
              [-91.74361543268134, 47.95580341918673, 0],
              [-91.73821685067456, 47.95585485939883, 0],
              [-91.73278158955641, 47.95590637957303, 0],
              [-91.72734632753995, 47.95595766025777, 0],
              [-91.72531577657004, 47.95593139064447, 0],
              [-91.72102987572195, 47.95587582049601, 0],
              [-91.7205373555028, 47.9558694308576, 0],
              [-91.71213722275574, 47.95576003141403, 0],
              [-91.70692414105851, 47.95580189171149, 0],
              [-91.70151993020816, 47.95569733204756, 0],
              [-91.69611573822243, 47.95559250265185, 0],
              [-91.69087038634525, 47.95549051263647, 0],
              [-91.6856250946552, 47.95538829320642, 0],
              [-91.68011912354777, 47.95533810327794, 0],
              [-91.67461320184769, 47.95528762392579, 0],
              [-91.6691072496049, 47.95523690448128, 0],
              [-91.66360132790483, 47.95518593471634, 0],
              [-91.65845981678291, 47.95541189495744, 0],
              [-91.65340780571105, 47.95544472538361, 0],
              [-91.64863211372567, 47.95547555604121, 0],
              [-91.64385642263858, 47.95550619597047, 0],
              [-91.64345210260728, 47.95894468675543, 0],
              [-91.64304777359287, 47.9623831875129, 0],
              [-91.64242604419482, 47.9663185179846, 0],
              [-91.63761483192478, 47.96637850801832, 0],
              [-91.63217880095044, 47.96644434858948, 0],
              [-91.62682794912965, 47.96651331918046, 0],
              [-91.62674180877875, 47.96651442891164, 0],
              [-91.62211198792413, 47.96639598948485, 0],
              [-91.62165769730854, 47.96641302945813, 0],
              [-91.61657847626674, 47.966599389739, 0],
              [-91.6114992246822, 47.96678552018469, 0],
              [-91.60641994345329, 47.96697142079763, 0],
              [-91.60579670308894, 47.96698974051937, 0],
              [-91.60100390179065, 47.96713051068522, 0],
              [-91.60034954108993, 47.96714503084595, 0],
              [-91.59558821945411, 47.96721287153799, 0],
              [-91.59017098842205, 47.96729045176607, 0],
              [-91.58946972757865, 47.9673004716749, 0],
              [-91.58475457665351, 47.96736778226737, 0],
              [-91.58486403726918, 47.97105362293625, 0],
              [-91.58497351764781, 47.9747394531351, 0],
              [-91.58508287855051, 47.9784297738549, 0],
              [-91.58519153876726, 47.98211559406529, 0],
              [-91.57985613796936, 47.9822971642766, 0],
              [-91.57451986580566, 47.98247848491339, 0],
              [-91.56918357477731, 47.98265956559896, 0],
              [-91.5638480724698, 47.98284039551262, 0],
              [-91.55842412114107, 47.98294789646025, 0],
              [-91.55300098997421, 47.98305513682649, 0],
              [-91.54757771777184, 47.98316662686209, 0],
              [-91.54379602691968, 47.98298070698158, 0],
              [-91.54345561663098, 47.98299716725226, 0],
              [-91.54315869648012, 47.98305670738985, 0],
              [-91.54286600649593, 47.98307089717486, 0],
              [-91.54258171665795, 47.98306761715158, 0],
              [-91.54215277649969, 47.98311620717248, 0],
              [-91.54195455604574, 47.98317020752224, 0],
              [-91.5415847861186, 47.98327094753464, 0],
              [-91.54139016611228, 47.98341355774262, 0],
              [-91.54112795596569, 47.98355701776911, 0],
              [-91.54067358629834, 47.98378882762115, 0],
              [-91.54036036621665, 47.98390363753062, 0],
              [-91.54012163623496, 47.98389971780067, 0],
              [-91.53986961567863, 47.98380631762495, 0],
              [-91.5396609352415, 47.98379511760152, 0],
              [-91.53930881541305, 47.98376380779004, 0],
              [-91.53913100558066, 47.98371674743365, 0],
              [-91.53891973530057, 47.9837043279948, 0],
              [-91.53885020569757, 47.98377583758561, 0],
              [-91.53878022514031, 47.98387430779379, 0],
              [-91.53862873504742, 47.98399789795716, 0],
              [-91.53837355511625, 47.9840212876145, 0],
              [-91.53817301521222, 47.98398321778505, 0],
              [-91.53795640534607, 47.98400757790942, 0],
              [-91.53780419480432, 47.98403571764486, 0],
              [-91.53763563492441, 47.98406628772214, 0],
              [-91.53717871493998, 47.98411435790236, 0],
              [-91.53666689441698, 47.98426866776686, 0],
              [-91.53650167447329, 47.98433958792992, 0],
              [-91.53631447455123, 47.9844942181997, 0],
              [-91.53613159462736, 47.98464062805592, 0],
              [-91.536088014658, 47.98474806813402, 0],
              [-91.53609343509241, 47.98476690826011, 0],
              [-91.53612433444324, 47.98487437813866, 0],
              [-91.53623859475749, 47.9851005380114, 0],
              [-91.53622045507697, 47.98528320825379, 0],
              [-91.53622237477671, 47.98565120796459, 0],
              [-91.53624367473043, 47.98587476821538, 0],
              [-91.53631937486111, 47.98602765806872, 0],
              [-91.53647666537579, 47.98612928836977, 0],
              [-91.53671579510777, 47.98620474842764, 0],
              [-91.53695593544448, 47.98626207827681, 0],
              [-91.53709838489233, 47.98645248848438, 0],
              [-91.53713124526543, 47.98647972802157, 0],
              [-91.53730831578434, 47.98662650802462, 0],
              [-91.5377154259829, 47.98691017813998, 0],
              [-91.53786139592836, 47.98695719830786, 0],
              [-91.53804922556944, 47.98697755816855, 0],
              [-91.53815461591857, 47.98703301850139, 0],
              [-91.53817923604556, 47.98710533816158, 0],
              [-91.5381108661676, 47.98714926837958, 0],
              [-91.5379756957685, 47.98718367853376, 0],
              [-91.53772154530661, 47.98717138799314, 0],
              [-91.5375353056836, 47.98712414856769, 0],
              [-91.53728359504605, 47.98702197850707, 0],
              [-91.53718978577754, 47.98695959846668, 0],
              [-91.53696435535363, 47.9868097085749, 0],
              [-91.53674479542009, 47.98663906805318, 0],
              [-91.53671929494412, 47.98661924797802, 0],
              [-91.53661652498069, 47.98643733823299, 0],
              [-91.5365094152561, 47.98640901822972, 0],
              [-91.53638798548756, 47.98642566800298, 0],
              [-91.53628033497718, 47.98646977857256, 0],
              [-91.53610421487582, 47.9865216181388, 0],
              [-91.53591202481238, 47.98655572808806, 0],
              [-91.53572815494508, 47.98659734818398, 0],
              [-91.53559319475173, 47.98657760805858, 0],
              [-91.53545903495731, 47.98652972836265, 0],
              [-91.53534882514667, 47.98648704821254, 0],
              [-91.53518335457304, 47.9864104780613, 0],
              [-91.53515902460188, 47.9863107085807, 0],
              [-91.53531181455696, 47.98610623817255, 0],
              [-91.53539532464073, 47.98602583807578, 0],
              [-91.53549304517396, 47.98588322847113, 0],
              [-91.53552537464273, 47.98569160823835, 0],
              [-91.53557128484195, 47.98549581816286, 0],
              [-91.53554959501942, 47.98529911823726, 0],
              [-91.53550154503317, 47.98509956817283, 0],
              [-91.53548895424616, 47.98502525792109, 0],
              [-91.5354786649429, 47.98496457825114, 0],
              [-91.53542718429058, 47.98488360817935, 0],
              [-91.53532120464664, 47.98482834816389, 0],
              [-91.53520086453453, 47.98480875828005, 0],
              [-91.53487933413815, 47.98482277802611, 0],
              [-91.53469252408493, 47.98480248826499, 0],
              [-91.53456224411421, 47.98475673841692, 0],
              [-91.53444031398408, 47.98470897788687, 0],
              [-91.534265473982, 47.9847249583957, 0],
              [-91.53415682454504, 47.98477804794588, 0],
              [-91.53390363438221, 47.98477466822064, 0],
              [-91.53373097369303, 47.98474552837816, 0],
              [-91.53352962440691, 47.98473315849087, 0],
              [-91.53304076392425, 47.9848542080499, 0],
              [-91.53302304375697, 47.98485520855768, 0],
              [-91.53266592390565, 47.98487549829811, 0],
              [-91.5325030934806, 47.9849368286423, 0],
              [-91.53224789378649, 47.98498739867365, 0],
              [-91.53197210380776, 47.98494866816457, 0],
              [-91.53203833389871, 47.98556089842047, 0],
              [-91.53130285353119, 47.98560409882329, 0],
              [-91.53126574322849, 47.98560627838339, 0],
              [-91.53055068336401, 47.98564827863839, 0],
              [-91.53049278335068, 47.98565167874915, 0],
              [-91.52977351308247, 47.98569391886875, 0],
              [-91.5297185128309, 47.98569713859944, 0],
              [-91.52940490288037, 47.98571555870193, 0],
              [-91.52879421287886, 47.98575171886643, 0],
              [-91.52675135229462, 47.98587496903447, 0],
              [-91.52671566222838, 47.98543024899884, 0],
              [-91.52660358212533, 47.98544813888543, 0],
              [-91.52625474204599, 47.98550382873889, 0],
              [-91.52613515202717, 47.98561604882398, 0],
              [-91.52604696172078, 47.98580745889785, 0],
              [-91.52594675195589, 47.98599710899445, 0],
              [-91.52581014155736, 47.9861106387366, 0],
              [-91.52547529184025, 47.98627630926823, 0],
              [-91.52545497194853, 47.98628635916324, 0],
              [-91.52520003186754, 47.98636332932928, 0],
              [-91.52463895132759, 47.98646605925305, 0],
              [-91.52390402162736, 47.98664401931302, 0],
              [-91.52328240092548, 47.98683389901713, 0],
              [-91.52273360125379, 47.98706019941176, 0],
              [-91.52228739098416, 47.98725544965313, 0],
              [-91.52176879087571, 47.98744854973551, 0],
              [-91.52150962062802, 47.98753103931446, 0],
              [-91.52120470097957, 47.98762808945806, 0],
              [-91.52055589096898, 47.98777290978423, 0],
              [-91.51988263061297, 47.98808531957071, 0],
              [-91.51966579077812, 47.98821658995325, 0],
              [-91.51959235080871, 47.98837857001574, 0],
              [-91.51961314051933, 47.98860288982246, 0],
              [-91.51958233998319, 47.98871120003795, 0],
              [-91.51947282996015, 47.98879035984159, 0],
              [-91.51936361997444, 47.98883424954602, 0],
              [-91.5192026400789, 47.98885075965504, 0],
              [-91.51904481057504, 47.98883133001997, 0],
              [-91.51891199016872, 47.9887571495937, 0],
              [-91.51886118055792, 47.98864658970001, 0],
              [-91.51882220984427, 47.98859364962487, 0],
              [-91.51871357028877, 47.98859272013388, 0],
              [-91.51836451012218, 47.9887038398805, 0],
              [-91.51788677976587, 47.98896799985486, 0],
              [-91.5175245197545, 47.98921744973288, 0],
              [-91.51713800972203, 47.98947039024996, 0],
              [-91.51685764013197, 47.9896875100256, 0],
              [-91.51664090989158, 47.9899140401949, 0],
              [-91.51642991988587, 47.99023791039876, 0],
              [-91.51622736955224, 47.99046557021421, 0],
              [-91.51597550979432, 47.99067877019508, 0],
              [-91.51563966923548, 47.99086286056136, 0],
              [-91.51553532991524, 47.99092005056853, 0],
              [-91.5151835694129, 47.99110030024855, 0],
              [-91.51196613823846, 47.99112411052899, 0],
              [-91.50110569509968, 47.99120380169307, 0],
              [-91.49926086452655, 47.9912172317358, 0],
              [-91.49450627306886, 47.99138682187078, 0],
              [-91.49386668336636, 47.99140960217997, 0],
              [-91.48847245190049, 47.99160171219376, 0],
              [-91.48298476959394, 47.99179691278999, 0],
              [-91.47749706842279, 47.99199183309749, 0],
              [-91.47194619682253, 47.99240419406923, 0],
              [-91.46639524527221, 47.99281627400342, 0],
              [-91.46099110359212, 47.99321721458848, 0],
              [-91.4555868523176, 47.99361787492141, 0],
              [-91.45143801102567, 47.99358347566992, 0],
              [-91.43404991585737, 47.99343760698252, 0],
              [-91.41236499902207, 47.99398558856817, 0],
              [-91.4123496081863, 47.99031062777303, 0],
              [-91.41234316816403, 47.98877452789053, 0],
              [-91.41233980846486, 47.98872079734016, 0],
              [-91.4122094772902, 47.98663563734391, 0],
              [-91.41220503781607, 47.98652749713435, 0],
              [-91.41218253771314, 47.98597932752373, 0],
              [-91.41211627707948, 47.98436538733224, 0],
              [-91.41207014679298, 47.98324164690129, 0],
              [-91.41203622730619, 47.98298298706759, 0],
              [-91.41155717642641, 47.979330336282, 0],
              [-91.41107808602078, 47.97567768624114, 0],
              [-91.41059903514099, 47.972025005723, 0],
              [-91.40534837332216, 47.97226355567641, 0],
              [-91.40448411317045, 47.97230322608852, 0],
              [-91.40449742260972, 47.97014344590054, 0],
              [-91.40451241279686, 47.96834981524993, 0],
              [-91.40467984259615, 47.96830497526437, 0],
              [-91.40519335285022, 47.96804403563239, 0],
              [-91.40577606302557, 47.96796032521811, 0],
              [-91.40615678251771, 47.96775824512773, 0],
              [-91.40672023281337, 47.9672810754296, 0],
              [-91.40726605277324, 47.96695571508054, 0],
              [-91.40779840339377, 47.96670017471747, 0],
              [-91.40800809353729, 47.9665446647161, 0],
              [-91.40841312323765, 47.96624430460406, 0],
              [-91.40860964318077, 47.96597606454418, 0],
              [-91.40867041331144, 47.96576903485695, 0],
              [-91.4086398130996, 47.96502137442885, 0],
              [-91.4085386331542, 47.96488792477595, 0],
              [-91.40803732292, 47.96409581457338, 0],
              [-91.40794969316237, 47.9639573645822, 0],
              [-91.40770637278955, 47.96354749458882, 0],
              [-91.40762092234478, 47.96331671447862, 0],
              [-91.40760987216846, 47.96323523465284, 0],
              [-91.40767134298505, 47.96305100424897, 0],
              [-91.40772883246828, 47.96284077416387, 0],
              [-91.40800184216123, 47.96262571417603, 0],
              [-91.40814539294364, 47.96250882438865, 0],
              [-91.40829530289992, 47.96238674435024, 0],
              [-91.40905777315015, 47.96179956450865, 0],
              [-91.4094027531687, 47.96155042426649, 0],
              [-91.4096429932184, 47.96123583391642, 0],
              [-91.40988206276329, 47.96073605375198, 0],
              [-91.40998220245957, 47.96037169388803, 0],
              [-91.41013408242128, 47.95940769386954, 0],
              [-91.41016216285875, 47.95863504350709, 0],
              [-91.41016218262169, 47.9586343938093, 0],
              [-91.41003362292476, 47.95845372395727, 0],
              [-91.4097734726151, 47.9582082835206, 0],
              [-91.40937541204472, 47.95808583357531, 0],
              [-91.40833530218458, 47.95790932353913, 0],
              [-91.40800567167928, 47.95782384369121, 0],
              [-91.40739479123494, 47.95763100397491, 0],
              [-91.40698327120664, 47.95751324382242, 0],
              [-91.40657133166513, 47.95747146371912, 0],
              [-91.405418341303, 47.95741931404155, 0],
              [-91.40509995051855, 47.95737001402804, 0],
              [-91.404767760713, 47.95718600394407, 0],
              [-91.40481260012042, 47.95589965364181, 0],
              [-91.40493525968256, 47.95238043310825, 0],
              [-91.40505794978743, 47.94886119250738, 0],
              [-91.4051806093496, 47.94534197219662, 0],
              [-91.40514298880382, 47.94178679191575, 0],
              [-91.40510539790242, 47.93823163131408, 0],
              [-91.40509138777726, 47.93690773135719, 0],
              [-91.40545029797094, 47.93690507129061, 0],
              [-91.40614589763139, 47.93681576098039, 0],
              [-91.40632094783923, 47.93680041080231, 0],
              [-91.40668744789875, 47.93665271099464, 0],
              [-91.40703916797688, 47.93653099114436, 0],
              [-91.40718753822078, 47.93650639076046, 0],
              [-91.40769823854465, 47.93645931080732, 0],
              [-91.40816697856158, 47.93640385091901, 0],
              [-91.40849118863247, 47.93630951083539, 0],
              [-91.40869484838548, 47.9362132110111, 0],
              [-91.40891506858074, 47.9360623306345, 0],
              [-91.40909780836742, 47.93579489078844, 0],
              [-91.40921638867987, 47.9354185607474, 0],
              [-91.40923165824307, 47.93492367064868, 0],
              [-91.40919979859319, 47.93482111081666, 0],
              [-91.40914456837291, 47.93464333024937, 0],
              [-91.40908576824766, 47.9344540404283, 0],
              [-91.40910335815924, 47.93427488034957, 0],
              [-91.40920367841692, 47.93408678025641, 0],
              [-91.40928863838154, 47.93392748027879, 0],
              [-91.40929753799107, 47.93363727054562, 0],
              [-91.40921376829418, 47.93338345042371, 0],
              [-91.40900360833179, 47.93309132008133, 0],
              [-91.40865528837699, 47.93272948033498, 0],
              [-91.4082236380015, 47.93246342020655, 0],
              [-91.40815997799059, 47.93231763040979, 0],
              [-91.40805479784721, 47.93182152010548, 0],
              [-91.40807658738277, 47.9315518403703, 0],
              [-91.40825751796244, 47.93131492011721, 0],
              [-91.41053247806329, 47.93132133987657, 0],
              [-91.41604529972305, 47.93133964936787, 0],
              [-91.42168784170312, 47.93137779893568, 0],
              [-91.42733039356463, 47.93141596893958, 0],
              [-91.43268248506051, 47.93142908831079, 0],
              [-91.43803455679345, 47.93144220828049, 0],
              [-91.4433866581708, 47.93145534750739, 0],
              [-91.44873872990375, 47.93146846747045, 0],
              [-91.45108291058712, 47.93142996706837, 0],
              [-91.45091188034017, 47.93176978692861, 0],
              [-91.45069303007571, 47.93193692705933, 0],
              [-91.45006434053086, 47.93236943706953, 0],
              [-91.44974993018141, 47.93264078755821, 0],
              [-91.44962717000794, 47.93276416750467, 0],
              [-91.44956857020702, 47.93283760742227, 0],
              [-91.44951150023701, 47.93296476725037, 0],
              [-91.44951748032187, 47.93319691736195, 0],
              [-91.44953959055596, 47.93334182715842, 0],
              [-91.44962210081479, 47.93345595717271, 0],
              [-91.44977349029638, 47.9336072471996, 0],
              [-91.44990385021713, 47.93368026762539, 0],
              [-91.45032020048671, 47.93394507744942, 0],
              [-91.45058853085534, 47.9341036774124, 0],
              [-91.45072267088682, 47.93410572733949, 0],
              [-91.45084125119928, 47.93409838768535, 0],
              [-91.45113812104448, 47.93405724768576, 0],
              [-91.45132387108568, 47.93412272740693, 0],
              [-91.45184608152324, 47.93457062715598, 0],
              [-91.45199168136281, 47.93467216734732, 0],
              [-91.45206939102478, 47.93470873760815, 0],
              [-91.45214691114224, 47.93482661773736, 0],
              [-91.45215487111398, 47.93496932742689, 0],
              [-91.45218037158995, 47.93503129722608, 0],
              [-91.45221888146784, 47.93512485724244, 0],
              [-91.45245663138758, 47.93519083755038, 0],
              [-91.45268059126938, 47.93520213718873, 0],
              [-91.45288823145742, 47.9351780772314, 0],
              [-91.45332220218127, 47.9350779571871, 0],
              [-91.45359952199095, 47.93506251741983, 0],
              [-91.4536615722209, 47.93505345722211, 0],
              [-91.4536622315843, 47.93502303747938, 0],
              [-91.4538781218999, 47.93502183739658, 0],
              [-91.45521625234713, 47.93501436727165, 0],
              [-91.45524669265885, 47.93501257737849, 0],
              [-91.45555820234823, 47.93490886698893, 0],
              [-91.45585708262306, 47.93476846703249, 0],
              [-91.45649307277623, 47.9345343270293, 0],
              [-91.45680323319604, 47.93445747701205, 0],
              [-91.45706470313085, 47.93444316673887, 0],
              [-91.45725933301863, 47.93443661676476, 0],
              [-91.45754416274407, 47.93431448725088, 0],
              [-91.45770926321183, 47.93416380716869, 0],
              [-91.45782228295268, 47.93396737694043, 0],
              [-91.457815912999, 47.93367407686664, 0],
              [-91.45779870307479, 47.93340104657578, 0],
              [-91.45780274279862, 47.93326516676267, 0],
              [-91.45788668317539, 47.9331582166207, 0],
              [-91.45814705267397, 47.93295512648143, 0],
              [-91.45832280266941, 47.93288545685591, 0],
              [-91.45845652318766, 47.93289608651303, 0],
              [-91.45872844322416, 47.93307715688815, 0],
              [-91.45873745332648, 47.9330822667607, 0],
              [-91.45891952296994, 47.93317279688658, 0],
              [-91.45898303296221, 47.93319099678418, 0],
              [-91.45905326325112, 47.9332086369381, 0],
              [-91.45919673318514, 47.93323851666921, 0],
              [-91.4593152128863, 47.93324074658901, 0],
              [-91.4594785831988, 47.93317997657513, 0],
              [-91.45999237372723, 47.93306993686004, 0],
              [-91.46053179408905, 47.93300525629341, 0],
              [-91.46077982343057, 47.93301708665716, 0],
              [-91.46103687365418, 47.93303880634566, 0],
              [-91.46142356424801, 47.9331066966391, 0],
              [-91.46167627381216, 47.93313726677271, 0],
              [-91.46193132438593, 47.93310499635847, 0],
              [-91.46213218409021, 47.93311636626943, 0],
              [-91.46218408425574, 47.93316207640418, 0],
              [-91.46223571402838, 47.93323481638641, 0],
              [-91.46223411412888, 47.93328855652825, 0],
              [-91.46218983437188, 47.93340548653973, 0],
              [-91.46201153405934, 47.93357354644834, 0],
              [-91.46196869430176, 47.93364485642716, 0],
              [-91.46190729445209, 47.93392110658426, 0],
              [-91.46188715422342, 47.93414772675249, 0],
              [-91.46190804454535, 47.93434594681376, 0],
              [-91.46214075401801, 47.93468417668128, 0],
              [-91.46232517455259, 47.93484849675761, 0],
              [-91.46247806422068, 47.93496521680788, 0],
              [-91.46249887459255, 47.93497119676545, 0],
              [-91.46274266478424, 47.9350412668181, 0],
              [-91.46300956503495, 47.93506268653868, 0],
              [-91.46338864510169, 47.93506798639847, 0],
              [-91.46384297524317, 47.93504719681355, 0],
              [-91.46409784525558, 47.93501110646429, 0],
              [-91.46419127543501, 47.9349978664287, 0],
              [-91.46431445512172, 47.93495983628994, 0],
              [-91.46455661487117, 47.93488506629184, 0],
              [-91.46490087533918, 47.9346459362657, 0],
              [-91.46523821518625, 47.93445420653993, 0],
              [-91.46560445563264, 47.93428765653966, 0],
              [-91.46609273580364, 47.93416768613653, 0],
              [-91.46629906534966, 47.93409213618901, 0],
              [-91.46660446559682, 47.93399508653181, 0],
              [-91.46694737589696, 47.93380102639382, 0],
              [-91.46712147568724, 47.9337407264906, 0],
              [-91.46726749593834, 47.93372500645816, 0],
              [-91.46738950601855, 47.93370865627119, 0],
              [-91.4674844058418, 47.93367395589221, 0],
              [-91.46756799587563, 47.93355810623185, 0],
              [-91.46769097613634, 47.93346105617425, 0],
              [-91.467799225823, 47.93343537638879, 0],
              [-91.46791395595615, 47.93344639594157, 0],
              [-91.46799946568973, 47.93345601615545, 0],
              [-91.46814832641378, 47.93350394626861, 0],
              [-91.46852875575009, 47.93367877620992, 0],
              [-91.46908125648075, 47.9340100661959, 0],
              [-91.46930581643716, 47.93408555607756, 0],
              [-91.46950506636043, 47.93413192619488, 0],
              [-91.46951432619437, 47.93414029622385, 0],
              [-91.46950378626114, 47.9349271962747, 0],
              [-91.4694932571077, 47.93649793625654, 0],
              [-91.46585221637788, 47.9381552971273, 0],
              [-91.46478322568137, 47.93856180707424, 0],
              [-91.46469024555789, 47.93859713727224, 0],
              [-91.46415565543737, 47.93863088710633, 0],
              [-91.46335181597166, 47.94042322734989, 0],
              [-91.46175834569314, 47.94205934766466, 0],
              [-91.46278426576507, 47.9418246076179, 0],
              [-91.46270113566867, 47.94215058780057, 0],
              [-91.4626258254068, 47.94244588758286, 0],
              [-91.46171177523219, 47.94343450810626, 0],
              [-91.46330304643489, 47.94272878767531, 0],
              [-91.46380312597715, 47.94286455777134, 0],
              [-91.46401999635474, 47.94334567783853, 0],
              [-91.46423084622327, 47.94381340762052, 0],
              [-91.4652739869992, 47.94274178743539, 0],
              [-91.46655387697159, 47.9421327972474, 0],
              [-91.46946319768166, 47.94074837688596, 0],
              [-91.4713906184637, 47.94006921702374, 0],
              [-91.472743958287, 47.94010213663325, 0],
              [-91.47295602896601, 47.94117594663766, 0],
              [-91.47033019769498, 47.94145473695734, 0],
              [-91.47227415825803, 47.94210076713544, 0],
              [-91.47226512839279, 47.94212209667565, 0],
              [-91.47139879852267, 47.94416858736356, 0],
              [-91.4747495998724, 47.94394193710207, 0],
              [-91.4750763800233, 47.94391984710742, 0],
              [-91.47517037973464, 47.94301489657681, 0],
              [-91.4758200997386, 47.94243363694047, 0],
              [-91.47667171969593, 47.94215573649284, 0],
              [-91.47856297071135, 47.94202460655396, 0],
              [-91.47898962016566, 47.94135721609022, 0],
              [-91.48022470127339, 47.94152979653536, 0],
              [-91.48031478073682, 47.94154237656077, 0],
              [-91.48093464074074, 47.94094668598076, 0],
              [-91.48243039138436, 47.93988617619846, 0],
              [-91.48406802194393, 47.93923648589302, 0],
              [-91.48296090135685, 47.93891419563654, 0],
              [-91.48342513183107, 47.93856246544969, 0],
              [-91.48671078196648, 47.93607313537428, 0],
              [-91.48795387245328, 47.93551966474435, 0],
              [-91.48872000243996, 47.93499440460332, 0],
              [-91.49111763288275, 47.93500983476138, 0],
              [-91.49487296446952, 47.93503122440264, 0],
              [-91.49656234517599, 47.93504081422937, 0],
              [-91.50201381639343, 47.93507160409716, 0],
              [-91.50746691805311, 47.93507397356629, 0],
              [-91.512920060137, 47.93507612275957, 0],
              [-91.51817053151296, 47.93514577258185, 0],
              [-91.51816237121695, 47.93167560210296, 0],
              [-91.52353075276217, 47.9317206917637, 0],
              [-91.52890704397349, 47.93174326125658, 0],
              [-91.53339465523044, 47.9317589608255, 0],
              [-91.53342270512518, 47.9311182708121, 0],
              [-91.53354950502248, 47.9282225805682, 0],
              [-91.533577765123, 47.9275772503781, 0],
              [-91.53896451631749, 47.92761625987418, 0],
              [-91.5443512881732, 47.92765501953878, 0],
              [-91.54991624984872, 47.92769477958571, 0],
              [-91.54998320937167, 47.92410262907246, 0],
              [-91.5554786710886, 47.92419133829835, 0],
              [-91.56097865222966, 47.92404138780955, 0],
              [-91.56647871421916, 47.92389115756894, 0],
              [-91.57203841536035, 47.92379570748539, 0],
              [-91.57759824765557, 47.9237000068026, 0],
              [-91.58307405872564, 47.92364724635059, 0],
              [-91.58311021950908, 47.92549476679871, 0],
              [-91.58328782901715, 47.92541688663923, 0],
              [-91.58350086897838, 47.9253511864126, 0],
              [-91.58375540930908, 47.92533654675531, 0],
              [-91.58402447988951, 47.92530459653167, 0],
              [-91.5843080492786, 47.92533509663442, 0],
              [-91.58456300013938, 47.92539309662232, 0],
              [-91.58470379938207, 47.92543864623924, 0],
              [-91.58470101011311, 47.92552897665315, 0],
              [-91.58465690013773, 47.92567091681824, 0],
              [-91.58461219008771, 47.92583782684918, 0],
              [-91.58451307986074, 47.92603458652565, 0],
              [-91.58444393024511, 47.92611468635101, 0],
              [-91.58434441936951, 47.92632889665737, 0],
              [-91.58419279991922, 47.92648136688373, 0],
              [-91.58404277947014, 47.92660425649367, 0],
              [-91.58391826937851, 47.92672877647644, 0],
              [-91.58386241932067, 47.92684450660131, 0],
              [-91.58384595948972, 47.92694340680215, 0],
              [-91.58388269968653, 47.92705234656727, 0],
              [-91.58400052002423, 47.92714405681612, 0],
              [-91.58401052995144, 47.92718813676402, 0],
              [-91.58867907088975, 47.92715612628638, 0],
              [-91.59421537271442, 47.92711795614809, 0],
              [-91.59975168442055, 47.92707949584684, 0],
              [-91.59950213423126, 47.92352879534292, 0],
              [-91.60479811515786, 47.92348878467926, 0],
              [-91.6046179849771, 47.91992364440125, 0],
              [-91.60998336614928, 47.9198691637292, 0],
              [-91.61534874821979, 47.91981468360175, 0],
              [-91.62071411951051, 47.91976020281494, 0],
              [-91.62588581133103, 47.91988918280619, 0],
              [-91.63105747260883, 47.92001816247588, 0],
              [-91.63622915454786, 47.92014711232498, 0],
              [-91.6414008463684, 47.92027609195366, 0],
              [-91.64668077799413, 47.9202057713211, 0],
              [-91.65196072938281, 47.92013546082731, 0],
              [-91.65177008891321, 47.91654378054956, 0],
              [-91.6571036903856, 47.91650027011275, 0],
              [-91.66368056200784, 47.91626857968672, 0],
              [-91.66904379351153, 47.91627312889116, 0],
              [-91.67206866451662, 47.9162755991644, 0],
              [-91.67210431415867, 47.91620672888964, 0],
              [-91.67210627428261, 47.9161441988875, 0],
              [-91.672027334827, 47.91607138911039, 0],
              [-91.67198859408208, 47.9159992890694, 0],
              [-91.67201853403219, 47.91589152896061, 0],
              [-91.67209912459127, 47.91585667875286, 0],
              [-91.67227232426963, 47.91579674867106, 0],
              [-91.67261172485196, 47.91571840897971, 0],
              [-91.67288046485235, 47.91569457898022, 0],
              [-91.67299992461547, 47.91573217895748, 0],
              [-91.67315939444302, 47.9158156187672, 0],
              [-91.67335956513946, 47.9159085386278, 0],
              [-91.67354182522578, 47.91600865845595, 0],
              [-91.67375149470804, 47.91604809872619, 0],
              [-91.67392075527387, 47.91607628873542, 0],
              [-91.67409869536198, 47.91610231851248, 0],
              [-91.67427577486406, 47.91612432887811, 0],
              [-91.67440784517711, 47.91618874878989, 0],
              [-91.6744498153655, 47.91620921843219, 0],
              [-91.67453917527838, 47.91625354852474, 0],
              [-91.67475221523961, 47.91627386882923, 0],
              [-91.67485869524518, 47.91626672893824, 0],
              [-91.67498242559913, 47.91624030850336, 0],
              [-91.67511641561197, 47.91620596848039, 0],
              [-91.67526321560076, 47.91610127874251, 0],
              [-91.67531844582105, 47.91605717850933, 0],
              [-91.67548395592058, 47.91593209880178, 0],
              [-91.67563202522886, 47.91585252868423, 0],
              [-91.67576604578441, 47.91583588866972, 0],
              [-91.67590701570701, 47.91584700830371, 0],
              [-91.67607386609293, 47.91585697858374, 0],
              [-91.67619477573692, 47.91590359864821, 0],
              [-91.67624721578994, 47.91595023853899, 0],
              [-91.6764187059743, 47.91605988841584, 0],
              [-91.67651112554906, 47.91607848868981, 0],
              [-91.67661672610397, 47.91612444868942, 0],
              [-91.67676398603018, 47.91622689869612, 0],
              [-91.67683297574568, 47.91627883827463, 0],
              [-91.67709372612995, 47.91627898879088, 0],
              [-91.6797797669829, 47.91628046806476, 0],
              [-91.68515182892584, 47.91628320806279, 0],
              [-91.69053851005172, 47.91627874736282, 0],
              [-91.69592522172036, 47.91627401693725, 0],
              [-91.70131909296178, 47.91626928651126, 0],
              [-91.70671299474593, 47.91626430622773, 0],
              [-91.706832024216, 47.91266880598065, 0],
              [-91.7069510240417, 47.90907327507822, 0],
              [-91.70707004363032, 47.90547777498635, 0],
              [-91.70710083338668, 47.90503091500091, 0],
              [-91.70690880322334, 47.90336962482436, 0],
              [-91.7068393230277, 47.90194543414997, 0],
              [-91.70666694171456, 47.89841312389243, 0],
              [-91.7064945810627, 47.89488078343262, 0],
              [-91.70647963129973, 47.89457453354981, 0],
              [-91.70646866107347, 47.89260618308592, 0],
              [-91.70645759113422, 47.8913484531684, 0],
              [-91.70578063061758, 47.88855995278136, 0],
              [-91.70531216907838, 47.88508599197236, 0],
              [-91.70439447893021, 47.88175480165702, 0],
              [-91.70347679776519, 47.87842360136867, 0],
              [-91.69855339669596, 47.87816654178643, 0],
              [-91.69362999472838, 47.87790947189107, 0],
              [-91.68870662330353, 47.87765241216799, 0],
              [-91.68378323211577, 47.87739537286017, 0],
              [-91.6785488603463, 47.87722424317724, 0],
              [-91.6733144984583, 47.87705311353159, 0],
              [-91.6680801365703, 47.87688200380658, 0],
              [-91.66284574503787, 47.87671087423561, 0],
              [-91.66261269510372, 47.87324838395975, 0],
              [-91.66237965415272, 47.86978588346634, 0],
              [-91.66214660332024, 47.8663233926842, 0],
              [-91.66191353272484, 47.86286092250715, 0],
              [-91.6618861125491, 47.85930524193549, 0],
              [-91.66186404184089, 47.8564465617036, 0],
              [-91.66201995164496, 47.85643168134148, 0],
              [-91.66229628151119, 47.85644424167656, 0],
              [-91.66305101187695, 47.85605262155799, 0],
              [-91.66313109219294, 47.85599132147124, 0],
              [-91.66320824220448, 47.85592410153723, 0],
              [-91.66336252246464, 47.85575739157779, 0],
              [-91.66345562206405, 47.85565678150174, 0],
              [-91.66367256251023, 47.85552436116995, 0],
              [-91.66376725212768, 47.85548939135871, 0],
              [-91.6640372327015, 47.85534019118706, 0],
              [-91.66421479190393, 47.85519868139895, 0],
              [-91.66435452215143, 47.85503673104853, 0],
              [-91.66438291250766, 47.85495431142682, 0],
              [-91.66443991240907, 47.85482200141806, 0],
              [-91.66445796225807, 47.85465104131735, 0],
              [-91.66442176194876, 47.85444408118477, 0],
              [-91.66445116201137, 47.8543810811511, 0],
              [-91.66450606254995, 47.8543193908942, 0],
              [-91.66472277212911, 47.85425840100173, 0],
              [-91.6648408727412, 47.8542335511263, 0],
              [-91.66525851209319, 47.85416593107379, 0],
              [-91.66546135258267, 47.85410533100477, 0],
              [-91.66563909234647, 47.85399862111125, 0],
              [-91.6657489024068, 47.85391784063489, 0],
              [-91.66589709298765, 47.85379523112178, 0],
              [-91.66601284270862, 47.85341266066872, 0],
              [-91.66605786267739, 47.85323895077827, 0],
              [-91.66611583275933, 47.85307805101571, 0],
              [-91.66615794218659, 47.85298005069283, 0],
              [-91.66622797215119, 47.85288971059705, 0],
              [-91.66636675287943, 47.85278124042676, 0],
              [-91.66666120266326, 47.85258174039139, 0],
              [-91.66682433312559, 47.85251110053453, 0],
              [-91.66720216273747, 47.85229445074562, 0],
              [-91.66720206302448, 47.85220137028548, 0],
              [-91.66738950279671, 47.85220163069954, 0],
              [-91.66740799282019, 47.85219363080325, 0],
              [-91.66815314265342, 47.85170074053255, 0],
              [-91.66858528350906, 47.85155933052514, 0],
              [-91.6688570535269, 47.85143723024306, 0],
              [-91.66906407297908, 47.85128527015122, 0],
              [-91.66937124290733, 47.85112875046558, 0],
              [-91.66965973326758, 47.8510402903663, 0],
              [-91.67013798374842, 47.8508671904253, 0],
              [-91.6705584536919, 47.85073688041722, 0],
              [-91.67079010315251, 47.85069381983965, 0],
              [-91.67100607341818, 47.85066878981883, 0],
              [-91.67127128393783, 47.85064560022112, 0],
              [-91.67176644430559, 47.85061581988676, 0],
              [-91.67223425366788, 47.8505143197029, 0],
              [-91.67250820389692, 47.85047196003234, 0],
              [-91.6728089742271, 47.85042544983615, 0],
              [-91.6733171439968, 47.85035370988822, 0],
              [-91.67359258453091, 47.85030263011668, 0],
              [-91.67374992445292, 47.85026190997863, 0],
              [-91.67384018447773, 47.85022067981158, 0],
              [-91.67402401481914, 47.85012000956029, 0],
              [-91.67409626452081, 47.8499728996462, 0],
              [-91.67412824454493, 47.84977313983462, 0],
              [-91.67417347471948, 47.84953773989233, 0],
              [-91.67432815472993, 47.84925046955384, 0],
              [-91.67480178427697, 47.84899540958897, 0],
              [-91.6748833944239, 47.84896884932341, 0],
              [-91.6750351144855, 47.84878999971986, 0],
              [-91.67506009483692, 47.84861934949246, 0],
              [-91.67506803414742, 47.84856508977401, 0],
              [-91.67500495444816, 47.84833784942033, 0],
              [-91.67499799430134, 47.8481790094852, 0],
              [-91.67505232440972, 47.84808078950664, 0],
              [-91.67515865439664, 47.84797589930575, 0],
              [-91.67535188470919, 47.84785020959322, 0],
              [-91.67573198436378, 47.84756629931559, 0],
              [-91.6760122749021, 47.84730060915059, 0],
              [-91.67624086470087, 47.84706058904435, 0],
              [-91.67632824472688, 47.84680641900224, 0],
              [-91.67634630445737, 47.84664370934606, 0],
              [-91.6763229743111, 47.84651067939912, 0],
              [-91.67624596443676, 47.84641171894187, 0],
              [-91.6760346142066, 47.84629203915718, 0],
              [-91.67579610431214, 47.84618994933469, 0],
              [-91.67534519405696, 47.84606796904504, 0],
              [-91.67479945404712, 47.84599928932953, 0],
              [-91.67456902360034, 47.84592217940651, 0],
              [-91.67445422429691, 47.84586712889713, 0],
              [-91.67434185403802, 47.84577158918767, 0],
              [-91.67425771423525, 47.84571253897455, 0],
              [-91.67424737372802, 47.84559451913356, 0],
              [-91.67406786338479, 47.84528589909692, 0],
              [-91.67395724394238, 47.84516770887248, 0],
              [-91.6738598432094, 47.84505094904487, 0],
              [-91.67372578312798, 47.84492235895156, 0],
              [-91.67371944371702, 47.84491628900508, 0],
              [-91.67345428350302, 47.84480490885831, 0],
              [-91.67327591312188, 47.84465830899218, 0],
              [-91.67308513341344, 47.84451120890791, 0],
              [-91.67299545280197, 47.84437608926201, 0],
              [-91.67289173331928, 47.84418297902157, 0],
              [-91.67280361308148, 47.84406772906276, 0],
              [-91.67269300352054, 47.84398250899402, 0],
              [-91.67260455270274, 47.84392088896514, 0],
              [-91.67248177276633, 47.84389774880312, 0],
              [-91.67240374330412, 47.8438830390801, 0],
              [-91.67220892297351, 47.84387274926525, 0],
              [-91.67196735251888, 47.84382453898046, 0],
              [-91.67182767257704, 47.8438229189675, 0],
              [-91.67156445272406, 47.8438109289406, 0],
              [-91.67123815227352, 47.84384071921149, 0],
              [-91.67121447268262, 47.843842879429, 0],
              [-91.67089612232235, 47.84385734920628, 0],
              [-91.67054607221232, 47.84394313922716, 0],
              [-91.6704259827302, 47.84400450902373, 0],
              [-91.670318472357, 47.84408288910319, 0],
              [-91.67020746214745, 47.84419044899563, 0],
              [-91.67008427257926, 47.84427964908457, 0],
              [-91.66993710248458, 47.84433164939007, 0],
              [-91.66982658185688, 47.84433959925246, 0],
              [-91.6696807125227, 47.8443649693497, 0],
              [-91.66946206258254, 47.84450697956631, 0],
              [-91.66923752238908, 47.8445131894334, 0],
              [-91.66902418239057, 47.84444756918778, 0],
              [-91.66894558159984, 47.84440154917363, 0],
              [-91.66881083161228, 47.84438194946203, 0],
              [-91.66836761183424, 47.84448460956907, 0],
              [-91.66828760158683, 47.8445106693127, 0],
              [-91.66795171162063, 47.84459651974871, 0],
              [-91.66784534210784, 47.84460468962853, 0],
              [-91.66734881180928, 47.84459869983041, 0],
              [-91.66713451151173, 47.84462328965041, 0],
              [-91.66702220143996, 47.84467052973311, 0],
              [-91.66686575174839, 47.84473633960926, 0],
              [-91.66675631179396, 47.84484358946404, 0],
              [-91.66667563140334, 47.84490835972949, 0],
              [-91.66664619181486, 47.84493198959419, 0],
              [-91.66659049177566, 47.84501238977542, 0],
              [-91.66653528131832, 47.84511908982425, 0],
              [-91.66650519134956, 47.84520115972546, 0],
              [-91.66645009138497, 47.84528077995174, 0],
              [-91.66637196131144, 47.8452355299661, 0],
              [-91.66609596112693, 47.84510829985359, 0],
              [-91.66585376095328, 47.84504974988982, 0],
              [-91.66566481111306, 47.84504636946617, 0],
              [-91.66547715125357, 47.84506342954028, 0],
              [-91.66523478129832, 47.84509621004359, 0],
              [-91.66515430123204, 47.8451135594898, 0],
              [-91.66498267091046, 47.84517409952809, 0],
              [-91.66481280128689, 47.84549767969787, 0],
              [-91.6647171405906, 47.84562060966962, 0],
              [-91.66458093084067, 47.8457536099465, 0],
              [-91.66439978107205, 47.84595049019585, 0],
              [-91.66435695119596, 47.84610255996871, 0],
              [-91.66440304105822, 47.84638205012025, 0],
              [-91.66450589097174, 47.84653539973969, 0],
              [-91.66451785114143, 47.84660746991924, 0],
              [-91.6645420409754, 47.84669844011078, 0],
              [-91.66448812139711, 47.84674280983027, 0],
              [-91.66427150075118, 47.84681259001015, 0],
              [-91.66413628094472, 47.84681102012897, 0],
              [-91.66396219103592, 47.84683595012615, 0],
              [-91.66389658078252, 47.84687089020355, 0],
              [-91.66379910099776, 47.8469695604066, 0],
              [-91.66368905108727, 47.84710324027576, 0],
              [-91.6635251606502, 47.84722649018252, 0],
              [-91.66337724046227, 47.84730616999811, 0],
              [-91.66314922109368, 47.84736547039513, 0],
              [-91.66304536057548, 47.84738211011149, 0],
              [-91.66288819043507, 47.8474088502409, 0],
              [-91.66277138070204, 47.84743391016972, 0],
              [-91.66255322034371, 47.84752224017299, 0],
              [-91.6622439905785, 47.84767949056155, 0],
              [-91.66202614013895, 47.84789212046562, 0],
              [-91.66194246027361, 47.8479553001977, 0],
              [-91.66188884073262, 47.84797448017463, 0],
              [-91.66182095055501, 47.8479987506875, 0],
              [-91.66174000066984, 47.84799781022716, 0],
              [-91.66166107019737, 47.84798756041442, 0],
              [-91.66151550000221, 47.84792303031514, 0],
              [-91.66139664031371, 47.8478950805101, 0],
              [-91.6612361203556, 47.84787487021507, 0],
              [-91.66112981013163, 47.8478650001803, 0],
              [-91.66091259030938, 47.84786894047781, 0],
              [-91.6607257299505, 47.84789633023964, 0],
              [-91.6605798803793, 47.84792119038624, 0],
              [-91.65998653954087, 47.84816511061354, 0],
              [-91.65994149980916, 47.84822208059077, 0],
              [-91.65978123946417, 47.84838740047908, 0],
              [-91.6596807602047, 47.84858499053685, 0],
              [-91.6596759299634, 47.8486204906912, 0],
              [-91.65593698903729, 47.84859052110406, 0],
              [-91.65060271742172, 47.84848485123873, 0],
              [-91.64526851587472, 47.84838014150571, 0],
              [-91.6399343538536, 47.84827544180987, 0],
              [-91.63454554192386, 47.84782834261828, 0],
              [-91.62915676053683, 47.84738127273016, 0],
              [-91.62375110878877, 47.84739261324772, 0],
              [-91.62372479803241, 47.84396886282121, 0],
              [-91.61833521714478, 47.84388440285573, 0],
              [-91.61832494580783, 47.84036482235479, 0],
              [-91.6183147059119, 47.83684527199548, 0],
              [-91.61830443547325, 47.83332569152677, 0],
              [-91.61832989462673, 47.82978361117574, 0],
              [-91.61835532413579, 47.8262415206552, 0],
              [-91.61838078328924, 47.82269942000966, 0],
              [-91.61840621279832, 47.81915733944322, 0],
              [-91.61827310223613, 47.81559761928484, 0],
              [-91.61813997191103, 47.81203786862942, 0],
              [-91.61800687123034, 47.80847814845306, 0],
              [-91.61788973001897, 47.80497225795623, 0],
              [-91.61423253937699, 47.80493497819302, 0],
              [-91.61236694873764, 47.80491596814012, 0],
              [-91.60886141797012, 47.80488017863622, 0],
              [-91.60687074680895, 47.80485805884365, 0],
              [-91.60349223602597, 47.80482086889928, 0],
              [-91.60148935496345, 47.80479886915032, 0],
              [-91.59812305408181, 47.80476180888626, 0],
              [-91.59613204335744, 47.8047380895311, 0],
              [-91.592187982916, 47.80473138980083, 0],
              [-91.59073510257271, 47.80472894980515, 0],
              [-91.58625294049627, 47.80472132029281, 0],
              [-91.58536106074285, 47.80471911017767, 0],
              [-91.58140840971234, 47.80476596061703, 0],
              [-91.58050317919717, 47.80477671070803, 0],
              [-91.5765638780301, 47.80482338069053, 0],
              [-91.57657553726416, 47.8020194702647, 0],
              [-91.57659575654458, 47.79840157959458, 0],
              [-91.57663906612106, 47.79478401933322, 0],
              [-91.57668237569754, 47.79116646913035, 0],
              [-91.57667301525227, 47.78755006856156, 0],
              [-91.57666363504408, 47.78393364813282, 0],
              [-91.5766542737005, 47.7803172272061, 0],
              [-91.57664488361084, 47.776700807038, 0],
              [-91.57126343157822, 47.77668926755138, 0],
              [-91.56588201008832, 47.77667769787777, 0],
              [-91.560500558954, 47.77666612820167, 0],
              [-91.5551191069214, 47.77665456878562, 0],
              [-91.54972773569139, 47.77661821890897, 0],
              [-91.54433634380015, 47.77658186900693, 0],
              [-91.53894497167185, 47.77654552994588, 0],
              [-91.53355358067891, 47.77650914980853, 0],
              [-91.53350354990748, 47.77310012931679, 0],
              [-91.52878636878981, 47.77316106971064, 0],
              [-91.52342299714888, 47.77322988022843, 0],
              [-91.51805950513376, 47.7732944506807, 0],
              [-91.51269599335568, 47.7733590113932, 0],
              [-91.50731816243196, 47.77334283152759, 0],
              [-91.50194032072848, 47.77332668184322, 0],
              [-91.49656260928069, 47.77331052249429, 0],
              [-91.49222205762565, 47.77329753270687, 0],
              [-91.49138046735847, 47.7738537125805, 0],
              [-91.4911910575808, 47.77401825271789, 0],
              [-91.49057165751431, 47.77455630264932, 0],
              [-91.49000090750866, 47.77481108311947, 0],
              [-91.48894978699808, 47.774816343239, 0],
              [-91.48743766635504, 47.77452204317047, 0],
              [-91.4858102056228, 47.77409064335517, 0],
              [-91.48271928508814, 47.77327124341026, 0],
              [-91.48042103436693, 47.77326492359296, 0],
              [-91.47503905232828, 47.77325017392853, 0],
              [-91.46965707118797, 47.77323544418293, 0],
              [-91.46427578893693, 47.77323296467331, 0],
              [-91.45889452734716, 47.77323048516359, 0],
              [-91.45369598578111, 47.77322809560918, 0],
              [-91.45351434553234, 47.77334215535393, 0],
              [-91.45237704604331, 47.7740562954267, 0],
              [-91.45171224512235, 47.77434968591825, 0],
              [-91.45113898522379, 47.77442760550937, 0],
              [-91.45036753541396, 47.77448468601688, 0],
              [-91.44814401464293, 47.77480087620402, 0],
              [-91.44806759496173, 47.77481176591479, 0],
              [-91.44630822381652, 47.77516374600042, 0],
              [-91.44357270375772, 47.77583217626664, 0],
              [-91.44277827324632, 47.77599577683019, 0],
              [-91.44212173323272, 47.77613097670378, 0],
              [-91.4416398526598, 47.77617750640201, 0],
              [-91.44134504265153, 47.77614097689478, 0],
              [-91.44105181277988, 47.7760021464223, 0],
              [-91.44005348266528, 47.77561243654513, 0],
              [-91.43971834189402, 47.77553651697966, 0],
              [-91.4383850021622, 47.77539760701564, 0],
              [-91.43739445145796, 47.77530407710394, 0],
              [-91.43705759131127, 47.7752722667413, 0],
              [-91.43556400111594, 47.77518488715142, 0],
              [-91.43425893046778, 47.77518492699596, 0],
              [-91.4325643997198, 47.77522949731226, 0],
              [-91.43201099977553, 47.77521293709096, 0],
              [-91.43143991918984, 47.77519585707447, 0],
              [-91.43118807919488, 47.77515941743337, 0],
              [-91.43103613904604, 47.77506771753107, 0],
              [-91.43093289926371, 47.77486262719681, 0],
              [-91.43076167947224, 47.77446540703703, 0],
              [-91.4306288294215, 47.77390982716253, 0],
              [-91.43066092892155, 47.7732793067908, 0],
              [-91.4266046680028, 47.77329174719118, 0],
              [-91.42123810644432, 47.77333499757291, 0],
              [-91.41587153500438, 47.77337823825903, 0],
              [-91.41050499320885, 47.77342147830552, 0],
              [-91.40513843165037, 47.77346468873346, 0],
              [-91.40512797166721, 47.7726577285331, 0],
              [-91.40010864939025, 47.77266681896081, 0],
              [-91.39464869807651, 47.77261833967997, 0],
              [-91.38918925610756, 47.77257010969662, 0],
              [-91.38373900480225, 47.77252195030567, 0],
              [-91.37828563274967, 47.7724697506652, 0],
              [-91.3728414414793, 47.7724176312694, 0],
              [-91.36740637978714, 47.77236557159139, 0],
              [-91.36198041802884, 47.77231361208187, 0],
              [-91.36200626884775, 47.77590354232013, 0],
              [-91.36201420905655, 47.77700693241369, 0],
              [-91.36201838891758, 47.7779348725868, 0],
              [-91.36202533918292, 47.77949256311485, 0],
              [-91.36205893976782, 47.78308012350699, 0],
              [-91.36209253047123, 47.7866668339617, 0],
              [-91.35664567928929, 47.78658722399839, 0],
              [-91.35120799721145, 47.78650772436708, 0],
              [-91.3457794653731, 47.78642834472555, 0],
              [-91.34036004424838, 47.78634913517102, 0],
              [-91.33497214231203, 47.78627460562643, 0],
              [-91.32959321095207, 47.78620022626568, 0],
              [-91.32422328879613, 47.78612594638888, 0],
              [-91.32325165840841, 47.7861125264339, 0],
              [-91.32011493816731, 47.79076641747155, 0],
              [-91.31998818857566, 47.79095447765805, 0],
              [-91.31987150820004, 47.79112758737436, 0],
              [-91.3195551287435, 47.79154442785553, 0],
              [-91.31949432896843, 47.79162453778132, 0],
              [-91.31909772816039, 47.79222655775878, 0],
              [-91.31889935858608, 47.79261044784441, 0],
              [-91.31884480839045, 47.7927525477911, 0],
              [-91.31884376814136, 47.79315246768594, 0],
              [-91.31884182867867, 47.7934919978759, 0],
              [-91.3189255786126, 47.7937183981814, 0],
              [-91.31909225921694, 47.7939697981587, 0],
              [-91.31926948873766, 47.79416865818062, 0],
              [-91.31939774929562, 47.79423637816072, 0],
              [-91.3197766793437, 47.79448253802107, 0],
              [-91.32021182955555, 47.79470508804346, 0],
              [-91.32066064943105, 47.79530416782558, 0],
              [-91.32107614989435, 47.79589905808844, 0],
              [-91.3211927494216, 47.79661344833438, 0],
              [-91.3211454594101, 47.79676494820761, 0],
              [-91.32102304957961, 47.79715710823697, 0],
              [-91.32070743009778, 47.79787463839229, 0],
              [-91.32032026968506, 47.79838924838996, 0],
              [-91.31974577999289, 47.79881168838831, 0],
              [-91.31946646951653, 47.79893226878281, 0],
              [-91.31880942914131, 47.79915834849902, 0],
              [-91.31880286964311, 47.80030682869172, 0],
              [-91.31349166766232, 47.80023089932939, 0],
              [-91.30818925659493, 47.80015512976109, 0],
              [-91.30289559511839, 47.80007946024939, 0],
              [-91.29761067335126, 47.80000394027478, 0],
              [-91.29473864260694, 47.79994537079432, 0],
              [-91.29436307225801, 47.79976486054733, 0],
              [-91.2942403623902, 47.79971346063668, 0],
              [-91.29414136175768, 47.79962630073964, 0],
              [-91.29415020207838, 47.79951118051659, 0],
              [-91.29417329237447, 47.7993902007922, 0],
              [-91.29435291231214, 47.79916312039676, 0],
              [-91.29458443241538, 47.79883677058164, 0],
              [-91.29463751206889, 47.79860304034871, 0],
              [-91.2945691924966, 47.79842377032461, 0],
              [-91.29440844167144, 47.7981958101168, 0],
              [-91.29417100167048, 47.79802492046725, 0],
              [-91.29393999181033, 47.79792883043306, 0],
              [-91.29369132197, 47.79788271002596, 0],
              [-91.29316938192531, 47.79783365021184, 0],
              [-91.29260159097021, 47.79772775025119, 0],
              [-91.29232005177364, 47.79770992031003, 0],
              [-91.29227033092097, 47.79771896049586, 0],
              [-91.29206711134246, 47.79775588035467, 0],
              [-91.29178018135588, 47.79789766028606, 0],
              [-91.29146235112016, 47.79810674080689, 0],
              [-91.29135051086728, 47.79816256068191, 0],
              [-91.29054878064588, 47.79867196081072, 0],
              [-91.29000849071487, 47.79899751091143, 0],
              [-91.28984435054616, 47.79919856083528, 0],
              [-91.28976613064111, 47.79937414066116, 0],
              [-91.28964897056511, 47.79958572064724, 0],
              [-91.28956451096211, 47.79965602103612, 0],
              [-91.28943415104135, 47.79984221103841, 0],
              [-91.28690091990643, 47.7997926311169, 0],
              [-91.28491174983009, 47.79974572128086, 0],
              [-91.28490051909239, 47.79947574089476, 0],
              [-91.28499802941987, 47.79906105129184, 0],
              [-91.28510767958007, 47.79867488081956, 0],
              [-91.28516163958255, 47.79843100128787, 0],
              [-91.28516941899292, 47.79820839119057, 0],
              [-91.28500151937473, 47.79797375115975, 0],
              [-91.28484394948401, 47.79785264113256, 0],
              [-91.28452880880424, 47.7977177107646, 0],
              [-91.2839384988816, 47.79769071089046, 0],
              [-91.28343304831225, 47.79765755104548, 0],
              [-91.28297963894396, 47.79768634135448, 0],
              [-91.28256917802939, 47.79774444088567, 0],
              [-91.28209665790173, 47.79782121085625, 0],
              [-91.28165603784814, 47.79792481091292, 0],
              [-91.28164219840288, 47.79792662123581, 0],
              [-91.28129914796554, 47.79797153110245, 0],
              [-91.28092585754078, 47.79797461106235, 0],
              [-91.28063526781776, 47.79793695154047, 0],
              [-91.28007359798298, 47.79795608121479, 0],
              [-91.27949259730161, 47.79810087115678, 0],
              [-91.27909449720535, 47.79821542123906, 0],
              [-91.27856648724429, 47.79850633165682, 0],
              [-91.27799066714717, 47.79886812179772, 0],
              [-91.2777255374759, 47.79908043157815, 0],
              [-91.27742781692612, 47.79938882196845, 0],
              [-91.27631802654602, 47.79936305153453, 0],
              [-91.2763532261321, 47.79754045138322, 0],
              [-91.27637903652686, 47.79597172119831, 0],
              [-91.27641354620681, 47.79402864111636, 0],
              [-91.27642048569238, 47.79248695113068, 0],
              [-91.27647862555588, 47.79039079055389, 0],
              [-91.27651867514619, 47.78894684009239, 0],
              [-91.27657414521668, 47.78694788033618, 0],
              [-91.27658106493931, 47.78540540989882, 0],
              [-91.27657370414387, 47.7833385895041, 0],
              [-91.27656849391522, 47.7818758791637, 0],
              [-91.27656125349404, 47.77984366881809, 0],
              [-91.27655591390798, 47.77834556909777, 0],
              [-91.27654878308127, 47.77634416840654, 0],
              [-91.27654333300244, 47.7748143884282, 0],
              [-91.27653637285562, 47.77286558843006, 0],
              [-91.27376508188219, 47.77286975840652, 0],
              [-91.27116220077005, 47.77288800861539, 0],
              [-91.26839868022384, 47.77290566897219, 0],
              [-91.26497803935237, 47.77293276926465, 0],
              [-91.26303499866418, 47.77296260927357, 0],
              [-91.25767134674891, 47.77304501967503, 0],
              [-91.2523206754895, 47.77321977986245, 0],
              [-91.24697004375595, 47.77339453040664, 0],
              [-91.24161937249654, 47.77356927070403, 0],
              [-91.23626871022027, 47.77374404120403, 0],
              [-91.23404196988727, 47.77375512130841, 0],
              [-91.23090466933449, 47.77377576133964, 0],
              [-91.2300139088819, 47.77378163192618, 0],
              [-91.2255406571948, 47.7738203618424, 0],
              [-91.22018602616163, 47.77392233261377, 0],
              [-91.2148313645857, 47.77402429292196, 0],
              [-91.20946768302603, 47.77406437317479, 0],
              [-91.20410400056805, 47.77410445339666, 0],
              [-91.20275705046136, 47.77410568377308, 0],
              [-91.19958921976534, 47.77411196364285, 0],
              [-91.19873515908537, 47.77411561371867, 0],
              [-91.19336628795831, 47.77413866424954, 0],
              [-91.18802329639627, 47.77417052481043, 0],
              [-91.18268031471568, 47.77420237508863, 0],
              [-91.17733732315365, 47.77423423561044, 0],
              [-91.17199434147305, 47.77426609611278, 0],
              [-91.16664058000907, 47.77429267650101, 0],
              [-91.16128681854507, 47.77431922668989, 0],
              [-91.15593305618277, 47.77434579678781, 0],
              [-91.15057929471877, 47.77437234755329, 0],
              [-91.14772226404308, 47.77437474792198, 0],
              [-91.14523761290042, 47.77432226760271, 0],
              [-91.14100954199706, 47.77423294788406, 0],
              [-91.1398959517433, 47.77423276797668, 0],
              [-91.13454107008016, 47.77426198843098, 0],
              [-91.12918619829848, 47.77429119920943, 0],
              [-91.12383563663353, 47.77429644911837, 0],
              [-91.11848509562984, 47.77430166944477, 0],
              [-91.11313452318511, 47.77430689037435, 0],
              [-91.10778399206288, 47.77431213062228, 0],
              [-91.10245148024693, 47.77432449108519, 0],
              [-91.09711896843098, 47.77433687146777, 0],
              [-91.09710397914216, 47.77795081196915, 0],
              [-91.09708898985333, 47.78156474213737, 0],
              [-91.09707400056449, 47.78517818267559, 0],
              [-91.09705901127566, 47.78879162311342, 0],
              [-91.09706135138698, 47.79240672364386, 0],
              [-91.0970636618539, 47.7960218243478, 0],
              [-91.09706598310058, 47.79963604478446, 0],
              [-91.09706829356749, 47.80325028532976, 0],
              [-91.09708966358978, 47.80686699547887, 0],
              [-91.09171255221662, 47.80686899614471, 0],
              [-91.08633546060636, 47.80687075668229, 0],
              [-91.08636703099872, 47.81048668686409, 0],
              [-91.08639862205233, 47.81410265727468, 0],
              [-91.09176551329251, 47.81410142724169, 0],
              [-91.09713240543101, 47.81409992695132, 0],
              [-91.10249927690825, 47.81409841640554, 0],
              [-91.10251552743173, 47.81771488692934, 0],
              [-91.1025505374733, 47.82133176724486, 0],
              [-91.10258554841319, 47.8249485379246, 0],
              [-91.10262055935308, 47.82856505842313, 0],
              [-91.10265556939466, 47.83218143849705, 0],
              [-91.09728962767372, 47.83218032889793, 0],
              [-91.09677496757608, 47.83218023904453, 0],
              [-91.09706223802415, 47.8323581291915, 0],
              [-91.09729093831571, 47.83257018931233, 0],
              [-91.09740108793922, 47.8326723294574, 0],
              [-91.09783662801989, 47.8331091394913, 0],
              [-91.09793574812835, 47.83319008926691, 0],
              [-91.09802358809176, 47.83336469909133, 0],
              [-91.09811677842102, 47.83365238907495, 0],
              [-91.09836605911573, 47.83448022969892, 0],
              [-91.09845223899254, 47.83488394933928, 0],
              [-91.09850590883916, 47.83579783973045, 0],
              [-91.09854148931095, 47.83640367971146, 0],
              [-91.09870967908496, 47.83693216984449, 0],
              [-91.0989767994229, 47.83733360982389, 0],
              [-91.09915872982751, 47.83751223000112, 0],
              [-91.0995188698148, 47.83768192969474, 0],
              [-91.09989296962159, 47.837758889666, 0],
              [-91.10046195982763, 47.83779046943263, 0],
              [-91.10151917989899, 47.83779723966708, 0],
              [-91.10217838072245, 47.83777836947547, 0],
              [-91.10234065059875, 47.83774006950758, 0],
              [-91.10251242015917, 47.83784009930682, 0],
              [-91.10272525081291, 47.83796402967334, 0],
              [-91.10315720032739, 47.83823125941667, 0],
              [-91.10351332125211, 47.8383007996076, 0],
              [-91.10389740134173, 47.83836493949608, 0],
              [-91.10406695116508, 47.83851680961425, 0],
              [-91.10415025104305, 47.83868045946466, 0],
              [-91.10412648072233, 47.83878172956143, 0],
              [-91.10404416090631, 47.83893812973781, 0],
              [-91.10383482110576, 47.83900778957404, 0],
              [-91.10369161078486, 47.83901843972017, 0],
              [-91.10336989084395, 47.83900811939516, 0],
              [-91.102973700566, 47.83900634969675, 0],
              [-91.10260590064426, 47.8390456695466, 0],
              [-91.10214207081867, 47.83924039977288, 0],
              [-91.1014072102887, 47.83935871987369, 0],
              [-91.10082364042563, 47.83939356007292, 0],
              [-91.10012029998235, 47.83938191994456, 0],
              [-91.09968029976629, 47.83934982983678, 0],
              [-91.09926698939566, 47.83931969028487, 0],
              [-91.09873008970654, 47.83925067000595, 0],
              [-91.09825518904337, 47.83914660006585, 0],
              [-91.0976560792242, 47.83896336982463, 0],
              [-91.09731199931755, 47.83884198033042, 0],
              [-91.09725201880603, 47.83882081985156, 0],
              [-91.09685703855875, 47.83855961981907, 0],
              [-91.09655109842411, 47.83819425014568, 0],
              [-91.09624483848927, 47.83766665985035, 0],
              [-91.09602368853767, 47.83690758964448, 0],
              [-91.09590445784495, 47.83634391996356, 0],
              [-91.09591260825952, 47.83579713964633, 0],
              [-91.09591788765846, 47.83544279998583, 0],
              [-91.09596117837032, 47.83512771982078, 0],
              [-91.09594822825717, 47.83495370989443, 0],
              [-91.0958330381866, 47.83481176940452, 0],
              [-91.09553688789194, 47.83461509954258, 0],
              [-91.09509327734675, 47.83427320957466, 0],
              [-91.09458261744709, 47.83380637935031, 0],
              [-91.09422359765895, 47.83338313972242, 0],
              [-91.09402501698057, 47.83310631971257, 0],
              [-91.09386080674325, 47.83271240971256, 0],
              [-91.09371622738986, 47.83239671957627, 0],
              [-91.09356096706773, 47.83217956966677, 0],
              [-91.09192370661404, 47.83217919939838, 0],
              [-91.08655775501164, 47.83217810005092, 0],
              [-91.0811908727546, 47.83217375030133, 0],
              [-91.07582401115883, 47.83216937100226, 0],
              [-91.07045711991866, 47.83216499109975, 0],
              [-91.06509022867849, 47.83216061119687, 0],
              [-91.0597190066603, 47.83216600180012, 0],
              [-91.0543478053034, 47.83217137250235, 0],
              [-91.04897658328522, 47.83217674260099, 0],
              [-91.04360539180976, 47.83218214285128, 0],
              [-91.0382367497531, 47.83217915356709, 0],
              [-91.03286813823915, 47.83217618358011, 0],
              [-91.03079967836425, 47.83217593392029, 0],
              [-91.02914755708082, 47.83217619383185, 0],
              [-91.02749541693277, 47.8321763041887, 0],
              [-91.02179407482748, 47.8321776447534, 0],
              [-91.02179016535935, 47.83116816440199, 0],
              [-91.01630096310336, 47.83116856483036, 0],
              [-91.01093244142092, 47.83116848522714, 0],
              [-91.00556882004837, 47.83118879550474, 0],
              [-91.0002052382017, 47.83120908587355, 0],
              [-90.99484196717212, 47.831216026425, 0],
              [-90.98947870512569, 47.8312229669755, 0],
              [-90.9841154340961, 47.83122990692205, 0],
              [-90.97875217204967, 47.8312368474707, 0],
              [-90.97340940057487, 47.83123214787089, 0],
              [-90.96806663898151, 47.83122741811792, 0],
              [-90.96272387738817, 47.8312227185172, 0],
              [-90.95738110591337, 47.83121801891612, 0],
              [-90.95203414379776, 47.83121392960543, 0],
              [-90.94668716191924, 47.83120981979064, 0],
              [-90.94134020070194, 47.83120573047934, 0],
              [-90.93599320894194, 47.83120164056468, 0],
              [-90.93061352748875, 47.83118652078299, 0],
              [-90.92523387567995, 47.8311714112488, 0],
              [-90.91985419422674, 47.83115626190862, 0],
              [-90.91447454241796, 47.83114115236561, 0],
              [-90.90910399054299, 47.83113350261127, 0],
              [-90.90373347909221, 47.83112583295501, 0],
              [-90.89836143781051, 47.83112094338269, 0],
              [-90.89386348604634, 47.83110692355071, 0],
              [-90.8938809870247, 47.83472738437933, 0],
              [-90.89389848710475, 47.83834784465853, 0],
              [-90.89391598808312, 47.84196558512759, 0],
              [-90.89393345851877, 47.84558332532731, 0],
              [-90.8939361292101, 47.84919839580967, 0],
              [-90.89393879001997, 47.85281346629587, 0],
              [-90.89394146071132, 47.85643484704285, 0],
              [-90.89394412062288, 47.86005622741668, 0],
              [-90.89406754195639, 47.86366043830526, 0],
              [-90.89285583141908, 47.86469921841816, 0],
              [-90.89286368179637, 47.86472882854756, 0],
              [-90.8928939415467, 47.86486885809903, 0],
              [-90.89288652146247, 47.86499018849293, 0],
              [-90.89286309160322, 47.8650527483493, 0],
              [-90.89277172126073, 47.86510055862274, 0],
              [-90.89271116133585, 47.86513093811971, 0],
              [-90.89261935171719, 47.86521023847286, 0],
              [-90.89255017155884, 47.86526744826516, 0],
              [-90.89255793120626, 47.86534407863668, 0],
              [-90.89257357177367, 47.86541184863634, 0],
              [-90.89253500170864, 47.86545612821853, 0],
              [-90.8924440814221, 47.86547245839162, 0],
              [-90.89236743177216, 47.86546654814357, 0],
              [-90.89229859117698, 47.86547428865796, 0],
              [-90.89226085115529, 47.86551857843194, 0],
              [-90.8922914217227, 47.86556862834404, 0],
              [-90.89219214171413, 47.86558480842062, 0],
              [-90.89207022146546, 47.86558256835294, 0],
              [-90.891803111009, 47.8656361485513, 0],
              [-90.89172646135906, 47.86563023832193, 0],
              [-90.8916806607543, 47.86554391828135, 0],
              [-90.89162770147504, 47.86544846845739, 0],
              [-90.89162610067721, 47.86544621874133, 0],
              [-90.89156367135823, 47.86535883832003, 0],
              [-90.89154414108563, 47.86532634844931, 0],
              [-90.89152051090208, 47.86530234820228, 0],
              [-90.8914142707467, 47.86526434819019, 0],
              [-90.89134425066355, 47.86529966878467, 0],
              [-90.89129967086927, 47.86533476878241, 0],
              [-90.89126867090711, 47.86546409834646, 0],
              [-90.89127706117188, 47.86551543859667, 0],
              [-90.89129946066348, 47.86564938825813, 0],
              [-90.89137519133689, 47.86592521863263, 0],
              [-90.89140169073946, 47.8660058683089, 0],
              [-90.89142131084357, 47.86606553844224, 0],
              [-90.89145211137972, 47.86619207833488, 0],
              [-90.89145942097119, 47.86630018839207, 0],
              [-90.89149772154164, 47.86638636856477, 0],
              [-90.89157385106701, 47.86644625882796, 0],
              [-90.89166563104128, 47.86647043873604, 0],
              [-90.89176483109979, 47.86647675866775, 0],
              [-90.8918105517545, 47.86644160882118, 0],
              [-90.89181765114019, 47.86636974880705, 0],
              [-90.89187942109575, 47.86633039844504, 0],
              [-90.89195570153811, 47.86634528862171, 0],
              [-90.892054201809, 47.86641008868249, 0],
              [-90.89208513170256, 47.86645114868689, 0],
              [-90.89209257154974, 47.86647377859136, 0],
              [-90.89210763180546, 47.86651454867355, 0],
              [-90.89217697186393, 47.86655630886687, 0],
              [-90.89227544159212, 47.86658061889452, 0],
              [-90.89239821164706, 47.86658286856133, 0],
              [-90.89245957197086, 47.86659610862899, 0],
              [-90.89248934124106, 47.86660253882907, 0],
              [-90.8925578512562, 47.86664428870657, 0],
              [-90.89264967165465, 47.86670895882562, 0],
              [-90.89275663136058, 47.86679190876724, 0],
              [-90.89280241130409, 47.86683773836627, 0],
              [-90.89275625137323, 47.86690437887474, 0],
              [-90.89264945156741, 47.86692040847723, 0],
              [-90.89255835161781, 47.86694122845203, 0],
              [-90.89248209183673, 47.86696682854848, 0],
              [-90.89237483119514, 47.86697384868576, 0],
              [-90.89237311181971, 47.86697336838281, 0],
              [-90.89223765126476, 47.86693533886118, 0],
              [-90.89213044182716, 47.8668793886188, 0],
              [-90.8919091813828, 47.86681233888529, 0],
              [-90.89177232125265, 47.86682781890833, 0],
              [-90.89170366121883, 47.86683105870232, 0],
              [-90.89164282101957, 47.86688842881575, 0],
              [-90.89164223172477, 47.8669648988995, 0],
              [-90.89168034095405, 47.86705557846491, 0],
              [-90.89168838177417, 47.86714569862499, 0],
              [-90.89174940163647, 47.86722780899886, 0],
              [-90.89181792153309, 47.86726955897537, 0],
              [-90.89194035112654, 47.86732129879186, 0],
              [-90.8920924817182, 47.86738257885368, 0],
              [-90.89219171142113, 47.86742938901741, 0],
              [-90.89235949156335, 47.86745496898588, 0],
              [-90.8925046314655, 47.86746212886784, 0],
              [-90.89258073134648, 47.86748151857773, 0],
              [-90.89271077146701, 47.8676548685893, 0],
              [-90.89284806189019, 47.86785534895814, 0],
              [-90.89301542162089, 47.86805637874895, 0],
              [-90.89308473203495, 47.86816112890038, 0],
              [-90.89320638189072, 47.86829382851288, 0],
              [-90.89331353203951, 47.86837227854793, 0],
              [-90.8933745222574, 47.86841388899951, 0],
              [-90.89338181208595, 47.86848150854852, 0],
              [-90.89334382233257, 47.86855279856925, 0],
              [-90.89322951171268, 47.86856869870119, 0],
              [-90.8931221621379, 47.86859821863766, 0],
              [-90.89303857210409, 47.86861917895146, 0],
              [-90.89301550246928, 47.86867273853482, 0],
              [-90.8930081524536, 47.86877158901903, 0],
              [-90.89293180194267, 47.86892314895002, 0],
              [-90.89284733245819, 47.86900707881561, 0],
              [-90.89282476228668, 47.8691101391245, 0],
              [-90.89285582243593, 47.86920968901028, 0],
              [-90.89291638236082, 47.86928278887762, 0],
              [-90.8930312723941, 47.86929388898449, 0],
              [-90.89319134229623, 47.86928333906211, 0],
              [-90.89332061256057, 47.8692902088353, 0],
              [-90.89348113251869, 47.86939212904482, 0],
              [-90.89349971237371, 47.86941990877686, 0],
              [-90.89352737239963, 47.86946091879071, 0],
              [-90.89359837254476, 47.86953087871168, 0],
              [-90.89371857251965, 47.86963519863418, 0],
              [-90.89380204217922, 47.86967152863028, 0],
              [-90.89384027268108, 47.86972700883852, 0],
              [-90.89382409222617, 47.86978180864524, 0],
              [-90.89376984206787, 47.86985781889061, 0],
              [-90.89368706231444, 47.86994056915162, 0],
              [-90.89356361223483, 47.87002894879852, 0],
              [-90.89349688268058, 47.87006743884902, 0],
              [-90.89335964256304, 47.87009180929789, 0],
              [-90.89324194259957, 47.87012710912727, 0],
              [-90.89319218222104, 47.8701594989699, 0],
              [-90.89311512204101, 47.87024047891129, 0],
              [-90.89310616224438, 47.87040508924611, 0],
              [-90.89314596210303, 47.87049281910318, 0],
              [-90.89316092264578, 47.87056457879314, 0],
              [-90.89311412221612, 47.87065026919597, 0],
              [-90.89306888216008, 47.87068906912166, 0],
              [-90.89295585253778, 47.87072328929666, 0],
              [-90.89255775244152, 47.87072043902229, 0],
              [-90.89235294194663, 47.87077993921969, 0],
              [-90.89221645192235, 47.8707507790697, 0],
              [-90.89210020183975, 47.8707030794623, 0],
              [-90.89197055158807, 47.87068672924374, 0],
              [-90.8918490724122, 47.87072087891664, 0],
              [-90.89170279164965, 47.87072705913068, 0],
              [-90.89158901193407, 47.8707070891307, 0],
              [-90.89152005186297, 47.87069681910022, 0],
              [-90.89132947158049, 47.87073830897432, 0],
              [-90.89114618202487, 47.87084741949553, 0],
              [-90.89097828150838, 47.870947809071, 0],
              [-90.89090964213584, 47.87099153918079, 0],
              [-90.8908108813535, 47.87109769948782, 0],
              [-90.89077947175959, 47.8712882991548, 0],
              [-90.89074213148817, 47.87151483936189, 0],
              [-90.89071152139488, 47.87167173920339, 0],
              [-90.890711581582, 47.87189668932984, 0],
              [-90.89072622142618, 47.87200943940596, 0],
              [-90.89084867168087, 47.87206117931129, 0],
              [-90.89091700203296, 47.87210741942785, 0],
              [-90.89093227159616, 47.87218418972863, 0],
              [-90.8908792422483, 47.87225519927832, 0],
              [-90.8907574019497, 47.87227094943789, 0],
              [-90.89058900196989, 47.87232184969328, 0],
              [-90.89055841163952, 47.87237526926798, 0],
              [-90.89053262190603, 47.87239939940909, 0],
              [-90.89045936159968, 47.87246792967161, 0],
              [-90.89036029179688, 47.87252009935712, 0],
              [-90.8903073019749, 47.8725281196176, 0],
              [-90.89003959144382, 47.87255468950843, 0],
              [-90.88964343170858, 47.87257439968988, 0],
              [-90.88922315130964, 47.87261165980605, 0],
              [-90.88900192140798, 47.87262558948473, 0],
              [-90.8888803712652, 47.87265484981192, 0],
              [-90.88880366142814, 47.87271191942381, 0],
              [-90.8887887817338, 47.87281062963832, 0],
              [-90.88878873142814, 47.87287360968789, 0],
              [-90.88892605149572, 47.87297061974773, 0],
              [-90.88909336181908, 47.87309067000272, 0],
              [-90.88926176179886, 47.87318374971851, 0],
              [-90.88942182181957, 47.87327666958728, 0],
              [-90.88957433150028, 47.87332895957405, 0],
              [-90.88968868164606, 47.87335355987388, 0],
              [-90.88984171145134, 47.87335187992432, 0],
              [-90.88995582174692, 47.87329998946127, 0],
              [-90.89025361236531, 47.87327396949215, 0],
              [-90.89061945216307, 47.87328068990272, 0],
              [-90.89074912217772, 47.87331906967904, 0],
              [-90.89085587167789, 47.87336601969893, 0],
              [-90.89099379182008, 47.87338654966142, 0],
              [-90.89140524267809, 47.87358756944607, 0],
              [-90.89171839269119, 47.87375977947851, 0],
              [-90.89196208227156, 47.87387222964485, 0],
              [-90.89205425301297, 47.87388741953637, 0],
              [-90.89219112302462, 47.87387193981428, 0],
              [-90.89230544262767, 47.87385604974519, 0],
              [-90.89239714265187, 47.87386222958528, 0],
              [-90.89245110265436, 47.87391270949986, 0],
              [-90.8924429127139, 47.87401153974609, 0],
              [-90.89241221278908, 47.87404695982701, 0],
              [-90.8924052023366, 47.87409631941053, 0],
              [-90.89238574303091, 47.87418501975998, 0],
              [-90.8923815928143, 47.87420370979911, 0],
              [-90.8923515531512, 47.87426187977618, 0],
              [-90.89223696225694, 47.87433162955322, 0],
              [-90.89212300287831, 47.87439706978276, 0],
              [-90.89202472269464, 47.87441299945444, 0],
              [-90.8919384628678, 47.87440915938993, 0],
              [-90.88920631149132, 47.87428747987197, 0],
              [-90.88620943109218, 47.8741539803491, 0],
              [-90.88627813065185, 47.87407811981323, 0],
              [-90.88645358061, 47.87401837032886, 0],
              [-90.88659080096458, 47.87395340985932, 0],
              [-90.88674405085712, 47.87384375995944, 0],
              [-90.88685804077845, 47.87373338012748, 0],
              [-90.88690429054087, 47.87364424998143, 0],
              [-90.88693457095246, 47.87353683975395, 0],
              [-90.8869267205752, 47.87344220967435, 0],
              [-90.88687340107151, 47.87335575019541, 0],
              [-90.88678935110026, 47.87326421998436, 0],
              [-90.88660606064632, 47.87319828000189, 0],
              [-90.88659164088938, 47.87319309974, 0],
              [-90.88640809082231, 47.87322571001317, 0],
              [-90.88601926044147, 47.87325003981007, 0],
              [-90.88569049052222, 47.87329797026582, 0],
              [-90.88555362051059, 47.87331345015942, 0],
              [-90.88551548073858, 47.8733262401996, 0],
              [-90.88545425067049, 47.87335211010389, 0],
              [-90.88544647036181, 47.87337895976459, 0],
              [-90.88544667068612, 47.87341495030316, 0],
              [-90.88549995066393, 47.87342043001696, 0],
              [-90.88560722028865, 47.87341341015037, 0],
              [-90.8856832303381, 47.87341480990581, 0],
              [-90.88568325099936, 47.8734552997592, 0],
              [-90.88562222035726, 47.87351716006668, 0],
              [-90.88553058052018, 47.87359196031278, 0],
              [-90.88543932067047, 47.87369825026629, 0],
              [-90.88542840074987, 47.87371718029993, 0],
              [-90.88538536066798, 47.87379173983615, 0],
              [-90.88534028051208, 47.87383140027408, 0],
              [-90.88534012061196, 47.87387639031019, 0],
              [-90.88532449082433, 47.87395258013776, 0],
              [-90.88542875019452, 47.87402045999533, 0],
              [-90.88543116037444, 47.87402203025791, 0],
              [-90.88555352079759, 47.87409627000093, 0],
              [-90.88559938069118, 47.874119609993, 0],
              [-90.88561857050226, 47.8741368798329, 0],
              [-90.88542888045023, 47.87413497033517, 0],
              [-90.88477246081088, 47.87412199008708, 0],
              [-90.88469885016156, 47.87404453031983, 0],
              [-90.88459255071736, 47.8739660900761, 0],
              [-90.8843707099613, 47.87391251005324, 0],
              [-90.8840891105776, 47.8738488298881, 0],
              [-90.88386763992747, 47.87378626016158, 0],
              [-90.8837530903557, 47.87372566012847, 0],
              [-90.88368408986041, 47.87363441015913, 0],
              [-90.88365353007276, 47.8735843602025, 0],
              [-90.88366916974185, 47.87350816019253, 0],
              [-90.88374549959156, 47.87341959004331, 0],
              [-90.88400480009496, 47.87327140015357, 0],
              [-90.88409644981348, 47.87319661029089, 0],
              [-90.88411879001629, 47.87316102994855, 0],
              [-90.88411169961374, 47.87308892014678, 0],
              [-90.88405034018827, 47.87305628990281, 0],
              [-90.88396682022305, 47.87305475034191, 0],
              [-90.88393563969953, 47.8730723899107, 0],
              [-90.88392831034514, 47.87307653979403, 0],
              [-90.88387524955624, 47.8731070501937, 0],
              [-90.88379889994361, 47.87315513021832, 0],
              [-90.88366888946749, 47.87316623009833, 0],
              [-90.88359314981095, 47.87313784016648, 0],
              [-90.88352950956295, 47.87313470019026, 0],
              [-90.88344800002733, 47.87313067022239, 0],
              [-90.88342473994969, 47.87318051032158, 0],
              [-90.88340221020236, 47.87322879997092, 0],
              [-90.88328781963239, 47.87330767035697, 0],
              [-90.88318064972069, 47.87333269005187, 0],
              [-90.88316025976036, 47.87334660989568, 0],
              [-90.8830972501297, 47.87338964021215, 0],
              [-90.88311496939869, 47.87341521000809, 0],
              [-90.88313514017007, 47.87344432045375, 0],
              [-90.88321126969547, 47.87350422003558, 0],
              [-90.88323423961727, 47.87357662029677, 0],
              [-90.88329522983517, 47.87361824042872, 0],
              [-90.88341700994665, 47.87366548000931, 0],
              [-90.8834403400929, 47.8737288904529, 0],
              [-90.88347035011161, 47.87379243036914, 0],
              [-90.8835318397928, 47.87388354026665, 0],
              [-90.8836084400354, 47.87395244034444, 0],
              [-90.88371519043388, 47.87399940003395, 0],
              [-90.88385989016152, 47.87403806006925, 0],
              [-90.88402807005406, 47.87405466049635, 0],
              [-90.88415719029975, 47.87410653031935, 0],
              [-90.88416315062165, 47.87410994018163, 0],
              [-90.88397570006963, 47.87410623024669, 0],
              [-90.88371784046396, 47.87410114045893, 0],
              [-90.88110019913337, 47.87404942066699, 0],
              [-90.87906350907681, 47.87400913072416, 0],
              [-90.87874505900353, 47.87400604081294, 0],
              [-90.87351444668353, 47.87395535069671, 0],
              [-90.87342385607872, 47.8703915801872, 0],
              [-90.8733332960166, 47.8668278098687, 0],
              [-90.8732427251747, 47.86326403978889, 0],
              [-90.87315213456986, 47.85970023925633, 0],
              [-90.86781098275755, 47.85977373948315, 0],
              [-90.86246979141931, 47.85984723960578, 0],
              [-90.85712860996256, 47.85992074022688, 0],
              [-90.85178741862434, 47.85999423049756, 0],
              [-90.84642629636491, 47.86003890105061, 0],
              [-90.84106513457962, 47.86008354142927, 0],
              [-90.83570398357409, 47.86012820165917, 0],
              [-90.83034283167025, 47.86017287209679, 0],
              [-90.83030324111905, 47.85655804162175, 0],
              [-90.83026362092346, 47.85294321108329, 0],
              [-90.830224009711, 47.84932838053082, 0],
              [-90.8301843895154, 47.84571355001393, 0],
              [-90.82479150731909, 47.84577527040371, 0],
              [-90.81939862602113, 47.84583698107385, 0],
              [-90.81787757522586, 47.84583402091185, 0],
              [-90.81528832514981, 47.84582818137393, 0],
              [-90.81497432443214, 47.84582746152995, 0],
              [-90.81400150467499, 47.84582879149294, 0],
              [-90.80860434290469, 47.84583620154446, 0],
              [-90.80323613114103, 47.84590747206625, 0],
              [-90.79786791937738, 47.84597877263426, 0],
              [-90.79249969773227, 47.84605005320913, 0],
              [-90.78713148596862, 47.84612132343712, 0],
              [-90.78182655512683, 47.84618215349033, 0],
              [-90.77652161350528, 47.84624295393114, 0],
              [-90.77121668176518, 47.84630376454963, 0],
              [-90.76591174014364, 47.84636459499178, 0],
              [-90.76589347020739, 47.84998156541614, 0],
              [-90.76587523081385, 47.85359857595595, 0],
              [-90.76585699142032, 47.85721557652476, 0],
              [-90.7658387520268, 47.86083257671848, 0],
              [-90.7605879105449, 47.86082299724522, 0],
              [-90.7553370394186, 47.86081344790566, 0],
              [-90.74997940711405, 47.86080327777277, 0],
              [-90.74462153585765, 47.86079315826558, 0],
              [-90.73926567413253, 47.86073558853826, 0],
              [-90.73390984295011, 47.8606780488826, 0],
              [-90.73283571209355, 47.86067564948694, 0],
              [-90.73288776227773, 47.8605822489631, 0],
              [-90.73293367247696, 47.86050667895807, 0],
              [-90.73314702235693, 47.86044340904189, 0],
              [-90.73339096256728, 47.86034923903454, 0],
              [-90.73361275211936, 47.86024564899609, 0],
              [-90.73397888207298, 47.86003241880519, 0],
              [-90.73440634270595, 47.85981140900965, 0],
              [-90.73461966294154, 47.85959516883553, 0],
              [-90.7348184529274, 47.85940563879957, 0],
              [-90.73497855247396, 47.85926032905626, 0],
              [-90.7351771529153, 47.85915176854288, 0],
              [-90.7354209323272, 47.85908009852912, 0],
              [-90.7357488524402, 47.85901457868488, 0],
              [-90.73592453326536, 47.85899105890609, 0],
              [-90.73636737305604, 47.85889630884289, 0],
              [-90.73674060329364, 47.85876869876635, 0],
              [-90.73709179336576, 47.85866764850941, 0],
              [-90.73746547365936, 47.85854904878187, 0],
              [-90.73783217314485, 47.85839880864983, 0],
              [-90.7381523138475, 47.85824314824396, 0],
              [-90.7383586137491, 47.85813023862984, 0],
              [-90.73867103343188, 47.85797892862062, 0],
              [-90.73906849392768, 47.85771681846803, 0],
              [-90.73928937348634, 47.85757106820461, 0],
              [-90.73937304347024, 47.85751586852311, 0],
              [-90.73963300333703, 47.85734102835784, 0],
              [-90.73991004377066, 47.85716516834827, 0],
              [-90.7399836139958, 47.85711847790435, 0],
              [-90.74037315404571, 47.85686520824562, 0],
              [-90.74080056437305, 47.85664416807127, 0],
              [-90.74115872447346, 47.85643975773731, 0],
              [-90.74147962425253, 47.85626611826385, 0],
              [-90.74186814381628, 47.85609379766159, 0],
              [-90.74215059390454, 47.85597788761784, 0],
              [-90.742600744185, 47.85582926811203, 0],
              [-90.74296723436304, 47.85575999795081, 0],
              [-90.7432799549814, 47.8557166576398, 0],
              [-90.74376066504952, 47.85559563766742, 0],
              [-90.74419549456279, 47.85549170781181, 0],
              [-90.74455411460062, 47.85537278737714, 0],
              [-90.74465605541907, 47.85534804774056, 0],
              [-90.74482856519128, 47.85530619774587, 0],
              [-90.74526426517207, 47.85514378781308, 0],
              [-90.74559968531938, 47.85501990752978, 0],
              [-90.74608820534056, 47.8547955574592, 0],
              [-90.74645443500717, 47.85457779724429, 0],
              [-90.74678250513882, 47.85437277718457, 0],
              [-90.74712582596904, 47.85410507723097, 0],
              [-90.74720914560996, 47.85405272746173, 0],
              [-90.74736203527807, 47.85382177746253, 0],
              [-90.74751070555926, 47.85357907737235, 0],
              [-90.74755265598472, 47.8535105872359, 0],
              [-90.74751447578852, 47.853176907128, 0],
              [-90.74741602582327, 47.85292302686746, 0],
              [-90.74727841559985, 47.85276285732568, 0],
              [-90.74711756506169, 47.85257973726736, 0],
              [-90.74690471554332, 47.85238209732575, 0],
              [-90.74672879486798, 47.85231565696736, 0],
              [-90.74639291478326, 47.85221908687766, 0],
              [-90.74595046486144, 47.85221039736919, 0],
              [-90.74564550478877, 47.85219090730579, 0],
              [-90.74525633484475, 47.85220575693597, 0],
              [-90.744889814124, 47.85225703737702, 0],
              [-90.74467532428191, 47.8523097470277, 0],
              [-90.74443207487602, 47.85236951731957, 0],
              [-90.74415749402965, 47.85245859724866, 0],
              [-90.74377581423846, 47.85253207699839, 0],
              [-90.74316568388738, 47.85263255750619, 0],
              [-90.74264694364174, 47.85272583732338, 0],
              [-90.74223452350154, 47.85285269731615, 0],
              [-90.74196019418343, 47.85295526771849, 0],
              [-90.74159418370576, 47.85311003738893, 0],
              [-90.7412814936301, 47.85322985756579, 0],
              [-90.74086137313127, 47.85343753746059, 0],
              [-90.74059036308815, 47.85358627774977, 0],
              [-90.74044195331838, 47.85366772784319, 0],
              [-90.73991529352519, 47.85398128789849, 0],
              [-90.7395876330253, 47.85419528802128, 0],
              [-90.73931376364462, 47.85431589775099, 0],
              [-90.73909865306669, 47.85441060796205, 0],
              [-90.73869452347824, 47.85459610797089, 0],
              [-90.73790093289165, 47.85491789817886, 0],
              [-90.73749644307877, 47.85505388789756, 0],
              [-90.73713768290375, 47.85519528837568, 0],
              [-90.73672606226415, 47.85532213810778, 0],
              [-90.73628316228636, 47.85545737812289, 0],
              [-90.7359400920861, 47.85554508807301, 0],
              [-90.73535256244925, 47.85568195860192, 0],
              [-90.73490995172897, 47.85577220823996, 0],
              [-90.7343684715302, 47.85588748824872, 0],
              [-90.73415465183135, 47.85592375856277, 0],
              [-90.73395072168543, 47.85595800837767, 0],
              [-90.73363514172948, 47.85601067870322, 0],
              [-90.73321801172226, 47.85606894866576, 0],
              [-90.73292738157501, 47.85610665885829, 0],
              [-90.73254365182837, 47.85618449865582, 0],
              [-90.73221067150536, 47.85626688859504, 0],
              [-90.73194280107417, 47.8563668187774, 0],
              [-90.73156042149539, 47.85653424888383, 0],
              [-90.73113318094963, 47.85680394890147, 0],
              [-90.73056431111786, 47.85717470871575, 0],
              [-90.73018729088807, 47.85741552887726, 0],
              [-90.72978247049517, 47.85767295901954, 0],
              [-90.72941630101568, 47.85786817927001, 0],
              [-90.72898127027977, 47.85814750897613, 0],
              [-90.72865203054162, 47.85828660940199, 0],
              [-90.72858454101264, 47.8583151189761, 0],
              [-90.7282638406596, 47.85842574923534, 0],
              [-90.72788994027877, 47.85854881913924, 0],
              [-90.72747813009465, 47.8586216393044, 0],
              [-90.72691402043556, 47.85871844941354, 0],
              [-90.72646380008653, 47.8587905092932, 0],
              [-90.72576920025095, 47.85887122974078, 0],
              [-90.72478457932591, 47.85899117945239, 0],
              [-90.7240069095811, 47.85907923963833, 0],
              [-90.72335841937075, 47.85915635953339, 0],
              [-90.72313701878919, 47.85917445949603, 0],
              [-90.72298725885153, 47.85915930989405, 0],
              [-90.72269440896723, 47.85912967970679, 0],
              [-90.7222367891952, 47.85908460996558, 0],
              [-90.72161845902221, 47.85904533966085, 0],
              [-90.72107678838061, 47.85903008996775, 0],
              [-90.72065751858636, 47.85904424992363, 0],
              [-90.71996275795237, 47.85907094004062, 0],
              [-90.71930674794477, 47.85914788997829, 0],
              [-90.71878018786458, 47.85924540007795, 0],
              [-90.71833755738137, 47.85935358007445, 0],
              [-90.71797885739349, 47.85947242025738, 0],
              [-90.71759862748317, 47.85958619004992, 0],
              [-90.71741490763452, 47.85964116030038, 0],
              [-90.71689534722702, 47.85978829040255, 0],
              [-90.71638424715286, 47.85989510048715, 0],
              [-90.7159722168815, 47.85997238009482, 0],
              [-90.71533945707009, 47.86009026053672, 0],
              [-90.71477438711196, 47.86015099042798, 0],
              [-90.71407297624991, 47.86019551076936, 0],
              [-90.713287066259, 47.86016635069143, 0],
              [-90.71284411597553, 47.8601485307362, 0],
              [-90.71247797614045, 47.86013223082995, 0],
              [-90.71220252572489, 47.86013602072132, 0],
              [-90.71167692594373, 47.86014326057035, 0],
              [-90.71084542555381, 47.86016266085339, 0],
              [-90.70998302491476, 47.86018145057633, 0],
              [-90.7095178152769, 47.86019466093782, 0],
              [-90.70863256509024, 47.86025797093689, 0],
              [-90.70845679443356, 47.86024546094846, 0],
              [-90.7079760044154, 47.86028985102197, 0],
              [-90.70744264408852, 47.86035118098417, 0],
              [-90.70698439459746, 47.86039601094911, 0],
              [-90.70687537415624, 47.86039785103818, 0],
              [-90.70674020465545, 47.86040013110906, 0],
              [-90.70651151424536, 47.86043155123544, 0],
              [-90.70595418417173, 47.86050590085459, 0],
              [-90.70526748412078, 47.86059565088514, 0],
              [-90.7047948741616, 47.8606626809355, 0],
              [-90.70407767361179, 47.86074281142763, 0],
              [-90.70375535359628, 47.86083475129603, 0],
              [-90.70154527252022, 47.86083118144487, 0],
              [-90.70072816224284, 47.86068924123901, 0],
              [-90.70048360219494, 47.8606258612493, 0],
              [-90.69986560260196, 47.86054149169351, 0],
              [-90.69920919194577, 47.86045634148532, 0],
              [-90.69847740185743, 47.86035619135848, 0],
              [-90.69831706156238, 47.86033497154899, 0],
              [-90.69798082125321, 47.86034173160855, 0],
              [-90.6976604119543, 47.86033080196118, 0],
              [-90.69728668135508, 47.86037279194925, 0],
              [-90.69684412094047, 47.86044039185303, 0],
              [-90.69637142114976, 47.86056588168935, 0],
              [-90.69618537107125, 47.86065367159645, 0],
              [-90.69605135141401, 47.86071692196926, 0],
              [-90.69572707127456, 47.86085162174752, 0],
              [-90.69566909131117, 47.86087571205086, 0],
              [-90.69557031076589, 47.86104919203976, 0],
              [-90.69545550068268, 47.86124484196308, 0],
              [-90.69534846102668, 47.8613596722411, 0],
              [-90.69527986118003, 47.86149326197977, 0],
              [-90.69521896079365, 47.86171699182164, 0],
              [-90.69518071142717, 47.86199516229784, 0],
              [-90.6952268506968, 47.86219855206533, 0],
              [-90.69532578126072, 47.86249297211673, 0],
              [-90.69539487158754, 47.8625933423162, 0],
              [-90.69565387115532, 47.86287748191594, 0],
              [-90.69590577133738, 47.86305801203473, 0],
              [-90.69615302183955, 47.86320581226563, 0],
              [-90.69626399162493, 47.86327215188406, 0],
              [-90.69658469197799, 47.86340907192569, 0],
              [-90.6967907214867, 47.86351218193747, 0],
              [-90.69715682179591, 47.8636050118708, 0],
              [-90.6975001516093, 47.86368388183647, 0],
              [-90.69803449199817, 47.86377109211338, 0],
              [-90.69847655205119, 47.86384744204259, 0],
              [-90.69877428248242, 47.86388041196653, 0],
              [-90.69914803284459, 47.86393289223645, 0],
              [-90.69972075285567, 47.86400286203006, 0],
              [-90.70069744345338, 47.8641034221611, 0],
              [-90.70129966324006, 47.86420546165373, 0],
              [-90.7015340336977, 47.86423688188444, 0],
              [-90.70153136300635, 47.86445285198754, 0],
              [-90.70148647419161, 47.86807456238237, 0],
              [-90.70142369452967, 47.87169918267696, 0],
              [-90.70136088522331, 47.87532381338391, 0],
              [-90.69598249375086, 47.87529907362726, 0],
              [-90.69060408161715, 47.87527437422906, 0],
              [-90.69057456207861, 47.87889700459758, 0],
              [-90.69054501289565, 47.8825196250725, 0],
              [-90.68515460106639, 47.88248961543578, 0],
              [-90.67976418923712, 47.88245939612614, 0],
              [-90.67972134049637, 47.8861200167042, 0],
              [-90.68011816049336, 47.8896025371897, 0],
              [-90.68562968229091, 47.88956481642693, 0],
              [-90.69114121396993, 47.88952710587705, 0],
              [-90.69114041446933, 47.89309767673684, 0],
              [-90.6911396248502, 47.89666824715044, 0],
              [-90.69113928528704, 47.89819214707052, 0],
              [-90.6911012560078, 47.89930218735504, 0],
              [-90.69110779574306, 47.90003221782542, 0],
              [-90.69111218580984, 47.90052261776992, 0],
              [-90.69112313627316, 47.90174436781724, 0],
              [-90.69113351630627, 47.90290325817872, 0],
              [-90.69113814622324, 47.90342035782339, 0],
              [-90.69113805639172, 47.90383618780425, 0],
              [-90.69115034714143, 47.90741539886936, 0],
              [-90.69116260734843, 47.91099460930737, 0],
              [-90.69117483791103, 47.91455795954884, 0],
              [-90.6911870783551, 47.91812129981748, 0],
              [-90.69123811883289, 47.92168832034099, 0],
              [-90.69125503949958, 47.92286999067722, 0],
              [-90.6909042096519, 47.92294772056261, 0],
              [-90.69081209909763, 47.92296836090313, 0],
              [-90.69060645945771, 47.92296423066853, 0],
              [-90.69023202907088, 47.92299268057982, 0],
              [-90.68972897879998, 47.92307254070943, 0],
              [-90.68937758930187, 47.92312845073323, 0],
              [-90.68895020861893, 47.92321883093234, 0],
              [-90.688615068746, 47.92324807110854, 0],
              [-90.6880425185165, 47.92327253091589, 0],
              [-90.68770711813212, 47.92327028070078, 0],
              [-90.68725634801415, 47.9232656911767, 0],
              [-90.68678387819214, 47.92327867114926, 0],
              [-90.68635604835156, 47.9233600213465, 0],
              [-90.68598994804235, 47.92348312123998, 0],
              [-90.68583848759388, 47.9235466609235, 0],
              [-90.68553974745625, 47.92367200093891, 0],
              [-90.68525021774524, 47.92384162150118, 0],
              [-90.68487580801964, 47.92411301131761, 0],
              [-90.68454035732961, 47.92431769107373, 0],
              [-90.68443255769888, 47.92436001146115, 0],
              [-90.68343225757887, 47.9245141417029, 0],
              [-90.68223199696821, 47.92492390175084, 0],
              [-90.68176276647112, 47.92498597147497, 0],
              [-90.68145024707536, 47.92505164146541, 0],
              [-90.68101557656387, 47.92517333175297, 0],
              [-90.68071830696839, 47.92526347180871, 0],
              [-90.68044264634703, 47.92534705155254, 0],
              [-90.68038958645646, 47.92536314192895, 0],
              [-90.68008431646503, 47.92550994155157, 0],
              [-90.67974084651448, 47.92568746217231, 0],
              [-90.6794510967162, 47.92599203214505, 0],
              [-90.67927584618404, 47.92628092197127, 0],
              [-90.67925270648064, 47.92655490180193, 0],
              [-90.67934426636766, 47.92680869223621, 0],
              [-90.67948919696235, 47.92699159215488, 0],
              [-90.67960325695228, 47.92707937184733, 0],
              [-90.67985503676013, 47.92717444206784, 0],
              [-90.68014568667029, 47.92726130229178, 0],
              [-90.68046939727789, 47.92728058233911, 0],
              [-90.68060300730335, 47.92728854235411, 0],
              [-90.68101514716918, 47.92729687195707, 0],
              [-90.68145758720955, 47.92730130221222, 0],
              [-90.68201429744562, 47.9272765620014, 0],
              [-90.68260210735683, 47.92722994195204, 0],
              [-90.68337278731045, 47.92719151183099, 0],
              [-90.68399048776443, 47.9271499816978, 0],
              [-90.68445643761409, 47.92709640191386, 0],
              [-90.68499033782848, 47.92705768155867, 0],
              [-90.6854631085861, 47.92707621166543, 0],
              [-90.68590138852839, 47.92714801155282, 0],
              [-90.68608942837524, 47.92717882177066, 0],
              [-90.68649317887461, 47.92728144190524, 0],
              [-90.68762221925294, 47.92753814153347, 0],
              [-90.68841601914701, 47.92767560141933, 0],
              [-90.68897319920198, 47.92767782134617, 0],
              [-90.68939236928324, 47.92764127139418, 0],
              [-90.6900489299581, 47.92759150115411, 0],
              [-90.69132115011462, 47.92748862159895, 0],
              [-90.69134097054302, 47.92887332177894, 0],
              [-90.6905444397705, 47.92897817166464, 0],
              [-90.69007944033842, 47.9289913115175, 0],
              [-90.68960639020473, 47.92905377181976, 0],
              [-90.68926256002975, 47.92914583184399, 0],
              [-90.68888150007612, 47.92922814189603, 0],
              [-90.68861475972552, 47.9289798215199, 0],
              [-90.68839327919393, 47.9287864016626, 0],
              [-90.68814921950764, 47.9285925314464, 0],
              [-90.68772925890894, 47.92832762198141, 0],
              [-90.68734016891499, 47.92813982168394, 0],
              [-90.68680602885041, 47.92794010190237, 0],
              [-90.68634879894721, 47.92785440153442, 0],
              [-90.6859145488473, 47.92783697203558, 0],
              [-90.68589858847963, 47.92783633158145, 0],
              [-90.68542480891396, 47.92784027181888, 0],
              [-90.68503636840195, 47.92788193201662, 0],
              [-90.68463170790918, 47.92796825172395, 0],
              [-90.68411264786329, 47.92812424200371, 0],
              [-90.68371600842768, 47.92825570214257, 0],
              [-90.68276216737753, 47.92860987220817, 0],
              [-90.68218276749401, 47.92880513219106, 0],
              [-90.68112189756766, 47.92915712257079, 0],
              [-90.68072523747078, 47.92928857225935, 0],
              [-90.68049803736575, 47.92935101233946, 0],
              [-90.68034399695578, 47.92939335208325, 0],
              [-90.67964943664609, 47.92959976250285, 0],
              [-90.67913803653462, 47.92973339238283, 0],
              [-90.67868783684683, 47.92984576255968, 0],
              [-90.67794056698953, 47.93003310282617, 0],
              [-90.67694065584006, 47.93025581262025, 0],
              [-90.67613983561203, 47.93042406273347, 0],
              [-90.67561314617444, 47.93054387268838, 0],
              [-90.67511953540053, 47.9306370231069, 0],
              [-90.67464429607251, 47.93072670281995, 0],
              [-90.67383550509297, 47.93088578273404, 0],
              [-90.67307199549197, 47.93100527321749, 0],
              [-90.67266774552928, 47.93111855309967, 0],
              [-90.67196601486698, 47.93131577299547, 0],
              [-90.67115740444883, 47.93160081351249, 0],
              [-90.67039399456083, 47.93179227334003, 0],
              [-90.66979942392877, 47.93196916329334, 0],
              [-90.66969317479023, 47.93199095324032, 0],
              [-90.66866376386511, 47.9322024235277, 0],
              [-90.6682332642315, 47.93227982340247, 0],
              [-90.66795456371123, 47.93235832339431, 0],
              [-90.66760947409821, 47.93245553381514, 0],
              [-90.66685572379446, 47.93262892400533, 0],
              [-90.66543418297648, 47.93293771374835, 0],
              [-90.66472051280574, 47.93304891415, 0],
              [-90.66427341320401, 47.93306437377838, 0],
              [-90.66416092257086, 47.93306826426422, 0],
              [-90.66375174265389, 47.93307374428746, 0],
              [-90.66310306289901, 47.9330698941273, 0],
              [-90.66271977242855, 47.93303046382443, 0],
              [-90.66241670241124, 47.93293164387683, 0],
              [-90.66223041248256, 47.9328047542082, 0],
              [-90.66219223228636, 47.93265546426991, 0],
              [-90.66227647180212, 47.93246218395173, 0],
              [-90.66235150178962, 47.93237163392355, 0],
              [-90.66254550195835, 47.93213750413319, 0],
              [-90.66262009177136, 47.93200344410075, 0],
              [-90.6626721221926, 47.93182456383381, 0],
              [-90.66267471203557, 47.93165762376795, 0],
              [-90.6625514119746, 47.93144496372653, 0],
              [-90.66230332154764, 47.93106375377848, 0],
              [-90.66202513216878, 47.93065505355988, 0],
              [-90.66168075132653, 47.93052171376927, 0],
              [-90.6614908618485, 47.93050925384971, 0],
              [-90.66119535115432, 47.93048493409565, 0],
              [-90.66102368130689, 47.93044712394283, 0],
              [-90.66090163170081, 47.93042024367484, 0],
              [-90.66068255146764, 47.93031255393078, 0],
              [-90.66062286111196, 47.93026776399344, 0],
              [-90.66049231164666, 47.93016979407118, 0],
              [-90.66026180124982, 47.92991689409768, 0],
              [-90.65982700138095, 47.92968769366318, 0],
              [-90.65961247111467, 47.92960667363371, 0],
              [-90.65923914116406, 47.9296031837595, 0],
              [-90.65894200092598, 47.92961104410188, 0],
              [-90.65878704064113, 47.92956711368699, 0],
              [-90.65860012099344, 47.92951412387227, 0],
              [-90.65813383068227, 47.92941007381069, 0],
              [-90.65776813012337, 47.9293845238324, 0],
              [-90.65745241003025, 47.92939617384882, 0],
              [-90.65695175017633, 47.92948457424428, 0],
              [-90.65654268973528, 47.92964020422211, 0],
              [-90.65605550011904, 47.92979540396947, 0],
              [-90.65569392013235, 47.92990911445729, 0],
              [-90.65526477964977, 47.9299998439518, 0],
              [-90.65482070916715, 47.93007509411078, 0],
              [-90.65377594962712, 47.93018064458312, 0],
              [-90.65344045941123, 47.93020294449367, 0],
              [-90.65270270900099, 47.93025198452067, 0],
              [-90.65201708872499, 47.93030556464699, 0],
              [-90.65147217875848, 47.93033830448569, 0],
              [-90.65079051825627, 47.93036210486795, 0],
              [-90.65053220859463, 47.93031221445817, 0],
              [-90.65027011792398, 47.93022729447548, 0],
              [-90.65010872839666, 47.93009714487846, 0],
              [-90.65001568808606, 47.9299355447651, 0],
              [-90.65002315757762, 47.92973373486878, 0],
              [-90.65007710769866, 47.92954754437104, 0],
              [-90.65024377842154, 47.92942914479553, 0],
              [-90.65029044769717, 47.92931697475251, 0],
              [-90.65027590756598, 47.92904312451919, 0],
              [-90.65013667768008, 47.92888605415973, 0],
              [-90.65012427823424, 47.92887387434011, 0],
              [-90.64967919804525, 47.92843647456166, 0],
              [-90.64957079744158, 47.92830619465556, 0],
              [-90.64946602782832, 47.92818028440846, 0],
              [-90.64926762771131, 47.92784327424832, 0],
              [-90.64924627745194, 47.92750018416, 0],
              [-90.64956042728997, 47.92732048412898, 0],
              [-90.64956425770632, 47.92731828405073, 0],
              [-90.64979047774938, 47.92723458409493, 0],
              [-90.6503164575179, 47.9271113444503, 0],
              [-90.65075132745537, 47.92699117440824, 0],
              [-90.65117439802158, 47.92684179424999, 0],
              [-90.65167189760234, 47.9266105143127, 0],
              [-90.65207081786045, 47.92629563419703, 0],
              [-90.65225420802739, 47.92607139404421, 0],
              [-90.65233505819957, 47.92583772391506, 0],
              [-90.65236627824896, 47.9255639341156, 0],
              [-90.65234429827062, 47.92534213354276, 0],
              [-90.6523430280528, 47.92532934370534, 0],
              [-90.6522202481164, 47.92499253348145, 0],
              [-90.65209788769323, 47.92427157341197, 0],
              [-90.6520532477118, 47.92377802378818, 0],
              [-90.65203240769553, 47.92336087375395, 0],
              [-90.65207556725336, 47.9233387635278, 0],
              [-90.6524116773068, 47.92323316357505, 0],
              [-90.65266353796302, 47.92310334372312, 0],
              [-90.65282351803364, 47.92302562370335, 0],
              [-90.65281615813652, 47.92281852365493, 0],
              [-90.65266355772596, 47.92260394363581, 0],
              [-90.65254861738703, 47.92242613310749, 0],
              [-90.65248761728766, 47.92227641348377, 0],
              [-90.65251832799228, 47.92209708359225, 0],
              [-90.65257169780162, 47.9219902030617, 0],
              [-90.65268632732345, 47.92191606326656, 0],
              [-90.65291461798323, 47.92182624305979, 0],
              [-90.65303313810857, 47.92178878356335, 0],
              [-90.65323546745662, 47.92172483296147, 0],
              [-90.65336556776428, 47.92166000335691, 0],
              [-90.65346614763506, 47.92164078322072, 0],
              [-90.65364048817383, 47.92162060348476, 0],
              [-90.65375946823659, 47.92162732304092, 0],
              [-90.65387602823797, 47.92163887306617, 0],
              [-90.6540827278899, 47.92171519310721, 0],
              [-90.65423961775596, 47.92174023336687, 0],
              [-90.65435753780666, 47.92174763316913, 0],
              [-90.6545624381331, 47.92174747303674, 0],
              [-90.65472239844077, 47.92168803318594, 0],
              [-90.65481431855223, 47.92161359316025, 0],
              [-90.65486174780261, 47.92154143281601, 0],
              [-90.65487598789647, 47.92145242285934, 0],
              [-90.65482281841145, 47.92125746321224, 0],
              [-90.65485346803064, 47.92118161326619, 0],
              [-90.65498213822035, 47.92106805275489, 0],
              [-90.65534092803976, 47.9208725829594, 0],
              [-90.6556087580468, 47.92078343278696, 0],
              [-90.6557552184724, 47.92067298321183, 0],
              [-90.65590375849789, 47.92054802302566, 0],
              [-90.65623488829138, 47.92021921260615, 0],
              [-90.65646210815936, 47.92006345253862, 0],
              [-90.65662128872938, 47.91988846278661, 0],
              [-90.65675572879817, 47.91976299259671, 0],
              [-90.65684506804982, 47.91966992252959, 0],
              [-90.65704963869453, 47.91955457248597, 0],
              [-90.65753576829873, 47.91939680265136, 0],
              [-90.65765327871767, 47.91933159265685, 0],
              [-90.65782113880998, 47.91920500254281, 0],
              [-90.65786079853144, 47.91909211257087, 0],
              [-90.65785280891532, 47.9190021827072, 0],
              [-90.65777518908489, 47.91888320271129, 0],
              [-90.6576299988771, 47.91882233274546, 0],
              [-90.65690258807577, 47.91876114242471, 0],
              [-90.65658609812644, 47.91873843241031, 0],
              [-90.65635539818507, 47.91875204264679, 0],
              [-90.65609762841092, 47.91880544263718, 0],
              [-90.65575360779307, 47.91895064260289, 0],
              [-90.6555703676448, 47.91906829255367, 0],
              [-90.65549465763266, 47.91915637286139, 0],
              [-90.65550199776685, 47.91928143273387, 0],
              [-90.6556250579776, 47.91943545288583, 0],
              [-90.6557697181794, 47.91959022270436, 0],
              [-90.65581430785515, 47.91968119305002, 0],
              [-90.65565438797164, 47.91983048311555, 0],
              [-90.65544920826916, 47.91990735306324, 0],
              [-90.65539579803564, 47.92000081281336, 0],
              [-90.65541742856936, 47.92010928257414, 0],
              [-90.65535663777744, 47.92017982307507, 0],
              [-90.6552500580589, 47.92021825298748, 0],
              [-90.65515123798775, 47.9201850528198, 0],
              [-90.6550132684382, 47.91996594309867, 0],
              [-90.6549372377275, 47.91993282283804, 0],
              [-90.6548303974975, 47.91997122283286, 0],
              [-90.65461720751765, 47.92020518314816, 0],
              [-90.65430401797867, 47.92061304305631, 0],
              [-90.65412765802714, 47.92067257324032, 0],
              [-90.65377601789908, 47.92070118334351, 0],
              [-90.6536472273351, 47.92072101306633, 0],
              [-90.6534783979606, 47.92075914337634, 0],
              [-90.65346475794132, 47.92076222327452, 0],
              [-90.65328113780569, 47.92080796299113, 0],
              [-90.6530679172831, 47.92091608309716, 0],
              [-90.65289256793628, 47.92105646347157, 0],
              [-90.65274774783437, 47.92122446297593, 0],
              [-90.65257945744905, 47.92150446314487, 0],
              [-90.65240222792833, 47.92179135350538, 0],
              [-90.65237429750951, 47.92183683345198, 0],
              [-90.65216050745505, 47.92226422367974, 0],
              [-90.65215185757717, 47.92241304335814, 0],
              [-90.65219727729625, 47.92257909342167, 0],
              [-90.65232013718273, 47.92274948329868, 0],
              [-90.6524863677311, 47.92285593364463, 0],
              [-90.65257219816324, 47.92294845318141, 0],
              [-90.65251051803921, 47.92300608321559, 0],
              [-90.65242412795664, 47.92303172363292, 0],
              [-90.65234092779166, 47.9230565236648, 0],
              [-90.65202251724425, 47.92316220344014, 0],
              [-90.65177779729623, 47.9232646437249, 0],
              [-90.651335947449, 47.92344960351534, 0],
              [-90.65117526759077, 47.92346880371606, 0],
              [-90.65093165706213, 47.92334234352013, 0],
              [-90.65077829757514, 47.92318174386893, 0],
              [-90.65058803709292, 47.92293040378798, 0],
              [-90.65028249670857, 47.92273069338813, 0],
              [-90.64995486675141, 47.92257551337649, 0],
              [-90.64969562643515, 47.92248022340339, 0],
              [-90.6493939865358, 47.9224174535638, 0],
              [-90.64935994667472, 47.92241036388414, 0],
              [-90.6488479662516, 47.92240887394964, 0],
              [-90.6484971768281, 47.92246917382221, 0],
              [-90.64826847653653, 47.92256796379667, 0],
              [-90.64819475629274, 47.92262243380076, 0],
              [-90.64803412674016, 47.92274110360021, 0],
              [-90.64800184667874, 47.92276496346368, 0],
              [-90.64774165594491, 47.92293059401607, 0],
              [-90.64724230583467, 47.9231050238651, 0],
              [-90.64719440586708, 47.92313109405092, 0],
              [-90.64687194571438, 47.92332667390327, 0],
              [-90.6466963762803, 47.92348954377751, 0],
              [-90.64648327613197, 47.92353916385773, 0],
              [-90.64655153641547, 47.9236575341764, 0],
              [-90.6466507256942, 47.92377654412667, 0],
              [-90.64667359590302, 47.92386249384811, 0],
              [-90.64664337567855, 47.92393835431078, 0],
              [-90.64651240580169, 47.92399651418434, 0],
              [-90.64624631583138, 47.92411467396957, 0],
              [-90.64591844602403, 47.92413044387732, 0],
              [-90.64560589608556, 47.92419602405601, 0],
              [-90.64539180599378, 47.92430410397244, 0],
              [-90.64530847557307, 47.92435188424952, 0],
              [-90.64514042593625, 47.92451490439793, 0],
              [-90.6450793153441, 47.92462612411497, 0],
              [-90.64508714595844, 47.92471176421764, 0],
              [-90.64522375545863, 47.92485404432782, 0],
              [-90.64540554572605, 47.92494958395697, 0],
              [-90.64549098628935, 47.92499449407712, 0],
              [-90.64571217576682, 47.9250800143813, 0],
              [-90.6457958161063, 47.92511772431854, 0],
              [-90.64591877570575, 47.92519222431358, 0],
              [-90.6459487363171, 47.92526932406862, 0],
              [-90.64593364641698, 47.92541748438425, 0],
              [-90.64584223565028, 47.92553258418397, 0],
              [-90.64555984574913, 47.92567076452345, 0],
              [-90.64546428566415, 47.92571052428988, 0],
              [-90.64517862589538, 47.92582940431031, 0],
              [-90.64507857603063, 47.92587684427863, 0],
              [-90.64501051607144, 47.92593843430689, 0],
              [-90.64498779588128, 47.92599645468657, 0],
              [-90.64510184598974, 47.92613826414946, 0],
              [-90.64514306608487, 47.92617269449396, 0],
              [-90.64532273632821, 47.92632275437829, 0],
              [-90.64542249603714, 47.92639228416421, 0],
              [-90.64547592603361, 47.92652385464774, 0],
              [-90.64543723649264, 47.92669402446217, 0],
              [-90.64530015627523, 47.92689367441476, 0],
              [-90.6450635463176, 47.9270552846349, 0],
              [-90.6448574359605, 47.92720851477338, 0],
              [-90.64480423593274, 47.92729290459104, 0],
              [-90.6447661356866, 47.92743159488249, 0],
              [-90.64472016619855, 47.92763310436859, 0],
              [-90.64421690572189, 47.92800969452235, 0],
              [-90.64409474562304, 47.92810167454295, 0],
              [-90.64369818613748, 47.92821050472556, 0],
              [-90.64298106553777, 47.92833975497955, 0],
              [-90.6427212556896, 47.92831192498234, 0],
              [-90.64248497541368, 47.92819009460695, 0],
              [-90.64229418582374, 47.92800621477321, 0],
              [-90.64207257503642, 47.92792967467873, 0],
              [-90.64195102489361, 47.92780570474231, 0],
              [-90.64182884503182, 47.92767722483112, 0],
              [-90.64162223521141, 47.92754700501166, 0],
              [-90.64144726495365, 47.92729146475797, 0],
              [-90.64122570537027, 47.92704846465798, 0],
              [-90.640981944823, 47.9269624648519, 0],
              [-90.64089808439628, 47.92691125471686, 0],
              [-90.64085181487094, 47.9268248248958, 0],
              [-90.64092856513219, 47.92666443469849, 0],
              [-90.64091296498897, 47.92652914454766, 0],
              [-90.64076779454412, 47.92639118500827, 0],
              [-90.64070738463788, 47.92635036453095, 0],
              [-90.63959966397618, 47.92564384505361, 0],
              [-90.63929272401666, 47.92533694465067, 0],
              [-90.63912758402303, 47.9252012049743, 0],
              [-90.6387845039413, 47.92483422461677, 0],
              [-90.63847200341014, 47.92453086440594, 0],
              [-90.63798320311462, 47.92429585455173, 0],
              [-90.63768017352149, 47.92411989488887, 0],
              [-90.63767542323026, 47.92382586474888, 0],
              [-90.63765655321941, 47.92265790431772, 0],
              [-90.6430128245763, 47.92267482386982, 0],
              [-90.64373428493718, 47.92267458427751, 0],
              [-90.64417510531507, 47.9224697541435, 0],
              [-90.64495982503826, 47.92215267380609, 0],
              [-90.64538758570859, 47.92193248400385, 0],
              [-90.64567852577458, 47.92179817357352, 0],
              [-90.64594746520096, 47.92167402399232, 0],
              [-90.6461980754023, 47.92153566381291, 0],
              [-90.64634624532191, 47.92093373345812, 0],
              [-90.64649824565788, 47.92044438356221, 0],
              [-90.6466858552117, 47.92006673355321, 0],
              [-90.64687754581185, 47.9198047833172, 0],
              [-90.64712900581944, 47.9195600136054, 0],
              [-90.64749098555644, 47.91924424351256, 0],
              [-90.6478433353536, 47.91904202345554, 0],
              [-90.64820249617723, 47.91886018330449, 0],
              [-90.64820423531562, 47.91819028313602, 0],
              [-90.64809236541835, 47.91465554240018, 0],
              [-90.64798049462276, 47.91112080223707, 0],
              [-90.64796120420034, 47.91051129209836, 0],
              [-90.64758526464382, 47.91047538212641, 0],
              [-90.64722672455605, 47.91045003233742, 0],
              [-90.64686782424386, 47.91046967210258, 0],
              [-90.64647076349839, 47.91055601243676, 0],
              [-90.64624202368095, 47.91058281210617, 0],
              [-90.64560110357353, 47.91062365225151, 0],
              [-90.64497589320375, 47.91070530233896, 0],
              [-90.6447164534615, 47.91074497245011, 0],
              [-90.64441101368848, 47.91074770250502, 0],
              [-90.6438922429001, 47.91073255232401, 0],
              [-90.64350331280627, 47.91080555266068, 0],
              [-90.64317525255609, 47.91095628273295, 0],
              [-90.64273980320527, 47.91109581283521, 0],
              [-90.64264471293917, 47.91112760263747, 0],
              [-90.6424349132012, 47.91123351270713, 0],
              [-90.64208377253641, 47.91148725246778, 0],
              [-90.64183206279718, 47.91174302252997, 0],
              [-90.64149601293086, 47.91205105246495, 0],
              [-90.64129818234575, 47.91207847274176, 0],
              [-90.64116048229077, 47.91205315263952, 0],
              [-90.64098468288799, 47.91196405290039, 0],
              [-90.64058835247285, 47.91175795264225, 0],
              [-90.64010793256057, 47.91165359289783, 0],
              [-90.63954292189128, 47.91156999283604, 0],
              [-90.63887197200219, 47.91147970307622, 0],
              [-90.63861971159568, 47.91138003269976, 0],
              [-90.63813160120628, 47.91131600299803, 0],
              [-90.63731417112865, 47.91126766274854, 0],
              [-90.6373089609, 47.91113416278917, 0],
              [-90.6327337495298, 47.91115425328607, 0],
              [-90.62740443841125, 47.91117741340568, 0],
              [-90.6221339166381, 47.91120008398797, 0],
              [-90.6168633849835, 47.91122252454899, 0],
              [-90.61181628320469, 47.91124602483792, 0],
              [-90.60676918232419, 47.91126930534113, 0],
              [-90.60167580024024, 47.91129258523173, 0],
              [-90.59658244869901, 47.9113156459392, 0],
              [-90.59653545872483, 47.90859399543629, 0],
              [-90.59805827920121, 47.90880503570552, 0],
              [-90.59820201862982, 47.90855122558903, 0],
              [-90.59653782848054, 47.90794355550241, 0],
              [-90.59653245835177, 47.90773614518095, 0],
              [-90.59643984743587, 47.90415664495551, 0],
              [-90.5960153566332, 47.9005716142675, 0],
              [-90.5908518358885, 47.90059727483661, 0],
              [-90.5906921450754, 47.89881301471574, 0],
              [-90.590946274876, 47.89702530402087, 0],
              [-90.59145232462164, 47.89346498399549, 0],
              [-90.58989617305495, 47.88994337333506, 0],
              [-90.58719202216588, 47.88618777278901, 0],
              [-90.58436052071225, 47.88225468273238, 0],
              [-90.58413131017761, 47.87832965200827, 0],
              [-90.58390212928737, 47.87440462156972, 0],
              [-90.57847930714097, 47.8741817521056, 0],
              [-90.57305648589288, 47.8739588624011, 0],
              [-90.56780828455962, 47.8741934326284, 0],
              [-90.56256008232803, 47.87442800299891, 0],
              [-90.55731185135036, 47.874662583756, 0],
              [-90.55206365989856, 47.87489712428562, 0],
              [-90.54678012782517, 47.87492673461457, 0],
              [-90.54149663617596, 47.87495633468333, 0],
              [-90.53621311488234, 47.87498594497848, 0],
              [-90.53092959358875, 47.87501554561597, 0],
              [-90.53128614390816, 47.87880119617491, 0],
              [-90.53164267446463, 47.88258686654905, 0],
              [-90.53199514553437, 47.8863792169547, 0],
              [-90.53241895631236, 47.89012994731817, 0],
              [-90.5325610464341, 47.89357862797503, 0],
              [-90.53270313745418, 47.89702729819994, 0],
              [-90.53284524823718, 47.90047600914309, 0],
              [-90.53298733835892, 47.90392468909041, 0],
              [-90.53311713862928, 47.90750535971081, 0],
              [-90.53324694967942, 47.91108607044556, 0],
              [-90.53337674994975, 47.91466674055875, 0],
              [-90.53350658076282, 47.91824742118415, 0],
              [-90.52802865955016, 47.91818336144902, 0],
              [-90.52255074732065, 47.91811934197153, 0],
              [-90.51707285575237, 47.91805528267987, 0],
              [-90.5115949345397, 47.91799123294162, 0],
              [-90.50937323375543, 47.91800105289919, 0],
              [-90.50937906382163, 47.91854388336038, 0],
              [-90.50698515240413, 47.91820637333043, 0],
              [-90.50622887244454, 47.91818509352652, 0],
              [-90.50462156182243, 47.9181398632278, 0],
              [-90.50237880093462, 47.91831849341806, 0],
              [-90.50144993125275, 47.91805415384659, 0],
              [-90.50086035076211, 47.91805459333901, 0],
              [-90.49545564943162, 47.91810600429445, 0],
              [-90.49005096786408, 47.9181574145968, 0],
              [-90.4847532262395, 47.91823913467501, 0],
              [-90.47945548461496, 47.91832082512415, 0],
              [-90.47415774299039, 47.91840254554629, 0],
              [-90.4688599708231, 47.91848425620675, 0],
              [-90.46347548967137, 47.91842341647556, 0],
              [-90.45809096809542, 47.91836260677486, 0],
              [-90.45270634590815, 47.91830176690062, 0],
              [-90.44732171473774, 47.91824081738311, 0],
              [-90.44735031529974, 47.92188996778643, 0],
              [-90.4473789059803, 47.92553907870192, 0],
              [-90.44740750654232, 47.92918822893766, 0],
              [-90.44743610710432, 47.93283733958906, 0],
              [-90.44737955725888, 47.93645512989263, 0],
              [-90.44732326792486, 47.94007291019778, 0],
              [-90.44732015795735, 47.94027276065007, 0],
              [-90.44714685766769, 47.94041042078134, 0],
              [-90.44693899829072, 47.94046186066993, 0],
              [-90.4467197276147, 47.94043674040972, 0],
              [-90.44649985776239, 47.94037499072265, 0],
              [-90.44623636751652, 47.94034057043499, 0],
              [-90.44603596774967, 47.94030492067673, 0],
              [-90.44568565712822, 47.94030199058327, 0],
              [-90.44551136779342, 47.94033309084816, 0],
              [-90.44507205748351, 47.94041147089477, 0],
              [-90.44462302740222, 47.94042805064908, 0],
              [-90.44432654742585, 47.94049874096662, 0],
              [-90.443918057415, 47.94050308102687, 0],
              [-90.44348966702569, 47.94055132054359, 0],
              [-90.44310676642405, 47.94053409090338, 0],
              [-90.4428960863371, 47.94051158061141, 0],
              [-90.44267164675493, 47.94048841075514, 0],
              [-90.44251154631004, 47.94045875065203, 0],
              [-90.44233055644155, 47.94042522106056, 0],
              [-90.44196835661731, 47.94039263083285, 0],
              [-90.44185605642701, 47.94038253108366, 0],
              [-90.4413857964606, 47.94038393083454, 0],
              [-90.44090768611694, 47.94044642070499, 0],
              [-90.44026021639277, 47.94063313101655, 0],
              [-90.43984093581874, 47.94076080124043, 0],
              [-90.43949796533147, 47.94090851097648, 0],
              [-90.43914829610713, 47.9410160414491, 0],
              [-90.43886538518312, 47.94121264107824, 0],
              [-90.4385386454564, 47.94141718095041, 0],
              [-90.43828808556071, 47.94162904114811, 0],
              [-90.4380969851537, 47.94184075123923, 0],
              [-90.43799385586414, 47.94203259137896, 0],
              [-90.43799478562046, 47.94229189141658, 0],
              [-90.43805891545028, 47.94247309136426, 0],
              [-90.43820758573149, 47.9426081616848, 0],
              [-90.43842855602001, 47.94271629158293, 0],
              [-90.43878325580995, 47.9427639814357, 0],
              [-90.43919372570767, 47.94288183116473, 0],
              [-90.4395811565133, 47.94292311157287, 0],
              [-90.44074199635438, 47.94306794115691, 0],
              [-90.44125476639664, 47.94310949100166, 0],
              [-90.44195849670875, 47.94324287114535, 0],
              [-90.4420360168262, 47.94325757132471, 0],
              [-90.44250092732507, 47.943300291422, 0],
              [-90.44292342746108, 47.94343561111222, 0],
              [-90.44330468773903, 47.9435442014218, 0],
              [-90.44349101719355, 47.94363527104959, 0],
              [-90.44370921707777, 47.9437419112845, 0],
              [-90.44398784752943, 47.9438897310461, 0],
              [-90.44412533737862, 47.94404101100313, 0],
              [-90.44419467743708, 47.94422043149223, 0],
              [-90.44424235731742, 47.94444652151873, 0],
              [-90.44426591743238, 47.94466190148426, 0],
              [-90.44434179812443, 47.94500099113549, 0],
              [-90.44455354810488, 47.94523170142681, 0],
              [-90.4447176882736, 47.94533090162538, 0],
              [-90.44487344805901, 47.9454206515291, 0],
              [-90.44506096778132, 47.94545078113987, 0],
              [-90.44534668863554, 47.94549069117365, 0],
              [-90.44576757809224, 47.94550537145859, 0],
              [-90.44620126854173, 47.94555100144256, 0],
              [-90.4468661287515, 47.94561027126086, 0],
              [-90.44712750885476, 47.94570531102475, 0],
              [-90.44729535906562, 47.94578708144999, 0],
              [-90.44729540937126, 47.94730911152193, 0],
              [-90.44733047959997, 47.9508558719753, 0],
              [-90.44736556060843, 47.95440265253651, 0],
              [-90.44737557053564, 47.95538639272087, 0],
              [-90.44725956030322, 47.95543074278066, 0],
              [-90.44689974011617, 47.95561717276399, 0],
              [-90.44665011985828, 47.95575515239296, 0],
              [-90.44627790022537, 47.95601520297308, 0],
              [-90.44578166008263, 47.95629162296822, 0],
              [-90.44533026024563, 47.95652381272031, 0],
              [-90.44501425987812, 47.95679484272514, 0],
              [-90.44460625944913, 47.95701187313394, 0],
              [-90.44424839938601, 47.95727323306176, 0],
              [-90.44390258932414, 47.95751122309796, 0],
              [-90.44357533935434, 47.95780986293522, 0],
              [-90.44342924005149, 47.95793259326942, 0],
              [-90.44329410917823, 47.95804609328761, 0],
              [-90.44288513946705, 47.95825983323169, 0],
              [-90.44227017977299, 47.95880950331964, 0],
              [-90.442052849458, 47.95904349367724, 0],
              [-90.44200886973832, 47.95908866354131, 0],
              [-90.44187272915867, 47.95922851318927, 0],
              [-90.44166680924442, 47.95946631375009, 0],
              [-90.44153781925445, 47.95974952372801, 0],
              [-90.44147599899323, 47.95997986379501, 0],
              [-90.44146078961715, 47.96015500363514, 0],
              [-90.44151365906488, 47.96031922350271, 0],
              [-90.44156777986582, 47.9604371938179, 0],
              [-90.44164442951575, 47.96051574369553, 0],
              [-90.44190352969483, 47.96070147377711, 0],
              [-90.44201786995914, 47.96074841374882, 0],
              [-90.44204158009275, 47.96075815340264, 0],
              [-90.4422887299836, 47.96080460366378, 0],
              [-90.44253996990395, 47.96085978352163, 0],
              [-90.44289813988584, 47.96093223368917, 0],
              [-90.44324709045793, 47.96098215350385, 0],
              [-90.44361067009446, 47.96094512360037, 0],
              [-90.44394381031759, 47.96095651325511, 0],
              [-90.44481237070455, 47.96091932332219, 0],
              [-90.44534081095864, 47.96086265349822, 0],
              [-90.44578089112474, 47.96083129368652, 0],
              [-90.44610543087734, 47.96080727332834, 0],
              [-90.44663151125718, 47.96073864341425, 0],
              [-90.44700604135701, 47.9607189631805, 0],
              [-90.44742762161816, 47.96066824305215, 0],
              [-90.4474359813402, 47.96149622324837, 0],
              [-90.44752092244019, 47.96508947414794, 0],
              [-90.4476063225793, 47.96868273432489, 0],
              [-90.44769882300243, 47.97225818505489, 0],
              [-90.44779131354409, 47.97583360533825, 0],
              [-90.44243103210776, 47.97584542590045, 0],
              [-90.43707079019731, 47.9758572362366, 0],
              [-90.43173242855224, 47.97586596634583, 0],
              [-90.42639412709428, 47.97587436690218, 0],
              [-90.42635354749797, 47.97963997754471, 0],
              [-90.4263245085581, 47.98340475795811, 0],
              [-90.42628631937872, 47.98717061840632, 0],
              [-90.42619346951096, 47.99094014914934, 0],
              [-90.42626364051105, 47.99444261928164, 0],
              [-90.4263338303758, 47.99794513000492, 0],
              [-90.42640406156302, 48.00144668047837, 0],
              [-90.42647436192051, 48.00494826075287, 0],
              [-90.42657892222633, 48.00844907145795, 0],
              [-90.42669240280291, 48.01195012170159, 0],
              [-90.42671959300993, 48.01370010218859, 0],
              [-90.43010241480795, 48.01558297209704, 0],
              [-90.43222942507644, 48.01676675218211, 0],
              [-90.43776103769534, 48.01984491190338, 0],
              [-90.44315472927369, 48.01955124183503, 0],
              [-90.44854450060416, 48.01925491126241, 0],
              [-90.45395506254357, 48.01977048104275, 0],
              [-90.45936563436443, 48.02028606068848, 0],
              [-90.46477767582913, 48.02080177036864, 0],
              [-90.4701896876494, 48.02131745986882, 0],
              [-90.47040801868762, 48.02488704033107, 0],
              [-90.4706263290646, 48.02845659108211, 0],
              [-90.47084674958418, 48.03204353106808, 0],
              [-90.47117328000343, 48.03561231166693, 0],
              [-90.47633676212057, 48.03528875154846, 0],
              [-90.48150021369499, 48.03496516116607, 0],
              [-90.48644843521555, 48.03460338069272, 0],
              [-90.4913966863805, 48.03424156043635, 0],
              [-90.49632268807248, 48.03408860981836, 0],
              [-90.50124954945223, 48.03394136955097, 0],
              [-90.50663649108954, 48.03382626911352, 0],
              [-90.51189151243244, 48.03371321859896, 0],
              [-90.5171346337928, 48.03374422838841, 0],
              [-90.5223777659329, 48.03377519791244, 0],
              [-90.5276208675303, 48.03380617762976, 0],
              [-90.5328639987721, 48.03383715732841, 0],
              [-90.53327718966683, 48.03768069760305, 0],
              [-90.53369038056154, 48.04152421843614, 0],
              [-90.53380333113209, 48.04420729823815, 0],
              [-90.53673650121466, 48.04387563803846, 0],
              [-90.537901342152, 48.04463079855993, 0],
              [-90.53381259096604, 48.04493823846231, 0],
              [-90.53380331136916, 48.04523062882378, 0],
              [-90.53370877177034, 48.04820792903692, 0],
              [-90.53370318155433, 48.04893705897039, 0],
              [-90.53906989313147, 48.04904472906332, 0],
              [-90.54443657506418, 48.04915239833062, 0],
              [-90.54980198677909, 48.04926000792177, 0],
              [-90.55516735806982, 48.04936765752256, 0],
              [-90.55516373875753, 48.05253059807184, 0],
              [-90.5551601095638, 48.0556935286908, 0],
              [-90.56055752106575, 48.0555456782744, 0],
              [-90.56595490202498, 48.05539756804143, 0],
              [-90.57140094382486, 48.05524785719313, 0],
              [-90.57684696586178, 48.05509791713888, 0],
              [-90.58235787770327, 48.05506791634613, 0],
              [-90.58786876888348, 48.0550376759569, 0],
              [-90.5933110108097, 48.05500753582482, 0],
              [-90.59875325273592, 48.0549771554954, 0],
              [-90.60415971386605, 48.0549485248586, 0],
              [-90.6095661758945, 48.05491960478898, 0],
              [-90.61480037698406, 48.05489139443548, 0],
              [-90.62003461849781, 48.05486294388621, 0],
              [-90.62531418989913, 48.05463628343952, 0],
              [-90.63059373165603, 48.0544093830136, 0],
              [-90.63574271316786, 48.05418785269035, 0],
              [-90.64003566489261, 48.05400297235169, 0],
              [-90.64497877589751, 48.05423992203334, 0],
              [-90.64992190756365, 48.05447667187396, 0],
              [-90.65473067911108, 48.05456456103398, 0],
              [-90.6595394803029, 48.05465226090121, 0],
              [-90.66450373225969, 48.05468173053538, 0],
              [-90.66944334342823, 48.05470381999032, 0],
              [-90.67437217571171, 48.05472017991924, 0],
              [-90.67930100709685, 48.05473654945018, 0],
              [-90.6844492385154, 48.05470690931884, 0],
              [-90.68950877028281, 48.05467380876026, 0],
              [-90.69177385071215, 48.05465891872588, 0],
              [-90.69540964168745, 48.05478097869185, 0],
              [-90.69924359292956, 48.0549095580572, 0],
              [-90.70481202479701, 48.05501955801443, 0],
              [-90.71040174673668, 48.05512972766336, 0],
              [-90.71293756681625, 48.05517961703155, 0],
              [-90.71547335814971, 48.05522945711485, 0],
              [-90.72076895998725, 48.05893763713667, 0],
              [-90.72659740202715, 48.06284136732759, 0],
              [-90.7281860429627, 48.06283780720636, 0],
              [-90.73194749387322, 48.06282372701437, 0],
              [-90.73371070441794, 48.06282258693471, 0],
              [-90.73747215532842, 48.06280850673856, 0],
              [-90.73923533622875, 48.06280736605821, 0],
              [-90.74290822762526, 48.06280459600589, 0],
              [-90.74473621838008, 48.06280320617681, 0],
              [-90.74834432866821, 48.06280048595398, 0],
              [-90.75023706998869, 48.06279834567705, 0],
              [-90.7533640102713, 48.06281675505758, 0],
              [-90.75564020106405, 48.06283015504601, 0],
              [-90.75838364246704, 48.06284631487515, 0],
              [-90.76104334291922, 48.06286240505774, 0],
              [-90.76377917379511, 48.06288936470238, 0],
              [-90.76643686471601, 48.06291524429098, 0],
              [-90.76677119430855, 48.06291743439264, 0],
              [-90.77184555636299, 48.06292877393084, 0],
              [-90.77212669670756, 48.06292902427958, 0],
              [-90.7772077476176, 48.06293338346923, 0],
              [-90.77748216766553, 48.06293363381793, 0],
              [-90.78256993977054, 48.062938023025, 0],
              [-90.78283765928477, 48.06293825296156, 0],
              [-90.78793210138075, 48.06294264276856, 0],
              [-90.78819313114107, 48.06294286309942, 0],
              [-90.79329429263537, 48.06294492232223, 0],
              [-90.7935761830732, 48.06294564275, 0],
              [-90.79866245409336, 48.06295889201547, 0],
              [-90.7989592143441, 48.06295967187834, 0],
              [-90.80403061555134, 48.06297289172275, 0],
              [-90.80434223573351, 48.06297434158284, 0],
              [-90.8093720377566, 48.06299801121884, 0],
              [-90.80972528766567, 48.06299968140884, 0],
              [-90.81471344918207, 48.06302362119316, 0],
              [-90.81505725959413, 48.06302351072775, 0],
              [-90.82005367123809, 48.06302209028642, 0],
              [-90.82038920097986, 48.06302201043911, 0],
              [-90.82539388251432, 48.06302060020383, 0],
              [-90.82572116302684, 48.06302482010322, 0],
              [-90.83073302389707, 48.06308965005763, 0],
              [-90.831053134057, 48.0630937696921, 0],
              [-90.83607215539836, 48.06315462941853, 0],
              [-90.8364736062106, 48.06315409930586, 0],
              [-90.84151912785285, 48.0631473489245, 0],
              [-90.84189404782151, 48.06314684882951, 0],
              [-90.84696606886632, 48.0631400486178, 0],
              [-90.8473145190768, 48.06313957854046, 0],
              [-90.8524130404225, 48.06313274831001, 0],
              [-90.85273496068771, 48.06313229804432, 0],
              [-90.85786001197869, 48.06312941814463, 0],
              [-90.85789959264842, 48.0666787485054, 0],
              [-90.85792705324835, 48.06913943845792, 0],
              [-90.85792839353475, 48.07006539858098, 0],
              [-90.85792842317915, 48.07022808863311, 0],
              [-90.85797516432, 48.07375480919701, 0],
              [-90.85802191444402, 48.07728153954024, 0],
              [-90.85915781525617, 48.07731669981563, 0],
              [-90.86036554535843, 48.0774287993663, 0],
              [-90.86232208592872, 48.07775280959228, 0],
              [-90.86342626632985, 48.0781132792991, 0],
              [-90.86384207671196, 48.07824901933045, 0],
              [-90.86476448660862, 48.07848789921345, 0],
              [-90.86515594725662, 48.07854031968819, 0],
              [-90.86599150713329, 48.07852112910247, 0],
              [-90.86653941747286, 48.0784145991651, 0],
              [-90.8674491476493, 48.07812613934494, 0],
              [-90.8680985873789, 48.07778808898209, 0],
              [-90.86854906823937, 48.0774625989168, 0],
              [-90.86878381778604, 48.07746097901165, 0],
              [-90.86996893819094, 48.07745274864434, 0],
              [-90.86997355822643, 48.07745271923517, 0],
              [-90.87052132842881, 48.07788068878767, 0],
              [-90.87121195860912, 48.07829173878078, 0],
              [-90.87228612899159, 48.07867709869261, 0],
              [-90.87316215976844, 48.07885600874734, 0],
              [-90.87414769967003, 48.07893929859633, 0],
              [-90.8743184496426, 48.07894006861436, 0],
              [-90.87511077989286, 48.07894360901656, 0],
              [-90.87540729041194, 48.07899176902534, 0],
              [-90.87542177035604, 48.07899411868819, 0],
              [-90.8762627309042, 48.07929023896023, 0],
              [-90.87669362040664, 48.07936348854749, 0],
              [-90.87713230099753, 48.07939000863058, 0],
              [-90.87790174127606, 48.07935286862715, 0],
              [-90.87821750089506, 48.07931009844371, 0],
              [-90.87947146189511, 48.07914701818805, 0],
              [-90.87948511179586, 48.0812925386537, 0],
              [-90.87950863238494, 48.08498814925014, 0],
              [-90.87953240270566, 48.088685339512, 0],
              [-90.87955614338199, 48.09238257001147, 0],
              [-90.87966258386169, 48.09587085093327, 0],
              [-90.87976903512119, 48.09935913098448, 0],
              [-90.87987544505816, 48.10284744191448, 0],
              [-90.87998188643617, 48.10633572188727, 0],
              [-90.87994688627607, 48.10989044291404, 0],
              [-90.87991188701429, 48.11344514298875, 0],
              [-90.87987687787103, 48.11699986344911, 0],
              [-90.87984189837219, 48.12055458385391, 0],
              [-90.87974536900502, 48.12435394463888, 0],
              [-90.87964884951931, 48.12815330502257, 0],
              [-90.87955233991508, 48.13195266554633, 0],
              [-90.87945583031085, 48.13575202615189, 0],
              [-90.8794446310142, 48.13606796649324, 0],
              [-90.8790345617651, 48.14221355706771, 0],
              [-90.88286540303972, 48.14219745693702, 0],
              [-90.88844196466047, 48.14217315657378, 0],
              [-90.8902782845946, 48.14216509601265, 0],
              [-90.89187585568239, 48.14215805628309, 0],
              [-90.89983443772122, 48.14247610555478, 0],
              [-90.90020337760505, 48.14249083530532, 0],
              [-90.90025372817672, 48.1425017053346, 0],
              [-90.90025404797696, 48.14255569579004, 0],
              [-90.90010147810911, 48.14262939533752, 0],
              [-90.8998952078519, 48.14274258552801, 0],
              [-90.89977351757192, 48.1428213457469, 0],
              [-90.8996588880501, 48.14299470555844, 0],
              [-90.89957543815345, 48.14318662582956, 0],
              [-90.899574647636, 48.14339823565475, 0],
              [-90.8995756582407, 48.14339969583599, 0],
              [-90.89962860763848, 48.14359248554334, 0],
              [-90.89963629811564, 48.14365111551972, 0],
              [-90.89948359799206, 48.14366631607282, 0],
              [-90.89932304749122, 48.14366788593922, 0],
              [-90.89921651807832, 48.14368392566735, 0],
              [-90.89910238801978, 48.1437628157134, 0],
              [-90.89910206821955, 48.14385279596511, 0],
              [-90.89908679775803, 48.14389749591653, 0],
              [-90.89899538788966, 48.14391382568805, 0],
              [-90.89888844794666, 48.14400184560268, 0],
              [-90.89887283792197, 48.14409603568735, 0],
              [-90.89888114823667, 48.14410140579613, 0],
              [-90.89898744768088, 48.14417010585542, 0],
              [-90.89913296757037, 48.14428973567645, 0],
              [-90.89906361763045, 48.14438294580336, 0],
              [-90.89915556828461, 48.14445660616359, 0],
              [-90.89929273833354, 48.14451310606802, 0],
              [-90.89951401854086, 48.14462961579553, 0],
              [-90.89958258784479, 48.14476133567726, 0],
              [-90.89959014806624, 48.14490543582886, 0],
              [-90.89964370831841, 48.14505487621444, 0],
              [-90.89975776830835, 48.14514244582323, 0],
              [-90.89994852825389, 48.14524490607987, 0],
              [-90.9000942188233, 48.14531954581362, 0],
              [-90.90015453799968, 48.14540612597059, 0],
              [-90.9002617384541, 48.14553854574827, 0],
              [-90.9003380683038, 48.14556243573274, 0],
              [-90.90035304860947, 48.14550422571647, 0],
              [-90.9003608082569, 48.14539639600481, 0],
              [-90.90037585863118, 48.14531569589849, 0],
              [-90.90048272850558, 48.14525016577957, 0],
              [-90.90069693897159, 48.14512811603228, 0],
              [-90.90076744863656, 48.14511531589977, 0],
              [-90.9014384084071, 48.14463057603943, 0],
              [-90.90144056885538, 48.14505060610129, 0],
              [-90.90144103867425, 48.14514190576638, 0],
              [-90.90144141866163, 48.14533901596216, 0],
              [-90.90147670897757, 48.14613274594691, 0],
              [-90.90163656957226, 48.14972686665968, 0],
              [-90.90698192100858, 48.14972224631915, 0],
              [-90.91134441221777, 48.14971848603651, 0],
              [-90.91232730298759, 48.14972107580087, 0],
              [-90.9121996937082, 48.15337285631816, 0],
              [-90.91216474385377, 48.15437228602113, 0],
              [-90.91195221413564, 48.15689740652981, 0],
              [-90.91195212430412, 48.16045579698596, 0],
              [-90.91182583464989, 48.16406835783902, 0],
              [-90.90612689284303, 48.1640622480394, 0],
              [-90.9005744815304, 48.1640563084051, 0],
              [-90.90042729167276, 48.16397646870055, 0],
              [-90.9004279519345, 48.16407052865418, 0],
              [-90.90077384194643, 48.16767816888484, 0],
              [-90.90081527224734, 48.16811011870532, 0],
              [-90.900826272118, 48.1682248290024, 0],
              [-90.90115056303725, 48.17128580937666, 0],
              [-90.90151181334224, 48.1745150595438, 0],
              [-90.90153375379472, 48.17488769980121, 0],
              [-90.90162760348741, 48.1764797600463, 0],
              [-90.90164952417699, 48.17733883002388, 0],
              [-90.9016869938058, 48.17846056028002, 0],
              [-90.90168677461686, 48.17848956004691, 0],
              [-90.89555766195978, 48.17837134095351, 0],
              [-90.89103432111075, 48.17832349088956, 0],
              [-90.89037617041784, 48.17831671129826, 0],
              [-90.8902141206288, 48.17831563128379, 0],
              [-90.89014614061966, 48.1783151814275, 0],
              [-90.88958762027828, 48.17830725113728, 0],
              [-90.888873429983, 48.17829712128142, 0],
              [-90.88799881045945, 48.17828470140815, 0],
              [-90.88772548994943, 48.17828081143657, 0],
              [-90.88604801910698, 48.17825697142742, 0],
              [-90.88539023941829, 48.17825258128004, 0],
              [-90.88470655860502, 48.17824802161235, 0],
              [-90.8847050889612, 48.17824799166181, 0],
              [-90.8840008591858, 48.17824046150026, 0],
              [-90.87926701701454, 48.17818974205072, 0],
              [-90.87390184604813, 48.17828369207613, 0],
              [-90.86853671370926, 48.17837764252842, 0],
              [-90.86317154274286, 48.17847162335788, 0],
              [-90.8578063807596, 48.17856556328262, 0],
              [-90.85769636049348, 48.17493034314067, 0],
              [-90.85763696029365, 48.17296781301263, 0],
              [-90.85767127953075, 48.17236896257621, 0],
              [-90.8576649697642, 48.17129512225848, 0],
              [-90.85752214931213, 48.16765217185545, 0],
              [-90.85737934862298, 48.16400922151503, 0],
              [-90.85729120772395, 48.1603845013373, 0],
              [-90.85720310724908, 48.15675977072411, 0],
              [-90.85711499689273, 48.15313505010021, 0],
              [-90.8570268856381, 48.14951032992887, 0],
              [-90.85164475447912, 48.14949746975593, 0],
              [-90.84626262242183, 48.14948461017913, 0],
              [-90.84088765083567, 48.14946161085156, 0],
              [-90.83551370961713, 48.14945142135618, 0],
              [-90.83550395840473, 48.14518235067667, 0],
              [-90.83549656796488, 48.14148231987112, 0],
              [-90.83548204759663, 48.13770072937807, 0],
              [-90.83546753710985, 48.1339191193201, 0],
              [-90.83593471675314, 48.13017897834587, 0],
              [-90.83640191615936, 48.12643886776172, 0],
              [-90.83686909580265, 48.1226987372585, 0],
              [-90.83178325327889, 48.11893442725006, 0],
              [-90.82623022212869, 48.11891026760129, 0],
              [-90.82067719996164, 48.11888609834587, 0],
              [-90.8151241786929, 48.11886193867439, 0],
              [-90.81514378801724, 48.11542361778177, 0],
              [-90.81516339734158, 48.11198527731073, 0],
              [-90.81518303631032, 48.10854696708606, 0],
              [-90.81520264653297, 48.10510862657065, 0],
              [-90.80975612413441, 48.10527990681655, 0],
              [-90.80430962329544, 48.1054512074868, 0],
              [-90.79886312155814, 48.10562248779083, 0],
              [-90.79341661982087, 48.10579378851909, 0],
              [-90.78804441774072, 48.10584275898712, 0],
              [-90.78267225608477, 48.10589172880861, 0],
              [-90.77997495574806, 48.10589782933798, 0],
              [-90.7801045556941, 48.10632131948071, 0],
              [-90.78013943547994, 48.10634375928019, 0],
              [-90.78019338560095, 48.10638550943411, 0],
              [-90.78022412594997, 48.10647160938432, 0],
              [-90.78026211570334, 48.10668622939031, 0],
              [-90.78027695587184, 48.10678721939078, 0],
              [-90.78026421596448, 48.10684301934017, 0],
              [-90.7802616261215, 48.10685436959335, 0],
              [-90.780192935545, 48.10689773951032, 0],
              [-90.78016961617854, 48.10698305940678, 0],
              [-90.78017789595052, 48.10726234960654, 0],
              [-90.78017136609672, 48.10729167934726, 0],
              [-90.78015499609728, 48.10736518957581, 0],
              [-90.78006280559295, 48.10748533943361, 0],
              [-90.77983351600655, 48.10762476951719, 0],
              [-90.77969611598891, 48.10767123932958, 0],
              [-90.77948536583337, 48.10767579927246, 0],
              [-90.77920129518432, 48.1076121795745, 0],
              [-90.7787579756933, 48.10749561943624, 0],
              [-90.77842393535828, 48.10743545937758, 0],
              [-90.77811438489451, 48.10742368936642, 0],
              [-90.77779619533268, 48.1073731494286, 0],
              [-90.7774691654501, 48.10733592945829, 0],
              [-90.77715605496289, 48.10727570982857, 0],
              [-90.77700379501381, 48.10728619981687, 0],
              [-90.77686600512733, 48.10732845966791, 0],
              [-90.77680105513566, 48.10736195944683, 0],
              [-90.77670597475104, 48.10741099980142, 0],
              [-90.77652307506423, 48.10753731946794, 0],
              [-90.77649209486503, 48.10760026984217, 0],
              [-90.77612230427665, 48.10785825004269, 0],
              [-90.77586781425161, 48.10802828967372, 0],
              [-90.77564427478136, 48.10811502988916, 0],
              [-90.77543805482979, 48.10815552976025, 0],
              [-90.77448589452754, 48.1082047001202, 0],
              [-90.77380586446758, 48.10828752976276, 0],
              [-90.77335267428819, 48.10834060007085, 0],
              [-90.77282981347035, 48.10842906005963, 0],
              [-90.77233407368922, 48.10864892034539, 0],
              [-90.77223763325527, 48.10871285006792, 0],
              [-90.77194550381982, 48.10890652039443, 0],
              [-90.7716881131347, 48.10909791008296, 0],
              [-90.7714031037462, 48.10975101057985, 0],
              [-90.77141810381481, 48.10984076073012, 0],
              [-90.77148696327461, 48.10988754043938, 0],
              [-90.77151783387934, 48.10989727053676, 0],
              [-90.77189151417292, 48.10993598037525, 0],
              [-90.7721664839898, 48.10997251048306, 0],
              [-90.77249478409017, 48.11005192017681, 0],
              [-90.77268648367348, 48.11016284054385, 0],
              [-90.77275436396963, 48.1102001604338, 0],
              [-90.77283805371643, 48.11023776040541, 0],
              [-90.77287639381277, 48.11027020023316, 0],
              [-90.7729372744362, 48.11032500012708, 0],
              [-90.77293726455474, 48.11041051046946, 0],
              [-90.77292948424606, 48.11043752017748, 0],
              [-90.77286800444634, 48.11047247065021, 0],
              [-90.77282213377298, 48.11048940065785, 0],
              [-90.77272953453517, 48.11053338050426, 0],
              [-90.77258609424555, 48.11059721071491, 0],
              [-90.77253275408061, 48.11062728050535, 0],
              [-90.77241806437166, 48.11075162072827, 0],
              [-90.7722725938895, 48.11087962061318, 0],
              [-90.77209033380318, 48.11094278042108, 0],
              [-90.77197084349734, 48.1109709006718, 0],
              [-90.7717936535025, 48.11100915085787, 0],
              [-90.77110244390882, 48.11109529044613, 0],
              [-90.77054163376178, 48.11113346076696, 0],
              [-90.76990851372597, 48.11115716043194, 0],
              [-90.76967897350961, 48.11115273095322, 0],
              [-90.7695277232669, 48.1111764408058, 0],
              [-90.76938914286296, 48.11121456068371, 0],
              [-90.76901494334315, 48.11141880069594, 0],
              [-90.76897755276607, 48.11144586085624, 0],
              [-90.76814925307352, 48.11197741113886, 0],
              [-90.76785576269042, 48.11216994097258, 0],
              [-90.76774867272877, 48.11225332082122, 0],
              [-90.76771100277566, 48.1123472212782, 0],
              [-90.76771092282559, 48.11240548088414, 0],
              [-90.7677563030188, 48.1124291307806, 0],
              [-90.76784172292085, 48.1124350709928, 0],
              [-90.76803203281041, 48.11246152124268, 0],
              [-90.76809324311556, 48.11248526108009, 0],
              [-90.76815334310302, 48.11252214084571, 0],
              [-90.76819164277515, 48.1126490213359, 0],
              [-90.76812285338396, 48.11301601131084, 0],
              [-90.76781706326797, 48.1138517314122, 0],
              [-90.76770444327745, 48.11404751152135, 0],
              [-90.76768824305961, 48.1141943410157, 0],
              [-90.76777081350558, 48.11445352121235, 0],
              [-90.76794605325796, 48.11470361145183, 0],
              [-90.76807656319737, 48.11482798139507, 0],
              [-90.76820080379441, 48.11495351155289, 0],
              [-90.7683434131424, 48.1151532913774, 0],
              [-90.76835586379224, 48.11518353122892, 0],
              [-90.76850452329367, 48.11547141137326, 0],
              [-90.76868029395037, 48.11574447152011, 0],
              [-90.76876355340416, 48.11588387139937, 0],
              [-90.76906732410738, 48.11617322116977, 0],
              [-90.76936695357713, 48.11634302158273, 0],
              [-90.76943514379204, 48.1163396912628, 0],
              [-90.76975538420767, 48.11648060145115, 0],
              [-90.76996126459606, 48.11660451129806, 0],
              [-90.77046480444879, 48.11680668121635, 0],
              [-90.77263918557716, 48.11762303113107, 0],
              [-90.77418793592422, 48.11861103148431, 0],
              [-90.77423972559697, 48.11914856162576, 0],
              [-90.77431760593883, 48.12006059154763, 0],
              [-90.77524074616585, 48.12128128152972, 0],
              [-90.77584772702355, 48.12239412204584, 0],
              [-90.77588158722153, 48.12245620210098, 0],
              [-90.77649190711715, 48.12404309215562, 0],
              [-90.77911642864449, 48.12489759211555, 0],
              [-90.78258016978499, 48.127040881887, 0],
              [-90.78410594032876, 48.12733327177698, 0],
              [-90.78578395105869, 48.12789154191202, 0],
              [-90.7869646014467, 48.12936054175282, 0],
              [-90.7871970719675, 48.13004432210878, 0],
              [-90.78715661184711, 48.13098580216116, 0],
              [-90.78680507143203, 48.13154876248925, 0],
              [-90.78543584130966, 48.13217976245551, 0],
              [-90.7839162314121, 48.13250106252566, 0],
              [-90.78278880081479, 48.13359686287638, 0],
              [-90.78274387157585, 48.13615980310261, 0],
              [-90.78863772264653, 48.13616609247874, 0],
              [-90.7890802336538, 48.13629960260484, 0],
              [-90.79094183397665, 48.13578082225677, 0],
              [-90.79167426366546, 48.13579608269297, 0],
              [-90.7918421138763, 48.13575031276125, 0],
              [-90.79271187441249, 48.13562443234915, 0],
              [-90.7939020747903, 48.13553670202105, 0],
              [-90.79406992500114, 48.13546804256472, 0],
              [-90.79438273455273, 48.1352696822502, 0],
              [-90.79495494521905, 48.13540319230921, 0],
              [-90.79536693506621, 48.13545660211081, 0],
              [-90.7967554852554, 48.13613943201732, 0],
              [-90.79831187577395, 48.13685277189274, 0],
              [-90.79686984618095, 48.13937424231069, 0],
              [-90.79555756565435, 48.13987014277931, 0],
              [-90.794138465559, 48.14049574313442, 0],
              [-90.79277278468031, 48.14102978327669, 0],
              [-90.79259770482808, 48.1411067531856, 0],
              [-90.78693144373126, 48.14300925353528, 0],
              [-90.78117683242792, 48.14454457419811, 0],
              [-90.77806571147748, 48.14597642473501, 0],
              [-90.77765367132463, 48.14780341512194, 0],
              [-90.77867331217271, 48.1497881351288, 0],
              [-90.77890981253589, 48.1502764151108, 0],
              [-90.77897084227965, 48.15049384521388, 0],
              [-90.77890216248292, 48.15097830554998, 0],
              [-90.77843672287634, 48.1529924359592, 0],
              [-90.77813913258228, 48.15451447622639, 0],
              [-90.7772540333126, 48.1580353962847, 0],
              [-90.77668177323896, 48.15993889664442, 0],
              [-90.7764070935779, 48.16059882721178, 0],
              [-90.77623159331411, 48.161884366983, 0],
              [-90.77798631388109, 48.16390231746888, 0],
              [-90.77811415402749, 48.16394914740996, 0],
              [-90.77846900473439, 48.16407911724413, 0],
              [-90.77864244426293, 48.16414264724011, 0],
              [-90.77936723467856, 48.16444781709187, 0],
              [-90.77947405514564, 48.16438678722129, 0],
              [-90.78138141564904, 48.16451267738998, 0],
              [-90.78230458552045, 48.16429524677311, 0],
              [-90.78244956552246, 48.16424006705777, 0],
              [-90.78317487606263, 48.16396398663898, 0],
              [-90.78416227637518, 48.16345448680924, 0],
              [-90.78440272573233, 48.16272362654084, 0],
              [-90.78595155602943, 48.16096507613005, 0],
              [-90.78798863685316, 48.16043485609784, 0],
              [-90.79037666700049, 48.15990462579153, 0],
              [-90.79210090772987, 48.16088881610806, 0],
              [-90.79312323813392, 48.16139616570009, 0],
              [-90.79400827901307, 48.16081252601202, 0],
              [-90.79461101892431, 48.16004578558105, 0],
              [-90.79583175932683, 48.15924853516404, 0],
              [-90.79646499883862, 48.15920657509255, 0],
              [-90.79762464931024, 48.16069429552356, 0],
              [-90.7977238296058, 48.16085450574246, 0],
              [-90.79758647989381, 48.16152969529361, 0],
              [-90.79863933055962, 48.16204467534917, 0],
              [-90.79883769025245, 48.1622926356092, 0],
              [-90.79919628064589, 48.1621743755761, 0],
              [-90.79934887027669, 48.16222015550267, 0],
              [-90.80075267116445, 48.16318145561672, 0],
              [-90.8011341209869, 48.16407407577677, 0],
              [-90.80140875124061, 48.16524517604136, 0],
              [-90.80190460241282, 48.16770562598988, 0],
              [-90.80175198223932, 48.16933828657486, 0],
              [-90.80169091296968, 48.17035298673814, 0],
              [-90.80173668303172, 48.1707230062325, 0],
              [-90.80210288305392, 48.17140201628764, 0],
              [-90.80249197304786, 48.17201617680917, 0],
              [-90.80298787362743, 48.17258074681584, 0],
              [-90.80400247402844, 48.1773070872858, 0],
              [-90.80414742438606, 48.17782587740826, 0],
              [-90.80641335551998, 48.1785277875046, 0],
              [-90.8086182560118, 48.17924876730452, 0],
              [-90.80993051677547, 48.17964548687192, 0],
              [-90.81101389668622, 48.17968364697936, 0],
              [-90.81263134749126, 48.17947384720085, 0],
              [-90.8174989586898, 48.17941664662811, 0],
              [-90.81850600964914, 48.18067929666026, 0],
              [-90.81886458926282, 48.18118282668555, 0],
              [-90.81920787955033, 48.18264002703813, 0],
              [-90.82100838095911, 48.18467705691851, 0],
              [-90.82427382169558, 48.18366999648135, 0],
              [-90.82578445203356, 48.18358226622201, 0],
              [-90.8254030318555, 48.18147276628886, 0],
              [-90.82468341124432, 48.17951657597631, 0],
              [-90.82627938063598, 48.17698888548227, 0],
              [-90.82821081149744, 48.1758423755494, 0],
              [-90.83059124189747, 48.17462551481949, 0],
              [-90.83255966268739, 48.17351164486804, 0],
              [-90.83436781325082, 48.17515576488237, 0],
              [-90.8363972044957, 48.17706309506774, 0],
              [-90.83471854518216, 48.18412017575725, 0],
              [-90.83416916519879, 48.18656916606348, 0],
              [-90.83429119504193, 48.18837349647622, 0],
              [-90.83464195661765, 48.19626980733734, 0],
              [-90.8346571767735, 48.19772699791385, 0],
              [-90.83485544753313, 48.20180103840537, 0],
              [-90.83550378862314, 48.20828211890613, 0],
              [-90.83580127920422, 48.21081503967835, 0],
              [-90.83612162023115, 48.21464113006086, 0],
              [-90.8365339307769, 48.21853314027014, 0],
              [-90.836456731358, 48.21887083044363, 0],
              [-90.8364495906498, 48.21890208058209, 0],
              [-90.83631225081928, 48.21917674053289, 0],
              [-90.83696836143818, 48.22015710044639, 0],
              [-90.83722764217865, 48.2251199512857, 0],
              [-90.83759382243791, 48.22656951142005, 0],
              [-90.83963849312744, 48.22766051118031, 0],
              [-90.83976054363183, 48.22829756182031, 0],
              [-90.83976054363183, 48.22863324151418, 0],
              [-90.83937905338517, 48.22919018165527, 0],
              [-90.8391577632964, 48.23053293201828, 0],
              [-90.83847871329841, 48.23162010198637, 0],
              [-90.83770806388753, 48.23474048246202, 0],
              [-90.83928724556314, 48.23956219335787, 0],
              [-90.84312482689734, 48.24119487328261, 0],
              [-90.84387245697907, 48.24372779362647, 0],
              [-90.84765664874098, 48.2445479528847, 0],
              [-90.86695935291871, 48.23825005070731, 0],
              [-90.87130815470131, 48.23803645032078, 0],
              [-90.87511526607939, 48.23781140030079, 0],
              [-90.87772451714523, 48.23891765999398, 0],
              [-90.88153920850766, 48.24049693027079, 0],
              [-90.88575817049406, 48.24592899068426, 0],
              [-90.88926776074833, 48.2445442898889, 0],
              [-90.90215405397315, 48.23936023830218, 0],
              [-90.90687673547532, 48.23744149776877, 0],
              [-90.908013555264, 48.23656794760431, 0],
              [-90.91150028608925, 48.23370316734218, 0],
              [-90.91505569671125, 48.23074302660739, 0],
              [-90.91736741767012, 48.23102912654389, 0],
              [-90.9184736974341, 48.23069725640524, 0],
              [-90.92432821936332, 48.23001516555659, 0],
              [-90.9264617702654, 48.22976651553815, 0],
              [-90.93615124236335, 48.22785923481456, 0],
              [-90.94787015601183, 48.22547894323117, 0],
              [-90.95823865834487, 48.22332753205668, 0],
              [-90.96397603996104, 48.22219079199569, 0],
              [-90.97699960384611, 48.21955111024051, 0],
              [-90.98134847479898, 48.21691520993396, 0],
              [-90.98626955551985, 48.21388259912276, 0],
              [-90.99187729676582, 48.21050666833125, 0],
              [-90.99856843858376, 48.20641358711008, 0],
              [-91.00011723833815, 48.2054256066937, 0],
              [-91.00406931893846, 48.20298808614798, 0],
              [-91.00279526891372, 48.20069166576379, 0],
              [-91.0122710210258, 48.19841439484151, 0],
              [-91.01519313194889, 48.19616377473486, 0],
              [-91.01978606258805, 48.19407339395359, 0],
              [-91.02031954239087, 48.19317963360272, 0],
              [-91.02131196248921, 48.19311211359958, 0],
              [-91.02209780330988, 48.19282983372704, 0],
              [-91.02270816362966, 48.19230342362255, 0],
              [-91.02306675312478, 48.19188381332615, 0],
              [-91.02373817283275, 48.19046096333654, 0],
              [-91.03113108483888, 48.18875968226121, 0],
              [-91.03113376541168, 48.18876094232085, 0],
              [-91.0338200164704, 48.19001765253238, 0],
              [-91.03450865688237, 48.19059519218929, 0],
              [-91.03642584675163, 48.19010628206205, 0],
              [-91.04201818907698, 48.18970579147882, 0],
              [-91.04557349010449, 48.18946549167393, 0],
              [-91.0468170800546, 48.18915651148092, 0],
              [-91.04784784024925, 48.18893964110249, 0],
              [-91.04864814035273, 48.18877125097308, 0],
              [-91.04991462117289, 48.18878270110257, 0],
              [-91.05205849102263, 48.18803505060575, 0],
              [-91.05259530177852, 48.18807825076269, 0],
              [-91.05537727282237, 48.18830210069261, 0],
              [-91.05601814262415, 48.18806559070633, 0],
              [-91.05750589287183, 48.18705472011858, 0],
              [-91.05791026320877, 48.18671141016296, 0],
              [-91.05927596295207, 48.18530381979395, 0],
              [-91.0628083542449, 48.185528909639, 0],
              [-91.06547111435893, 48.18139004867463, 0],
              [-91.07388636665056, 48.17974981777346, 0],
              [-91.07589289756808, 48.17937980770994, 0],
              [-91.0788378382758, 48.17950570779762, 0],
              [-91.07966179820724, 48.17990243735648, 0],
              [-91.08063072915752, 48.18006647741447, 0],
              [-91.08134023923017, 48.18084466756221, 0],
              [-91.08246937932148, 48.18113458751498, 0],
              [-91.08800839046505, 48.17829653664774, 0],
              [-91.08937409110666, 48.17663336638118, 0],
              [-91.09096868068602, 48.17477946637153, 0],
              [-91.09190712101895, 48.17361600562501, 0],
              [-91.09713330284798, 48.17159428503156, 0],
              [-91.10062758311487, 48.17073220478879, 0],
              [-91.10284774418673, 48.17016383467698, 0],
              [-91.10895891569096, 48.16866091415542, 0],
              [-91.11481834691322, 48.16645609354161, 0],
              [-91.11552789741006, 48.1655329631249, 0],
              [-91.11805331679525, 48.16208455267922, 0],
              [-91.11989203792612, 48.16066933219687, 0],
              [-91.1251181990939, 48.15927703165558, 0],
              [-91.13259504069701, 48.15728584054448, 0],
              [-91.13589858167964, 48.15662212016689, 0],
              [-91.13902665294118, 48.15577529024898, 0],
              [-91.14267353361866, 48.15464999957871, 0],
              [-91.13984927168788, 48.14815261902604, 0],
              [-91.15633050500044, 48.14054357694148, 0],
              [-91.16214672635923, 48.13624952570706, 0],
              [-91.17664032930783, 48.12554457349282, 0],
              [-91.17810518958377, 48.12489991329713, 0],
              [-91.1807526199475, 48.12380513265095, 0],
              [-91.18134772058556, 48.12348852260492, 0],
              [-91.18293466011197, 48.12220681222753, 0],
              [-91.18339243080098, 48.12216867232008, 0],
              [-91.18415536098863, 48.12237467257849, 0],
              [-91.18469704061337, 48.12255014207948, 0],
              [-91.18973237266535, 48.12489999244875, 0],
              [-91.1900528026255, 48.12512887206821, 0],
              [-91.19036561307543, 48.12490000204288, 0],
              [-91.19183812340431, 48.12354581193814, 0],
              [-91.21494810694507, 48.1028363271335, 0],
              [-91.22813941054822, 48.09919726616531, 0],
              [-91.2349372821034, 48.09614178514514, 0],
              [-91.24972337471189, 48.08408383237867, 0],
              [-91.2501201147588, 48.08393506251739, 0],
              [-91.25442316534398, 48.08267242172822, 0],
              [-91.26000799685524, 48.08087955135514, 0],
              [-91.26672962839226, 48.07880057033168, 0],
              [-91.26694324866514, 48.07873954065183, 0],
              [-91.2759384012019, 48.07878531997054, 0],
              [-91.28978035546363, 48.07503505830996, 0],
              [-91.29853916753736, 48.07431409724579, 0],
              [-91.30622981985618, 48.07377241695288, 0],
              [-91.3068325597674, 48.07371519697631, 0],
              [-91.30777100010033, 48.07375716690198, 0],
              [-91.30875522037675, 48.07362364668217, 0],
              [-91.30984625123877, 48.0736541666662, 0],
              [-91.31015144128014, 48.07368086676053, 0],
              [-91.31086099087867, 48.07370375657474, 0],
              [-91.31140268128318, 48.07406614656484, 0],
              [-91.31366867260422, 48.07432173629456, 0],
              [-91.31508777269958, 48.07446287632432, 0],
              [-91.31594229331698, 48.074298846155, 0],
              [-91.3173156233503, 48.07413862629732, 0],
              [-91.31772762307894, 48.07401274616192, 0],
              [-91.3179336238416, 48.07397460589848, 0],
              [-91.31881865394097, 48.07402419609844, 0],
              [-91.31916198375436, 48.07410048612718, 0],
              [-91.32442642572964, 48.07379531572983, 0],
              [-91.32605917574229, 48.07313538509935, 0],
              [-91.32818663606672, 48.07210105482605, 0],
              [-91.32837097665123, 48.07197191514413, 0],
              [-91.32872194663611, 48.07188036474962, 0],
              [-91.32879823606162, 48.07180788483743, 0],
              [-91.32873720631785, 48.07165530507179, 0],
              [-91.32877535597133, 48.07161333463227, 0],
              [-91.329164476508, 48.07139590486607, 0],
              [-91.3293170661388, 48.07137301462549, 0],
              [-91.32959935632692, 48.07139209502891, 0],
              [-91.32983587645302, 48.07131961502927, 0],
              [-91.33019447672794, 48.07129291491027, 0],
              [-91.33069039707041, 48.07115558444413, 0],
              [-91.33097269714003, 48.07104114461018, 0],
              [-91.33111003697057, 48.07100681441114, 0],
              [-91.33158306734128, 48.07101825481206, 0],
              [-91.33191113747296, 48.07099155453668, 0],
              [-91.3325596573277, 48.07087330446235, 0],
              [-91.3334981075421, 48.07075886460094, 0],
              [-91.33375751763994, 48.0706749342307, 0],
              [-91.33458914828559, 48.07035450446384, 0],
              [-91.33634691863293, 48.07055550450306, 0],
              [-91.33636406837003, 48.07107592438226, 0],
              [-91.34001088975869, 48.0735668845176, 0],
              [-91.34603057144449, 48.07254837395998, 0],
              [-91.34856357261067, 48.07218217370626, 0],
              [-91.34972326260818, 48.07164430359893, 0],
              [-91.34996740314284, 48.07194566315116, 0],
              [-91.35046331270553, 48.07191133355555, 0],
              [-91.35089057301424, 48.07176637311612, 0],
              [-91.35198159309647, 48.07140016309555, 0],
              [-91.35258433300771, 48.0712132532602, 0],
              [-91.35334728385662, 48.07091952296999, 0],
              [-91.35839804447359, 48.06921437248523, 0],
              [-91.36183133542089, 48.06810049202688, 0],
              [-91.36499759676012, 48.06709724176349, 0],
              [-91.3708264484318, 48.06971409155384, 0],
              [-91.37512189926966, 48.06748633116198, 0],
              [-91.37839498017765, 48.06590706024578, 0],
              [-91.385177711527, 48.06112347935167, 0],
              [-91.39086176285971, 48.05717530823278, 0],
              [-91.41362820907628, 48.05369632633046, 0],
              [-91.41655794939108, 48.0527464760444, 0],
              [-91.41843481029396, 48.0521590155769, 0],
              [-91.42043375044734, 48.05156011569385, 0],
              [-91.423088981781, 48.05084996499511, 0],
              [-91.43780603616497, 48.05246417436008, 0],
              [-91.43953787664165, 48.05457367472734, 0],
              [-91.44509196960051, 48.06109674512467, 0],
              [-91.4466407100661, 48.06298119524819, 0],
              [-91.446228600743, 48.06771900587957, 0],
              [-91.45004331276668, 48.06906176582073, 0],
              [-91.45748207478489, 48.06794025527098, 0],
              [-91.46471484682026, 48.06687214435858, 0],
              [-91.4882364842383, 48.06839037312093, 0],
              [-91.50012327684371, 48.06512501130995, 0],
              [-91.54171377790517, 48.05386051703981, 0],
              [-91.55212098055895, 48.04977885540371, 0],
              [-91.56756392399812, 48.04377080388885, 0],
              [-91.57536147673409, 48.04896263390315, 0],
              [-91.5726602875905, 48.05739689535162, 0],
              [-91.57531520990369, 48.06668949650713, 0],
              [-91.57375089085446, 48.07410142728212, 0],
              [-91.56937847236303, 48.09373178012308, 0],
              [-91.5528825587821, 48.10323021291555, 0],
              [-91.55911597213188, 48.10859752326449, 0],
              [-91.56156514251575, 48.10838011304971, 0],
              [-91.57556588658036, 48.10690013168691, 0],
              [-91.58881899966492, 48.10247901036099, 0],
              [-91.59482366151919, 48.10240658975417, 0],
              [-91.61353057694934, 48.10326655822579, 0],
              [-91.62512934991175, 48.10015234732059, 0],
              [-91.63993892448177, 48.0970739956607, 0],
              [-91.64695813732969, 48.10378793576222, 0],
              [-91.64792593819935, 48.10589862594594, 0],
              [-91.6480370481219, 48.1064399763552, 0],
              [-91.64817576866301, 48.1065067665026, 0],
              [-91.64874444895025, 48.10661998593665, 0],
              [-91.64962083905323, 48.10724407609465, 0],
              [-91.65316098999348, 48.10979995628408, 0],
              [-91.65133739020378, 48.11199721661593, 0],
              [-91.65142130991931, 48.11226424703394, 0],
              [-91.65112373040503, 48.11299284690051, 0],
              [-91.65180275075862, 48.11400375719369, 0],
              [-91.65332870096545, 48.11435090714144, 0],
              [-91.65464310151613, 48.11392222685168, 0],
              [-91.65528195190517, 48.11371386681372, 0],
              [-91.66191994310269, 48.11196297612555, 0],
              [-91.66227855325906, 48.11163872616379, 0],
              [-91.66739062479249, 48.10869763496792, 0],
              [-91.67110634516682, 48.10865188467183, 0],
              [-91.6768439971759, 48.10749226454939, 0],
              [-91.68091828818072, 48.10833916408529, 0],
              [-91.681849079359, 48.1098192839523, 0],
              [-91.68757532096733, 48.11199129434664, 0],
              [-91.68360367056856, 48.11775389494019, 0],
              [-91.6821004414502, 48.12251845598289, 0],
              [-91.6906535231542, 48.12030218511287, 0],
              [-91.69214898364196, 48.11974143491018, 0],
              [-91.69137498351508, 48.11811062455223, 0],
              [-91.69217197332671, 48.11686895453904, 0],
              [-91.69304941356026, 48.11661719439489, 0],
              [-91.6967117443623, 48.11593439397147, 0],
              [-91.70341841625489, 48.11374862313373, 0],
              [-91.70854562799411, 48.11426747311968, 0],
              [-91.70991898857015, 48.11437811269798, 0],
              [-91.71032335800878, 48.11469092248482, 0],
              [-91.71176539838154, 48.11466041245448, 0],
              [-91.71261227882744, 48.11551873292251, 0],
              [-91.71176529956686, 48.11747186286311, 0],
              [-91.70934657847785, 48.11938682336065, 0],
              [-91.70917870850407, 48.11987892352045, 0],
              [-91.70791966932772, 48.12340752421272, 0],
              [-91.70379951842935, 48.12490285449964, 0],
              [-91.70054902835413, 48.13066304585664, 0],
              [-91.69953421774734, 48.1319791159407, 0],
              [-91.69951113912937, 48.13745322637357, 0],
              [-91.69780954941989, 48.14158454705905, 0],
              [-91.69812991919292, 48.14408318734472, 0],
              [-91.69916753982142, 48.14500635790196, 0],
              [-91.70057905993241, 48.14477367735589, 0],
              [-91.70231865107336, 48.14479276769104, 0],
              [-91.70322658102596, 48.14521621718066, 0],
              [-91.70468381191019, 48.14712358737825, 0],
              [-91.70691922278233, 48.15035085753778, 0],
              [-91.70705654374824, 48.1509879175884, 0],
              [-91.70818567395808, 48.15300591793458, 0],
              [-91.70697251353992, 48.1537650380485, 0],
              [-91.70509543434642, 48.15799552899038, 0],
              [-91.7046833537694, 48.16005928907283, 0],
              [-91.70498088477464, 48.16102822948351, 0],
              [-91.70513337469244, 48.16400370968691, 0],
              [-91.70485847584246, 48.1707099806331, 0],
              [-91.70942863778242, 48.17290350077538, 0],
              [-91.71703556981171, 48.17183164983186, 0],
              [-91.72308609155954, 48.1689783192904, 0],
              [-91.72436784194288, 48.17052328919732, 0],
              [-91.72300200206242, 48.17350638986223, 0],
              [-91.72235329266314, 48.17846933035564, 0],
              [-91.72138425211838, 48.18025842076491, 0],
              [-91.71229692075538, 48.18751009209482, 0],
              [-91.71042745119064, 48.19252641312286, 0],
              [-91.71037400143122, 48.19387301335111, 0],
              [-91.71315109282644, 48.19799294364218, 0],
              [-91.7153865638857, 48.19948453381402, 0],
              [-91.72535860734448, 48.20131573304212, 0],
              [-91.73723806161235, 48.20415786300465, 0],
              [-91.7379094813203, 48.20423035268634, 0],
              [-91.73883268173444, 48.20420747249991, 0],
              [-91.74209058291072, 48.20457755239411, 0],
              [-91.74157195136122, 48.19934755177884, 0],
              [-91.74386090272262, 48.19871816139771, 0],
              [-91.74842351342429, 48.19866863101289, 0],
              [-91.75013255465907, 48.19936674096167, 0],
              [-91.75355823597762, 48.20096136101139, 0],
              [-91.755908006877, 48.20600827165385, 0],
              [-91.7607681881098, 48.2048296008636, 0],
              [-91.7627672881633, 48.20176641054023, 0],
              [-91.76423223916908, 48.20066017040019, 0],
              [-91.78069718333059, 48.20077105911769, 0],
              [-91.78624416432737, 48.19619730818665, 0],
              [-91.78869329518538, 48.19634612792088, 0],
              [-91.7911040769639, 48.20252218838878, 0],
              [-91.7974291094895, 48.20272064798517, 0],
              [-91.79841333964738, 48.20304872820572, 0],
              [-91.8093847732328, 48.20625325760163, 0],
              [-91.81349713483937, 48.20811108758863, 0],
              [-91.81412276472236, 48.20841245768879, 0],
              [-91.81547310596923, 48.2118457077457, 0],
              [-91.83257905108658, 48.20939693647557, 0],
              [-91.8345891016034, 48.20994847607303, 0],
              [-91.83594372152596, 48.21032014636625, 0],
              [-91.84538938456761, 48.20879822544788, 0],
              [-91.864433249976, 48.20699417360762, 0],
              [-91.86757631322135, 48.21921266501756, 0],
              [-91.87513725599966, 48.22288250489613, 0],
              [-91.8842699091654, 48.22739540529975, 0],
              [-91.89312008349677, 48.23799269577448, 0],
              [-91.90237498659287, 48.23714977475595, 0],
              [-91.90598536782204, 48.23734507445346, 0],
              [-91.90630379723405, 48.23757414482196, 0],
              [-91.90653818745463, 48.2377514348197, 0],
              [-91.90658622755939, 48.2377877746611, 0],
              [-91.90721735782685, 48.23819453477186, 0],
              [-91.90763946809403, 48.23833620475276, 0],
              [-91.90969949907662, 48.23834004469399, 0],
              [-91.91068374899744, 48.23811499421458, 0],
              [-91.9111796792214, 48.2381531442846, 0],
              [-91.91314813953718, 48.23839349451599, 0],
              [-91.91343042972534, 48.23880548436063, 0],
              [-91.91475037018635, 48.23887035408335, 0],
              [-91.91657389092433, 48.23849653431923, 0],
              [-91.92121282159424, 48.23679144325778, 0],
              [-91.92889599454001, 48.23594850304585, 0],
              [-91.93756342638977, 48.23424727202416, 0],
              [-91.94209560755951, 48.23037927121164, 0],
              [-91.94515512838173, 48.23036405087616, 0],
              [-91.95125120998581, 48.23338916081345, 0],
              [-91.95254827035656, 48.23312978048336, 0],
              [-91.95834687215934, 48.23307645022141, 0],
              [-91.95976590308442, 48.23679957091976, 0],
              [-91.95703440298652, 48.23883275139651, 0],
              [-91.95825502391313, 48.24380707180139, 0],
              [-91.94964102205984, 48.2444478327003, 0],
              [-91.94807688177534, 48.24588593263588, 0],
              [-91.95407376421922, 48.24941838290423, 0],
              [-91.95411190399123, 48.24990666290016, 0],
              [-91.9542263242056, 48.25140583296322, 0],
              [-91.95409661466509, 48.25175678319207, 0],
              [-91.9540889744936, 48.25221072285373, 0],
              [-91.9569196153612, 48.25223365276854, 0],
              [-91.95906354629639, 48.25361459309, 0],
              [-91.96928740908888, 48.25375204244247, 0],
              [-91.96992830943339, 48.25374442229383, 0],
              [-91.97125455966098, 48.25341431205999, 0],
              [-91.97120114942744, 48.25315109214605, 0],
              [-91.97138427009979, 48.2529985119132, 0],
              [-91.97148344949706, 48.25302521212606, 0],
              [-91.97166657016942, 48.25301377217009, 0],
              [-91.97184204977195, 48.25304047177683, 0],
              [-91.97235323967764, 48.25297563198671, 0],
              [-91.97252109976995, 48.25282685180316, 0],
              [-91.97252109976995, 48.25207536167773, 0],
              [-91.97267370018051, 48.25192659143578, 0],
              [-91.97287970004484, 48.25182741163223, 0],
              [-91.97294448025492, 48.25135624168323, 0],
              [-91.97299414990361, 48.25096911138262, 0],
              [-91.9731009595909, 48.25066393145804, 0],
              [-91.97312384956265, 48.25028628167049, 0],
              [-91.97268132957224, 48.24996584129433, 0],
              [-91.97217013966653, 48.24988955156702, 0],
              [-91.97202516954599, 48.24976748166519, 0],
              [-91.97193360965898, 48.24983232133609, 0],
              [-91.97176575944813, 48.24960726159811, 0],
              [-91.97149871906025, 48.24938219129877, 0],
              [-91.97130035936742, 48.24901217144427, 0],
              [-91.9708273191152, 48.24869555148096, 0],
              [-91.97099517920752, 48.24803943131493, 0],
              [-91.97112488874804, 48.24784870139325, 0],
              [-91.97415390907139, 48.24671577102507, 0],
              [-91.9744655193721, 48.2461718306503, 0],
              [-91.97460407911478, 48.24592995082619, 0],
              [-91.97473378955361, 48.24571633046121, 0],
              [-91.97510764951024, 48.24533106042293, 0],
              [-91.975850649675, 48.24492029028138, 0],
              [-91.97591785982792, 48.24498317031297, 0],
              [-91.97632223016485, 48.24525401061351, 0],
              [-91.97691732990461, 48.24569652034301, 0],
              [-91.977146220639, 48.24581859039053, 0],
              [-91.97718436041102, 48.24622295061371, 0],
              [-91.97700887002867, 48.24641749063875, 0],
              [-91.97690967985163, 48.24647090091405, 0],
              [-91.97686389990814, 48.24657389094769, 0],
              [-91.9767570803394, 48.24664255065549, 0],
              [-91.9767875907197, 48.24672266061024, 0],
              [-91.9767112905144, 48.24684091103953, 0],
              [-91.97665024999085, 48.24702402057856, 0],
              [-91.97713854094164, 48.24739404105927, 0],
              [-91.9774055804312, 48.24753900079031, 0],
              [-91.97783284073991, 48.24759623059671, 0],
              [-91.97806174045743, 48.2475542704531, 0],
              [-91.9782753706118, 48.24756572060348, 0],
              [-91.97877894100723, 48.24763058041378, 0],
              [-91.98060243120247, 48.24792336049196, 0],
              [-91.98198355232424, 48.24990726047474, 0],
              [-91.98923145648058, 48.2603097216438, 0],
              [-92.00014194027226, 48.26371255128905, 0],
              [-92.00652800254161, 48.26543307070428, 0],
              [-92.00701616413501, 48.2749545322967, 0],
              [-92.00726785500963, 48.28056975282779, 0],
              [-92.01192952742926, 48.28697849330926, 0],
              [-92.01195241740103, 48.28700901325632, 0],
              [-92.01212787813895, 48.28804279359033, 0],
              [-92.0130433099225, 48.29752993488104, 0],
              [-92.00922834008233, 48.30447260576389, 0],
              [-92.00921307950227, 48.30444971601477, 0],
              [-92.00014154950512, 48.32087580881446, 0],
              [-92.01192135365851, 48.32297768838945, 0],
              [-92.03080490931458, 48.32573218697102, 0],
              [-92.03531401186636, 48.33050824727813, 0],
              [-92.03769445304619, 48.33308319762872, 0],
              [-92.04691877569338, 48.33478850730607, 0],
              [-92.04752144733266, 48.34010619772362, 0],
              [-92.0478723679102, 48.34359663824628, 0],
              [-92.04511036731346, 48.34575189877084, 0],
              [-92.04588856796262, 48.34786905910792, 0],
              [-92.04881837924432, 48.34858626858477, 0],
              [-92.05525009299811, 48.35936668004669, 0],
              [-92.06282642481557, 48.35942020923174, 0],
              [-92.06703040649629, 48.35947748921755, 0],
              [-92.07054772765188, 48.35899308858069, 0],
              [-92.07119625738811, 48.35892824835722, 0],
              [-92.07813932903255, 48.35807767813712, 0],
              [-92.08356413016753, 48.35372901675522, 0],
              [-92.08596749096348, 48.35394267690097, 0]
            ],
            [
              [-92.08137616920702, 48.35012496692456, 0],
              [-92.0814056788641, 48.35015016686816, 0],
              [-92.08141007881237, 48.35018348658205, 0],
              [-92.08138974903918, 48.35020329679295, 0],
              [-92.08134961860047, 48.35021295682762, 0],
              [-92.08129981869608, 48.3502059068711, 0],
              [-92.08126019939877, 48.35018728647996, 0],
              [-92.08125830934341, 48.3501539864695, 0],
              [-92.08128374873395, 48.3501275567087, 0],
              [-92.08132633875988, 48.35011957661493, 0],
              [-92.08137616920702, 48.35012496692456, 0]
            ],
            [
              [-92.16759787424358, 48.3469774699626, 0],
              [-92.16760863426406, 48.34703613950828, 0],
              [-92.1675896645402, 48.34712191974565, 0],
              [-92.16754744462017, 48.34719582005937, 0],
              [-92.16751153446668, 48.3472424298782, 0],
              [-92.1674641447422, 48.3472749001243, 0],
              [-92.16742282403575, 48.34729255975982, 0],
              [-92.16737004441954, 48.34729607986493, 0],
              [-92.16734392410604, 48.34729202004218, 0],
              [-92.16732919443031, 48.34727591985664, 0],
              [-92.16732962472334, 48.3472499399603, 0],
              [-92.16735348397728, 48.34723346960073, 0],
              [-92.1674006042072, 48.34721818972092, 0],
              [-92.16742640472047, 48.34719867985169, 0],
              [-92.16744237407129, 48.34717163003075, 0],
              [-92.16745466392267, 48.34713656978283, 0],
              [-92.16746720440403, 48.34708588987837, 0],
              [-92.16746829406048, 48.34701949952137, 0],
              [-92.16748070428613, 48.34697662993229, 0],
              [-92.16751031455453, 48.34695730982825, 0],
              [-92.16755724434161, 48.34695374969827, 0],
              [-92.16759787424358, 48.3469774699626, 0]
            ],
            [
              [-92.17469974647068, 48.34637415925161, 0],
              [-92.17473861657304, 48.34638847933875, 0],
              [-92.17478153628068, 48.34643189929905, 0],
              [-92.17480471640826, 48.34648720931933, 0],
              [-92.17480744638843, 48.34650427935028, 0],
              [-92.1748041468764, 48.34652229926905, 0],
              [-92.1747919163138, 48.3465342389095, 0],
              [-92.17477671681918, 48.34654415935272, 0],
              [-92.17474946642504, 48.34655499923784, 0],
              [-92.17471773613258, 48.34656378947783, 0],
              [-92.17467831626128, 48.34658355930298, 0],
              [-92.1746421060705, 48.34659031900159, 0],
              [-92.17454586596084, 48.34658862937554, 0],
              [-92.17447679629528, 48.3465811090463, 0],
              [-92.17440617613752, 48.34657659899756, 0],
              [-92.17437619666156, 48.34657036946968, 0],
              [-92.17435680652613, 48.34656019946827, 0],
              [-92.17434650644309, 48.34654608899098, 0],
              [-92.17434246671925, 48.34651697902926, 0],
              [-92.17434896603034, 48.34648694900891, 0],
              [-92.17435537640822, 48.34646292939804, 0],
              [-92.17436612654721, 48.34644896934854, 0],
              [-92.17438286665254, 48.34643705894315, 0],
              [-92.17442067674284, 48.3464242989429, 0],
              [-92.17447502661416, 48.34641164939246, 0],
              [-92.17453249633448, 48.34639200905902, 0],
              [-92.17459897615707, 48.3463734392171, 0],
              [-92.17465168660299, 48.34636980919227, 0],
              [-92.17469974647068, 48.34637415925161, 0]
            ],
            [
              [-92.19340605194479, 48.34528360756798, 0],
              [-92.19341662152243, 48.34528804787558, 0],
              [-92.19342384218068, 48.34529736792287, 0],
              [-92.19342355202483, 48.34530921769488, 0],
              [-92.19341703205251, 48.34532044772013, 0],
              [-92.19340230147847, 48.34532901785945, 0],
              [-92.19338323204163, 48.34533253750315, 0],
              [-92.1933701121469, 48.345331357721, 0],
              [-92.19335904220766, 48.34532451784987, 0],
              [-92.19335585139177, 48.34531332782827, 0],
              [-92.19335929193932, 48.34529877757245, 0],
              [-92.19337243159697, 48.34528827774223, 0],
              [-92.19338969182684, 48.34528349770962, 0],
              [-92.19340605194479, 48.34528360756798, 0]
            ],
            [
              [-92.29370219703526, 48.19613658017378, 0],
              [-92.29370077679881, 48.19613575023495, 0],
              [-92.2934071867027, 48.19566864044467, 0],
              [-92.29370139663635, 48.19548101053694, 0],
              [-92.29370219703526, 48.19613658017378, 0]
            ]
          ]
        ]
      },
      "id": 0
    }

    ,

    {
      "type": "Feature",
      "properties": {
        "name": "Boundary Waters Canoe Area Wilderness",
        "description": "<html xmlns:fo=\"http://www.w3.org/1999/XSL/Format\" xmlns:msxsl=\"urn:schemas-microsoft-com:xslt\">\n\n<head>\n\n<META http-equiv=\"Content-Type\" content=\"text/html\">\n\n<meta http-equiv=\"content-type\" content=\"text/html; charset=UTF-8\">\n\n</head>\n\n<body style=\"margin:0px 0px 0px 0px;overflow:auto;background:#FFFFFF;\">\n\n<table style=\"font-family:Arial,Verdana,Times;font-size:12px;text-align:left;width:100%;border-collapse:collapse;padding:3px 3px 3px 3px\">\n\n<tr style=\"text-align:center;font-weight:bold;background:#9CBCE2\">\n\n<td>Boundary Waters Canoe Area Wilderness</td>\n\n</tr>\n\n<tr>\n\n<td>\n\n<table style=\"font-family:Arial,Verdana,Times;font-size:12px;text-align:left;width:100%;border-spacing:0px; padding:3px 3px 3px 3px\">\n\n<tr>\n\n<td>OBJECTID_1</td>\n\n<td>503</td>\n\n</tr>\n\n<tr bgcolor=\"#D4E4F3\">\n\n<td>Website</td>\n\n<td><a target=\"_blank\" href=\"https://wilderness.net/visit-wilderness/?ID=70\">https://wilderness.net/visit-wilderness/?ID=70</a></td>\n\n</tr>\n\n<tr>\n\n<td>Wilderness</td>\n\n<td>Boundary Waters Canoe Area Wilderness</td>\n\n</tr>\n\n<tr bgcolor=\"#D4E4F3\">\n\n<td>State</td>\n\n<td>MN</td>\n\n</tr>\n\n<tr>\n\n<td>Comment</td>\n\n<td>&lt;Null&gt;</td>\n\n</tr>\n\n<tr bgcolor=\"#D4E4F3\">\n\n<td>Date of Last Update</td>\n\n<td>12/27/2021</td>\n\n</tr>\n\n<tr>\n\n<td>WID</td>\n\n<td>70</td>\n\n</tr>\n\n<tr bgcolor=\"#D4E4F3\">\n\n<td>Abbreviated Name</td>\n\n<td>Boundary_Waters_Canoe_Area</td>\n\n</tr>\n\n<tr>\n\n<td>Image</td>\n\n<td><a target=\"_blank\" href=\"https://wilderness.net/images/NWPS/BoundaryWatersCanoeArea.jpg\">https://wilderness.net/images/NWPS/BoundaryWatersCanoeArea.jpg</a></td>\n\n</tr>\n\n<tr bgcolor=\"#D4E4F3\">\n\n<td>Acreage</td>\n\n<td>816244</td>\n\n</tr>\n\n<tr>\n\n<td>Description</td>\n\n<td>The Boundary Waters Canoe Area Wilderness (BWCAW) is a unique natural area located in the northern third of the Superior National Forest in northeastern Minnesota. It extends nearly 199 miles along the...</td>\n\n</tr>\n\n<tr bgcolor=\"#D4E4F3\">\n\n<td>Agency</td>\n\n<td>FS</td>\n\n</tr>\n\n<tr>\n\n<td>joinerID</td>\n\n<td>70FS</td>\n\n</tr>\n\n<tr bgcolor=\"#D4E4F3\">\n\n<td>Designated</td>\n\n<td>1964</td>\n\n</tr>\n\n<tr>\n\n<td>ORIG_FID</td>\n\n<td>44340</td>\n\n</tr>\n\n<tr bgcolor=\"#D4E4F3\">\n\n<td>Shape__Length</td>\n\n<td>1362707.450233</td>\n\n</tr>\n\n<tr>\n\n<td>Shape__Area</td>\n\n<td>9935515006.295279</td>\n\n</tr>\n\n</table>\n\n</td>\n\n</tr>\n\n</table>\n\n</body><script type=\"text/javascript\">\n\n\t\t\t\tfunction changeImage(attElement, nameElement) {\n\n\t\t\t\tdocument.getElementById('imageAttachment').src = attElement;\n\n\t\t\t\tdocument.getElementById('imageName').innerHTML = nameElement;}\n\n\t\t\t</script></html>\n\n",
        "stroke": "#b6d08a",
        "stroke-width": 2,
        "stroke-opacity": 1,
        "stroke-dash": [16, 4, 4, 4],
        "fill": "#b6d08a",
        "fill-opacity": 0.1
      },
      "geometry": {
        "type": "MultiPolygon",
        "coordinates": [
          [
            [
              [-90.14403574244832, 48.11256820557842, 0],
              [-90.14429942313704, 48.11247758571436, 0],
              [-90.14454028302428, 48.11211601572998, 0],
              [-90.14464811229942, 48.11187787562078, 0],
              [-90.14500703237455, 48.11154881541105, 0],
              [-90.1454137428228, 48.1114955552836, 0],
              [-90.14576211308325, 48.11147041507836, 0],
              [-90.14599009292593, 48.11134088539646, 0],
              [-90.14662922358933, 48.11107792518701, 0],
              [-90.14713129379827, 48.11097899492027, 0],
              [-90.15083923476223, 48.11027712497369, 0],
              [-90.1642060988163, 48.1096325334955, 0],
              [-90.1662431688602, 48.11010174371086, 0],
              [-90.17033257042642, 48.11097533376499, 0],
              [-90.17642851279162, 48.11232194354015, 0],
              [-90.18395884457833, 48.10962502265191, 0],
              [-90.18858995541369, 48.10793515210842, 0],
              [-90.19500634750199, 48.10826326133736, 0],
              [-90.20350561023899, 48.10720665088555, 0],
              [-90.21059340227232, 48.10628354028756, 0],
              [-90.2164681039561, 48.10648575981244, 0],
              [-90.22508178690745, 48.10817952951326, 0],
              [-90.23393199896809, 48.10719920866904, 0],
              [-90.23885302040013, 48.10595565776184, 0],
              [-90.25009127338787, 48.10316719660028, 0],
              [-90.25380692459191, 48.10219829640541, 0],
              [-90.2607346763675, 48.10271333611492, 0],
              [-90.26441980820807, 48.10334660576101, 0],
              [-90.27462831070753, 48.10315213522937, 0],
              [-90.28924679475199, 48.09904385332629, 0],
              [-90.2927945957452, 48.09897140328263, 0],
              [-90.29779768815995, 48.10250746338538, 0],
              [-90.30580317123976, 48.10512458296579, 0],
              [-90.31004526214977, 48.10550608270292, 0],
              [-90.3139592937079, 48.10509794238164, 0],
              [-90.3173926538255, 48.10373232205835, 0],
              [-90.32253506595764, 48.10289695149162, 0],
              [-90.32583871653472, 48.10285883144299, 0],
              [-90.32821917747746, 48.10252316143354, 0],
              [-90.33010370819625, 48.10228666078415, 0],
              [-90.33692465926771, 48.09955541985328, 0],
              [-90.33769372944033, 48.09773078985501, 0],
              [-90.33772315914734, 48.09761133953737, 0],
              [-90.33807675939937, 48.09617562939742, 0],
              [-90.34313524103621, 48.09551191920615, 0],
              [-90.34331073052023, 48.09509993884773, 0],
              [-90.34414237104734, 48.09438277911234, 0],
              [-90.34603453115783, 48.09396699894097, 0],
              [-90.34852180268616, 48.0942950785372, 0],
              [-90.35071915283804, 48.09462315844006, 0],
              [-90.3519933034741, 48.09477957839609, 0],
              [-90.35388546358459, 48.09494361826347, 0],
              [-90.35613622486831, 48.09455454808826, 0],
              [-90.35747141512961, 48.09441340797949, 0],
              [-90.35891342585796, 48.09487118764106, 0],
              [-90.36748155793623, 48.09471103725141, 0],
              [-90.36871807814501, 48.09429514693615, 0],
              [-90.36899212808707, 48.09400639697076, 0],
              [-90.3691295685289, 48.09395193727455, 0],
              [-90.36986201887896, 48.09397864723466, 0],
              [-90.37035794910291, 48.09417319686899, 0],
              [-90.37052579931377, 48.09407019670724, 0],
              [-90.37087676929863, 48.09401679666801, 0],
              [-90.37136506923258, 48.09399772705481, 0],
              [-90.37224247982171, 48.09405113671377, 0],
              [-90.37263921986863, 48.09414269685713, 0],
              [-90.37311226012083, 48.09421136655769, 0],
              [-90.37336403992866, 48.09421899665212, 0],
              [-90.37365397028832, 48.09416177661646, 0],
              [-90.37389811980611, 48.094024456791, 0],
              [-90.37409649027873, 48.09365824679693, 0],
              [-90.37418041987573, 48.09329585681032, 0],
              [-90.37413464981368, 48.09294490639528, 0],
              [-90.3739896895746, 48.09252910679707, 0],
              [-90.37379132000031, 48.09214763675343, 0],
              [-90.37368449953323, 48.09202556638984, 0],
              [-90.37347850955037, 48.09162502631775, 0],
              [-90.37349376923211, 48.09152965634539, 0],
              [-90.37363109918118, 48.09140377615942, 0],
              [-90.37378368971027, 48.09135036615078, 0],
              [-90.3741575496669, 48.09129696628712, 0],
              [-90.37484422007346, 48.09135037635124, 0],
              [-90.37538675040277, 48.09168132634359, 0],
              [-90.37713869068395, 48.09267444614584, 0],
              [-90.37872415158341, 48.09265757627107, 0],
              [-90.38102505233469, 48.09337355586542, 0],
              [-90.38263044235873, 48.09452481628735, 0],
              [-90.38357395278311, 48.09544866603795, 0],
              [-90.38411828333625, 48.09721266624389, 0],
              [-90.38503496377805, 48.09866667678791, 0],
              [-90.38768701507558, 48.09949668673345, 0],
              [-90.38989040549941, 48.10058182638321, 0],
              [-90.39477640790676, 48.1026832263004, 0],
              [-90.39880277918107, 48.10455263668452, 0],
              [-90.40324178080134, 48.10514444627141, 0],
              [-90.41073412283468, 48.10504914576473, 0],
              [-90.43848332001468, 48.09870940267943, 0],
              [-90.44356466197888, 48.10069306294752, 0],
              [-90.44757785406965, 48.10345873256915, 0],
              [-90.45228534595866, 48.10505329263318, 0],
              [-90.46195976858067, 48.10650295206744, 0],
              [-90.4653244300369, 48.10858959239288, 0],
              [-90.46747600114358, 48.10875364218102, 0],
              [-90.47128323199757, 48.10593082137234, 0],
              [-90.47770743314065, 48.10524424077512, 0],
              [-90.47906553313663, 48.10352765077644, 0],
              [-90.48024051335858, 48.10206283013858, 0],
              [-90.48307114434473, 48.10042254986598, 0],
              [-90.483689144836, 48.10009448957057, 0],
              [-90.48671051510642, 48.09909125959584, 0],
              [-90.48991497640478, 48.09904169895842, 0],
              [-90.49365349781765, 48.10140299936264, 0],
              [-90.49542966835698, 48.09975813859073, 0],
              [-90.49687784871472, 48.10079737865351, 0],
              [-90.50300752012389, 48.10010002866021, 0],
              [-90.506723151565, 48.0993660277985, 0],
              [-90.50740982197155, 48.09923632782453, 0],
              [-90.50778368192817, 48.09909899815423, 0],
              [-90.50984371201245, 48.09769138747957, 0],
              [-90.51040068186164, 48.09732899772, 0],
              [-90.51694691464449, 48.09933932723622, 0],
              [-90.55664416593903, 48.09597098382547, 0],
              [-90.56445691906791, 48.09879001405383, 0],
              [-90.56544112946285, 48.09974749408465, 0],
              [-90.56744770978771, 48.10161667408553, 0],
              [-90.56765625996913, 48.10161313404407, 0],
              [-90.56814850081221, 48.10178062375016, 0],
              [-90.56866115048025, 48.10190875396077, 0],
              [-90.56919516118741, 48.10190657391713, 0],
              [-90.5700014512572, 48.1018614636709, 0],
              [-90.57062955150724, 48.10180607404623, 0],
              [-90.5712535814907, 48.10175682377658, 0],
              [-90.57196449203688, 48.10171767344696, 0],
              [-90.57290613216884, 48.10164254379636, 0],
              [-90.57344406222559, 48.10157811335654, 0],
              [-90.57397324179315, 48.10149142329946, 0],
              [-90.57493255268507, 48.10137988310942, 0],
              [-90.57677397325337, 48.10127869351297, 0],
              [-90.5772406731963, 48.10129847311769, 0],
              [-90.57773589285287, 48.10127598312284, 0],
              [-90.57816539355989, 48.10124006294097, 0],
              [-90.57895417366814, 48.10116670292845, 0],
              [-90.5793724741802, 48.10113626285685, 0],
              [-90.5803170841425, 48.10100874323141, 0],
              [-90.58118424405593, 48.10092881263815, 0],
              [-90.58166939449647, 48.10086510300042, 0],
              [-90.58173243466985, 48.10081915255973, 0],
              [-90.58196718421652, 48.10064653283355, 0],
              [-90.58235636494032, 48.10063672299559, 0],
              [-90.58282165452826, 48.10061503300052, 0],
              [-90.58311166483794, 48.10055364285583, 0],
              [-90.58349312454187, 48.10038621274353, 0],
              [-90.58380599517893, 48.10030282263982, 0],
              [-90.58454879501937, 48.10021490239248, 0],
              [-90.5846451752662, 48.10020349248071, 0],
              [-90.58509515576507, 48.10018596276223, 0],
              [-90.58549986566518, 48.10011349273088, 0],
              [-90.5860563953399, 48.09995423216041, 0],
              [-90.58627803577164, 48.09993639219576, 0],
              [-90.58657556587858, 48.09996514239032, 0],
              [-90.58673532586195, 48.10010347221824, 0],
              [-90.58682754601072, 48.10030336256846, 0],
              [-90.58691850582312, 48.10056621233062, 0],
              [-90.58710133633964, 48.10064203225868, 0],
              [-90.58723175644752, 48.10068976220902, 0],
              [-90.58759031629825, 48.10068829241447, 0],
              [-90.58787235585642, 48.10065373243276, 0],
              [-90.58817011593207, 48.10060599225032, 0],
              [-90.5883915560395, 48.10052066236803, 0],
              [-90.58847502659738, 48.10044144251989, 0],
              [-90.58860462654343, 48.10027320214873, 0],
              [-90.58882588608948, 48.09995842203453, 0],
              [-90.58904775648993, 48.09981011204148, 0],
              [-90.5892454963452, 48.09971079232897, 0],
              [-90.58963468695048, 48.09961098228279, 0],
              [-90.589700756243, 48.09960324200174, 0],
              [-90.59016500648013, 48.09954957234131, 0],
              [-90.59077191726925, 48.09949090220746, 0],
              [-90.59140697676779, 48.09946864179505, 0],
              [-90.59222409782494, 48.09940786161118, 0],
              [-90.59270381794961, 48.0993243517339, 0],
              [-90.59311766730941, 48.09931536175097, 0],
              [-90.59368024803588, 48.09933010148261, 0],
              [-90.59444261767479, 48.0993291619891, 0],
              [-90.59480658807846, 48.09929539180457, 0],
              [-90.59480824816511, 48.09916280177058, 0],
              [-90.59537023869842, 48.09915573154833, 0],
              [-90.59560098804714, 48.09901630128802, 0],
              [-90.59581708856851, 48.0989719414254, 0],
              [-90.59607440828671, 48.09894039137146, 0],
              [-90.59679888878357, 48.09894141126362, 0],
              [-90.59747167932066, 48.09896474159071, 0],
              [-90.59784444872255, 48.09892850122747, 0],
              [-90.59806496895511, 48.09880225159409, 0],
              [-90.59826372929658, 48.09878858140112, 0],
              [-90.59846904913621, 48.09887029113676, 0],
              [-90.59872189973588, 48.09887899142783, 0],
              [-90.59888058892744, 48.09883782131587, 0],
              [-90.59917840919022, 48.09869172126674, 0],
              [-90.5993164398252, 48.0985906709646, 0],
              [-90.59941626960271, 48.09857431118076, 0],
              [-90.59946169920327, 48.09861553129873, 0],
              [-90.59949932963053, 48.09881407157451, 0],
              [-90.59956856997599, 48.09892788149288, 0],
              [-90.5997287198282, 48.09905731107431, 0],
              [-90.59974431008996, 48.09910061137862, 0],
              [-90.59980001012916, 48.09925537149751, 0],
              [-90.59994285932734, 48.09955511148961, 0],
              [-90.60007062940512, 48.09972095150142, 0],
              [-90.6003092695553, 48.09986213163401, 0],
              [-90.60039109978948, 48.09999922109584, 0],
              [-90.60046223019032, 48.10017423128576, 0],
              [-90.60043191025284, 48.1008723313649, 0],
              [-90.60051487056765, 48.1010068613061, 0],
              [-90.60061273033975, 48.1010728912265, 0],
              [-90.60084284008799, 48.10110486170937, 0],
              [-90.60087404037442, 48.10115109145313, 0],
              [-90.60082939051155, 48.10120026131521, 0],
              [-90.60083586017822, 48.10128155148067, 0],
              [-90.60086614058982, 48.10140285178533, 0],
              [-90.6008045502973, 48.10147778141734, 0],
              [-90.6006145907507, 48.10157747145739, 0],
              [-90.60049967017473, 48.10161098158355, 0],
              [-90.60038233043566, 48.10158553179082, 0],
              [-90.60015648049853, 48.10157703172641, 0],
              [-90.60002590049051, 48.10162377156495, 0],
              [-90.59991187014496, 48.1017291316149, 0],
              [-90.59983548998962, 48.10176345151213, 0],
              [-90.59970610024936, 48.10177915158717, 0],
              [-90.59962972009403, 48.10175476190756, 0],
              [-90.59959100001032, 48.10169041139569, 0],
              [-90.59957627033461, 48.10156919155705, 0],
              [-90.59940171959006, 48.10145350137775, 0],
              [-90.59926383987205, 48.10138694162753, 0],
              [-90.59912782954814, 48.10134661159616, 0],
              [-90.59899625959669, 48.10130972141093, 0],
              [-90.59872147932431, 48.10115094147545, 0],
              [-90.59840194947607, 48.10102652163292, 0],
              [-90.59791715925996, 48.10088403148654, 0],
              [-90.59775294902263, 48.10082492193841, 0],
              [-90.5974980888917, 48.10080627179102, 0],
              [-90.5973644887477, 48.1007990518161, 0],
              [-90.59655246922304, 48.10088805150923, 0],
              [-90.59624025884773, 48.10093287165175, 0],
              [-90.59597388860304, 48.10095389200975, 0],
              [-90.59570657872058, 48.10101177158921, 0],
              [-90.59542846839345, 48.10112419204761, 0],
              [-90.59505884848497, 48.10124092201165, 0],
              [-90.59489438851601, 48.10129074208933, 0],
              [-90.59467017890256, 48.10135866195631, 0],
              [-90.59446484828312, 48.10140971173076, 0],
              [-90.59403742807432, 48.10151189211496, 0],
              [-90.59360098788173, 48.10156123200527, 0],
              [-90.59336566790485, 48.1015384619691, 0],
              [-90.59259169742236, 48.10153562201292, 0],
              [-90.59222595733759, 48.1014962819443, 0],
              [-90.59181040746694, 48.10148806202161, 0],
              [-90.59174556796803, 48.10149808226436, 0],
              [-90.59149685770353, 48.1015364924769, 0],
              [-90.59123854714358, 48.10157456251413, 0],
              [-90.59107038701397, 48.10160796225965, 0],
              [-90.5906177672648, 48.10168674237988, 0],
              [-90.5902606770579, 48.10175683217525, 0],
              [-90.58985482719568, 48.10178859226657, 0],
              [-90.5895492068613, 48.10179075251836, 0],
              [-90.58936557684419, 48.10177815214804, 0],
              [-90.58909468717532, 48.10172774223719, 0],
              [-90.58890996660344, 48.10162470261786, 0],
              [-90.58871564663444, 48.10148348233273, 0],
              [-90.58867366656457, 48.10145337239769, 0],
              [-90.58849798663772, 48.10117075232468, 0],
              [-90.58842168643244, 48.10093520231489, 0],
              [-90.5882615060375, 48.10080587224775, 0],
              [-90.58791049652675, 48.10077150251822, 0],
              [-90.58769682594821, 48.1007805126436, 0],
              [-90.58743006583471, 48.10099086223872, 0],
              [-90.58725474613227, 48.10113114261679, 0],
              [-90.58677388604552, 48.10139547231866, 0],
              [-90.58641508634463, 48.10154540288384, 0],
              [-90.58592709543116, 48.10172859290111, 0],
              [-90.5854302659936, 48.10183612258457, 0],
              [-90.58537691594721, 48.10184765271443, 0],
              [-90.58499641564399, 48.10191149251295, 0],
              [-90.58488186517391, 48.10198117286935, 0],
              [-90.58488154537366, 48.10207908262999, 0],
              [-90.58497224557294, 48.10216251304505, 0],
              [-90.58510559598531, 48.10219771270411, 0],
              [-90.58520944572373, 48.10224437279174, 0],
              [-90.58535452543875, 48.10253032297648, 0],
              [-90.58543017616208, 48.10269370282855, 0],
              [-90.58555948595227, 48.10275901311145, 0],
              [-90.58573526559213, 48.10288477311547, 0],
              [-90.58588189579932, 48.10297394256566, 0],
              [-90.58588200629211, 48.10306307286842, 0],
              [-90.58570718605299, 48.10320480291711, 0],
              [-90.58564486632845, 48.10324735286964, 0],
              [-90.58555327589872, 48.10328645284361, 0],
              [-90.58535915625403, 48.10328254278755, 0],
              [-90.58516278543124, 48.10328315287149, 0],
              [-90.58484251537121, 48.10328948286686, 0],
              [-90.58461402528542, 48.10331597321722, 0],
              [-90.58451053577143, 48.10334895311149, 0],
              [-90.58433066520377, 48.10341893326115, 0],
              [-90.58408789549824, 48.10343557284898, 0],
              [-90.58404903527737, 48.10344396282731, 0],
              [-90.583973435758, 48.10346472300871, 0],
              [-90.58393492588007, 48.10349522288956, 0],
              [-90.58389750565861, 48.10351228297083, 0],
              [-90.5838366852223, 48.10358753286467, 0],
              [-90.58379784566266, 48.10366341312372, 0],
              [-90.58369964542908, 48.10381404313247, 0],
              [-90.58359989560161, 48.10387059315909, 0],
              [-90.58358436552697, 48.10393806330796, 0],
              [-90.58362970529599, 48.10398348306844, 0],
              [-90.58366065585079, 48.10400672292533, 0],
              [-90.583675825701, 48.10402952306171, 0],
              [-90.58373558522696, 48.10406589300158, 0],
              [-90.58382880520062, 48.10413190339594, 0],
              [-90.58396617557388, 48.10412127299278, 0],
              [-90.58402640581703, 48.10406448329124, 0],
              [-90.5841028452612, 48.1040117432993, 0],
              [-90.58422562609591, 48.10396489285503, 0],
              [-90.58437438531034, 48.10393375318273, 0],
              [-90.58472807539388, 48.103867002883, 0],
              [-90.58519375574897, 48.10379175279842, 0],
              [-90.58537695637138, 48.10378659323078, 0],
              [-90.58551501575245, 48.10380300294561, 0],
              [-90.58568289650601, 48.10380207313193, 0],
              [-90.58579755657057, 48.1038357029836, 0],
              [-90.58587375616455, 48.1038779428763, 0],
              [-90.5859335857591, 48.10392815271874, 0],
              [-90.58601073666894, 48.10406527272904, 0],
              [-90.58592705590529, 48.10420300304651, 0],
              [-90.5858352858125, 48.10424162299366, 0],
              [-90.5856287065348, 48.10429131298984, 0],
              [-90.58544616617414, 48.10434137305995, 0],
              [-90.58513376625429, 48.10463455321183, 0],
              [-90.58475725626758, 48.10495905312103, 0],
              [-90.58456919575947, 48.10513144301446, 0],
              [-90.5845003955885, 48.10527340310608, 0],
              [-90.58447817575995, 48.10568752321677, 0],
              [-90.5844317759789, 48.10576963348879, 0],
              [-90.58430202601419, 48.10586055311256, 0],
              [-90.58457660596225, 48.10605522334603, 0],
              [-90.58500930646831, 48.10623021351834, 0],
              [-90.58547016646358, 48.10634434353425, 0],
              [-90.58571317691761, 48.10637128339731, 0],
              [-90.58586558688533, 48.10641070311409, 0],
              [-90.58623949624932, 48.10638707324213, 0],
              [-90.58645618696384, 48.10639161350399, 0],
              [-90.58668247707547, 48.1063963631129, 0],
              [-90.58703285686721, 48.10636351294195, 0],
              [-90.58736919688937, 48.10627607334349, 0],
              [-90.58746583674932, 48.10620497296142, 0],
              [-90.58772618738328, 48.10601341293842, 0],
              [-90.58784823698936, 48.1057680528659, 0],
              [-90.58781107727931, 48.10538132308245, 0],
              [-90.58788636687991, 48.10531621288616, 0],
              [-90.58802370671043, 48.10525923314862, 0],
              [-90.58819230701454, 48.10528086299749, 0],
              [-90.58842470746674, 48.10535371325483, 0],
              [-90.58929138767982, 48.10560997293984, 0],
              [-90.58974912782611, 48.10567347274522, 0],
              [-90.59004707744627, 48.10576520294581, 0],
              [-90.59030641747553, 48.10574814301243, 0],
              [-90.59066533755067, 48.10563404286527, 0],
              [-90.59092156761244, 48.10562617272193, 0],
              [-90.59094310831462, 48.10562662261584, 0],
              [-90.59119136852318, 48.10563183298672, 0],
              [-90.59142089795974, 48.10572190285635, 0],
              [-90.59155787846414, 48.10589098258848, 0],
              [-90.59173867788981, 48.10596635256999, 0],
              [-90.5922971587053, 48.1061632928436, 0],
              [-90.59269855831361, 48.10643001286178, 0],
              [-90.59270479890988, 48.10643456271735, 0],
              [-90.59516536981306, 48.10639044259753, 0],
              [-90.60068460095238, 48.10631285199153, 0],
              [-90.60620385275296, 48.10623524207306, 0],
              [-90.61172308479058, 48.1061576314376, 0],
              [-90.61724231592991, 48.10608005127744, 0],
              [-90.61772016576215, 48.10247315058378, 0],
              [-90.61819805512026, 48.09886626975634, 0],
              [-90.6186759345969, 48.0952593992496, 0],
              [-90.6191537943106, 48.09165249891397, 0],
              [-90.61938880347039, 48.08797067839055, 0],
              [-90.61952310340199, 48.08586675801411, 0],
              [-90.61925423314588, 48.08585064801952, 0],
              [-90.61925501378187, 48.08571494784846, 0],
              [-90.61951915350969, 48.08568364829907, 0],
              [-90.61951766320465, 48.0856135377913, 0],
              [-90.61948248338147, 48.08428882771376, 0],
              [-90.61931443284632, 48.08071139761189, 0],
              [-90.61378847063058, 48.08084633799317, 0],
              [-90.60824594976918, 48.08098144846198, 0],
              [-90.60335392775114, 48.0811883286092, 0],
              [-90.5983842068509, 48.08139829925204, 0],
              [-90.59243945454128, 48.08139829925204, 0],
              [-90.58695042296517, 48.08125690998328, 0],
              [-90.58177142155319, 48.08112326999174, 0],
              [-90.57677586959694, 48.08099413074783, 0],
              [-90.57499941878324, 48.08094701086694, 0],
              [-90.57228458872207, 48.08087483059639, 0],
              [-90.57104095834778, 48.08084174086174, 0],
              [-90.56600863655034, 48.08070780091734, 0],
              [-90.56060006437929, 48.08056344140407, 0],
              [-90.55524150321673, 48.08042044203177, 0],
              [-90.55542859264601, 48.0767432011657, 0],
              [-90.55007725124341, 48.07685183164276, 0],
              [-90.54472589906099, 48.07696050210335, 0],
              [-90.53934594811322, 48.0770585225311, 0],
              [-90.53481874630509, 48.0771410230381, 0],
              [-90.5339659657244, 48.07713080298636, 0],
              [-90.53070008481343, 48.07715305326315, 0],
              [-90.52864209480316, 48.07718057320258, 0],
              [-90.52331819244091, 48.07725182356102, 0],
              [-90.51796463130123, 48.07736932434732, 0],
              [-90.51261103961882, 48.07748679485593, 0],
              [-90.50762167795322, 48.07749206509654, 0],
              [-90.50240542610133, 48.07749786530151, 0],
              [-90.49936150542234, 48.07749980570518, 0],
              [-90.49918677591307, 48.07715747546849, 0],
              [-90.49720351495466, 48.07659626528444, 0],
              [-90.49692064445486, 48.07673715539566, 0],
              [-90.49526218465877, 48.07756324600222, 0],
              [-90.49152487327659, 48.07754784582794, 0],
              [-90.49127534285023, 48.0737934658212, 0],
              [-90.49115616246317, 48.07200026560075, 0],
              [-90.48600761034605, 48.0720051756526, 0],
              [-90.48079511884197, 48.07200990622908, 0],
              [-90.48057945849507, 48.06927777557579, 0],
              [-90.47883894837759, 48.06932870592967, 0],
              [-90.47521661686018, 48.0693261163129, 0],
              [-90.47451611688984, 48.06932561627799, 0],
              [-90.46999069554259, 48.06879243638044, 0],
              [-90.47003204589343, 48.07020653647918, 0],
              [-90.46456062399184, 48.07018365711473, 0],
              [-90.45963032206458, 48.07016280726082, 0],
              [-90.45421942056201, 48.07014017759031, 0],
              [-90.45154889002076, 48.0701289278809, 0],
              [-90.45150007017834, 48.07019263778423, 0],
              [-90.4514997099539, 48.07030063800065, 0],
              [-90.45152972985407, 48.07035925800228, 0],
              [-90.45158414979399, 48.07046550808564, 0],
              [-90.45170721988622, 48.07063156797151, 0],
              [-90.451766440423, 48.07071147783161, 0],
              [-90.45176690036044, 48.07083745788341, 0],
              [-90.45162158977838, 48.07096016799439, 0],
              [-90.45146173996348, 48.0710193178766, 0],
              [-90.45131401021835, 48.07105352801494, 0],
              [-90.45124762022729, 48.07106890792335, 0],
              [-90.45106408992316, 48.07111457821681, 0],
              [-90.45085899017076, 48.07117720823184, 0],
              [-90.45060730019445, 48.07125720788382, 0],
              [-90.45043343935606, 48.07127992830258, 0],
              [-90.45024199938585, 48.07124909837686, 0],
              [-90.45000239983496, 48.07115892789627, 0],
              [-90.44972896973044, 48.07104346822452, 0],
              [-90.44942436898391, 48.07095695838803, 0],
              [-90.44903830900742, 48.07092895851066, 0],
              [-90.44854992912343, 48.07091913820108, 0],
              [-90.44845385879538, 48.0709185181289, 0],
              [-90.44850556941638, 48.07204898854102, 0],
              [-90.44566631819677, 48.07201550836907, 0],
              [-90.44387538743901, 48.07199435853162, 0],
              [-90.4409805170286, 48.0719601088019, 0],
              [-90.44043642632563, 48.07195365910089, 0],
              [-90.43264745429727, 48.07186109964947, 0],
              [-90.43121515435712, 48.07184402966624, 0],
              [-90.4272090930931, 48.07179616969611, 0],
              [-90.42200608151018, 48.07172266022953, 0],
              [-90.41674563973285, 48.07164810081208, 0],
              [-90.41113198757235, 48.07156826083554, 0],
              [-90.40536982592903, 48.07148603171295, 0],
              [-90.40558791621878, 48.07329398144188, 0],
              [-90.40580296660957, 48.0750769221215, 0],
              [-90.40241078526462, 48.07494593223777, 0],
              [-90.40153041562495, 48.07504363238723, 0],
              [-90.40119331562803, 48.07505319201652, 0],
              [-90.40092096529852, 48.07502912217862, 0],
              [-90.40056339539125, 48.07505254198339, 0],
              [-90.40032309515442, 48.07508927214345, 0],
              [-90.399632934793, 48.07519476219368, 0],
              [-90.3991617342905, 48.07524639254219, 0],
              [-90.39828333465624, 48.07528883238575, 0],
              [-90.39779664450327, 48.07539019257313, 0],
              [-90.39736142422285, 48.07550629251941, 0],
              [-90.39682796418296, 48.07562145287723, 0],
              [-90.39626212347034, 48.0757825528224, 0],
              [-90.39589239396739, 48.07595256290392, 0],
              [-90.39499999319109, 48.07648952309251, 0],
              [-90.39445756347308, 48.07681589319735, 0],
              [-90.38942641218044, 48.07683239314705, 0],
              [-90.38396579072354, 48.07686079374289, 0],
              [-90.37866608897502, 48.07701055397452, 0],
              [-90.3733663575821, 48.07716033477693, 0],
              [-90.36833711610777, 48.07757345516467, 0],
              [-90.36406372430001, 48.07792622519679, 0],
              [-90.36300160391876, 48.0776836653751, 0],
              [-90.35902101258797, 48.07762959531881, 0],
              [-90.35724690188559, 48.07232794510865, 0],
              [-90.35669664065493, 48.07068332475281, 0],
              [-90.35667675105623, 48.07049293495879, 0],
              [-90.35656894064572, 48.0694596344776, 0],
              [-90.3561122802744, 48.0660771341723, 0],
              [-90.35567359968351, 48.06241682383223, 0],
              [-90.35567947915705, 48.05931409338525, 0],
              [-90.35568658842419, 48.05555026265484, 0],
              [-90.35567762862756, 48.05467977245857, 0],
              [-90.35472947750642, 48.05478792291532, 0],
              [-90.35400411755889, 48.05443995282157, 0],
              [-90.35550728828674, 48.05422852233681, 0],
              [-90.3556728477936, 48.05421863279027, 0],
              [-90.35565202754027, 48.05219926228512, 0],
              [-90.35508569724583, 48.05195545228415, 0],
              [-90.35459004729623, 48.05174208223266, 0],
              [-90.35492305726362, 48.05155806202054, 0],
              [-90.35564544738082, 48.05156182228433, 0],
              [-90.35561216749448, 48.04833348194575, 0],
              [-90.35561182703299, 48.04831212180064, 0],
              [-90.35458865670418, 48.04835722196901, 0],
              [-90.35361763627253, 48.04862276213883, 0],
              [-90.3513851359419, 48.0490964120692, 0],
              [-90.35058332577046, 48.04949159222319, 0],
              [-90.35021180592514, 48.04955334237638, 0],
              [-90.34616759500761, 48.0502255728765, 0],
              [-90.3447543339616, 48.05153700285713, 0],
              [-90.34473194435145, 48.05155777318524, 0],
              [-90.34264286364919, 48.05203514314059, 0],
              [-90.33922978299915, 48.05269849383237, 0],
              [-90.33923859277714, 48.05233630345981, 0],
              [-90.33926174236203, 48.05138314339912, 0],
              [-90.34036678334921, 48.05103571296078, 0],
              [-90.34305875398135, 48.05009835277077, 0],
              [-90.34527337424456, 48.04896099268321, 0],
              [-90.34639289427749, 48.04855248222411, 0],
              [-90.35067511562619, 48.047733831945, 0],
              [-90.35281064641514, 48.04688480156558, 0],
              [-90.3532531160999, 48.04628467167306, 0],
              [-90.35310311631208, 48.04551337133545, 0],
              [-90.35015667541784, 48.04515515180461, 0],
              [-90.34811381393527, 48.04504116163957, 0],
              [-90.34542085335968, 48.04493849190139, 0],
              [-90.344768963026, 48.0450749920707, 0],
              [-90.34122393243713, 48.04581717260492, 0],
              [-90.33941967157887, 48.04574841247488, 0],
              [-90.33940792161494, 48.0451016925776, 0],
              [-90.33937313166062, 48.0431864523697, 0],
              [-90.34247558207193, 48.04323037206951, 0],
              [-90.34474359280574, 48.042520591789, 0],
              [-90.3462876234043, 48.04255633196355, 0],
              [-90.34727602354172, 48.04246031186955, 0],
              [-90.34931032407965, 48.0426331316939, 0],
              [-90.35013985446413, 48.04264589129796, 0],
              [-90.35200797475932, 48.04267457141695, 0],
              [-90.35347473587039, 48.04252128127165, 0],
              [-90.3555139861255, 48.04191058099851, 0],
              [-90.35593952616044, 48.04178314095282, 0],
              [-90.36016701765044, 48.0419646008953, 0],
              [-90.36088702813045, 48.04155372020796, 0],
              [-90.36326120805272, 48.04024330031739, 0],
              [-90.36384556843326, 48.04031256030505, 0],
              [-90.36421274851743, 48.04037173039001, 0],
              [-90.36501310880801, 48.04015513024955, 0],
              [-90.36629154889955, 48.04015652969932, 0],
              [-90.3676836294678, 48.04015800963244, 0],
              [-90.36943856024055, 48.03974238940285, 0],
              [-90.37154592076051, 48.03913682944756, 0],
              [-90.37168876097553, 48.0391086392785, 0],
              [-90.37488386182862, 48.03847783891838, 0],
              [-90.37592682204316, 48.03818134926338, 0],
              [-90.37640984167986, 48.03821407901329, 0],
              [-90.37707927251779, 48.03804331899816, 0],
              [-90.37761592247526, 48.0378564790449, 0],
              [-90.37876576244568, 48.03829370884449, 0],
              [-90.38009884346269, 48.03815680869458, 0],
              [-90.38129948316242, 48.03788401879589, 0],
              [-90.38230862360312, 48.03842815861044, 0],
              [-90.3830289835278, 48.03836785828547, 0],
              [-90.38301868344475, 48.03760342858804, 0],
              [-90.38300488352535, 48.03657545831752, 0],
              [-90.38300494371246, 48.03629504839132, 0],
              [-90.38300021318419, 48.03400075779694, 0],
              [-90.37699056118855, 48.0339820882244, 0],
              [-90.37279686970942, 48.03393971884199, 0],
              [-90.3715834595596, 48.03392067861857, 0],
              [-90.37160202953316, 48.03273140848999, 0],
              [-90.37163948928051, 48.03033248819956, 0],
              [-90.3716955190014, 48.02674425759987, 0],
              [-90.37175215778008, 48.02311562733453, 0],
              [-90.37180882710146, 48.01948698676996, 0],
              [-90.36634366555909, 48.01947932696578, 0],
              [-90.36087851389817, 48.01947165754662, 0],
              [-90.35540052261692, 48.01954899761383, 0],
              [-90.34992255109859, 48.0196263081228, 0],
              [-90.34444458946174, 48.01970360890206, 0],
              [-90.33896662782489, 48.01978094922218, 0],
              [-90.33360908625018, 48.01975317928017, 0],
              [-90.32825154467547, 48.01972539970943, 0],
              [-90.32289266281435, 48.01969766038139, 0],
              [-90.31753379083473, 48.01966991082382, 0],
              [-90.31217626902296, 48.01962986101699, 0],
              [-90.30681875799095, 48.01958981117907, 0],
              [-90.30145990577427, 48.019549791954, 0],
              [-90.29610103469294, 48.01950977209699, 0],
              [-90.29606795513091, 48.02315860283191, 0],
              [-90.29603487556889, 48.02680741320743, 0],
              [-90.29600180588834, 48.03045533331176, 0],
              [-90.29597536667289, 48.03337076411287, 0],
              [-90.29540487628036, 48.03338693378876, 0],
              [-90.29490999618696, 48.03336292435918, 0],
              [-90.29455954632664, 48.03330073430402, 0],
              [-90.2941543064205, 48.03317873395623, 0],
              [-90.29357366596356, 48.03319156438217, 0],
              [-90.2929849954663, 48.0332535641463, 0],
              [-90.29251536521892, 48.03333299440209, 0],
              [-90.29209514500711, 48.03332765416307, 0],
              [-90.29153600482819, 48.03326039413552, 0],
              [-90.29141372525338, 48.03326614406065, 0],
              [-90.29124550493665, 48.03331179443079, 0],
              [-90.29089333480258, 48.03340578438785, 0],
              [-90.29058106513844, 48.03347201462556, 0],
              [-90.29056994489353, 48.03347311450752, 0],
              [-90.29017789495073, 48.03351211434855, 0],
              [-90.28926667446925, 48.0334448845968, 0],
              [-90.28859764427992, 48.03341124475898, 0],
              [-90.288095673784, 48.03345792460088, 0],
              [-90.28746131407306, 48.03355103486778, 0],
              [-90.28721926391808, 48.03355877487674, 0],
              [-90.28668285381077, 48.03347241469189, 0],
              [-90.28620415327397, 48.0334268245341, 0],
              [-90.285662683855, 48.03348785448541, 0],
              [-90.28531645338157, 48.03352341470974, 0],
              [-90.28516452311419, 48.03352305489071, 0],
              [-90.28492274335211, 48.03352246500374, 0],
              [-90.28449452274438, 48.03348467498041, 0],
              [-90.28404471292541, 48.03345602458578, 0],
              [-90.28347189320135, 48.03356856507038, 0],
              [-90.28275357245238, 48.03354770519181, 0],
              [-90.28227146280906, 48.03344944511454, 0],
              [-90.28191523228989, 48.03341077501086, 0],
              [-90.28050349209167, 48.03336840515867, 0],
              [-90.27976372137036, 48.03326999516459, 0],
              [-90.27973729203636, 48.03326647504775, 0],
              [-90.27906435148063, 48.03316285495562, 0],
              [-90.27845537097312, 48.03310004533272, 0],
              [-90.2776894808366, 48.03307785530419, 0],
              [-90.27709600075931, 48.03312021518332, 0],
              [-90.27652439106593, 48.03328906506279, 0],
              [-90.27588349072143, 48.0335892951896, 0],
              [-90.2750777099964, 48.03392844560335, 0],
              [-90.274347250313, 48.0339216955951, 0],
              [-90.26891503807694, 48.03388472581367, 0],
              [-90.26348279709477, 48.03384778664118, 0],
              [-90.25804922480938, 48.03381087687632, 0],
              [-90.25261566330376, 48.03377393705025, 0],
              [-90.2480236022338, 48.03388993744612, 0],
              [-90.24271191067119, 48.03402088764918, 0],
              [-90.23739922916512, 48.03412733828117, 0],
              [-90.2320865476591, 48.0342337886933, 0],
              [-90.22678302537568, 48.03440370895623, 0],
              [-90.22147953363499, 48.03457360943695, 0],
              [-90.2161760122499, 48.03474352978066, 0],
              [-90.2108724908648, 48.03491345016471, 0],
              [-90.2055712790483, 48.0348433203362, 0],
              [-90.20027009777452, 48.03477319101292, 0],
              [-90.19508716623317, 48.0348277812352, 0],
              [-90.18990420414909, 48.03488235157709, 0],
              [-90.18472468261255, 48.03486055215996, 0],
              [-90.17954519161873, 48.03483872269941, 0],
              [-90.17436434955874, 48.03481690284056, 0],
              [-90.16918349851558, 48.03479510339574, 0],
              [-90.16349461604328, 48.03451453360827, 0],
              [-90.15780576411368, 48.03423395388337, 0],
              [-90.15211827313175, 48.03395346453694, 0],
              [-90.14643081089592, 48.03367297486505, 0],
              [-90.14098947896306, 48.03374136486583, 0],
              [-90.13554815781004, 48.03380979562316, 0],
              [-90.13010683575865, 48.03387818604307, 0],
              [-90.12466547418143, 48.03394658598329, 0],
              [-90.11896362273137, 48.03423661674771, 0],
              [-90.11320523131734, 48.03452950695584, 0],
              [-90.10744689919207, 48.03482264778656, 0],
              [-90.10168854730391, 48.03511581818493, 0],
              [-90.10163194805112, 48.03876844841938, 0],
              [-90.09584909641019, 48.0385547588509, 0],
              [-90.09580485707741, 48.04218149913252, 0],
              [-90.09003444530653, 48.04194163990856, 0],
              [-90.09000226585643, 48.04558143032638, 0],
              [-90.08997010616926, 48.04922123078241, 0],
              [-90.08422411420109, 48.04896865110864, 0],
              [-90.0842970547072, 48.05190456178558, 0],
              [-90.08432024471625, 48.05283824181784, 0],
              [-90.08435249513327, 48.05413656209033, 0],
              [-90.08441635546852, 48.05670764203317, 0],
              [-90.08439411587702, 48.05987433269586, 0],
              [-90.0849291560535, 48.05990008231437, 0],
              [-90.0859539469431, 48.05987714253172, 0],
              [-90.08694439703602, 48.05979320222074, 0],
              [-90.08793712705314, 48.05962135257572, 0],
              [-90.08945753734959, 48.0594659124122, 0],
              [-90.08987301804997, 48.05938858241313, 0],
              [-90.09039346778961, 48.05929173212622, 0],
              [-90.09143075783808, 48.05917301207429, 0],
              [-90.09229206882071, 48.05913251204403, 0],
              [-90.09286967836188, 48.05932896165982, 0],
              [-90.09329998845095, 48.05943557193804, 0],
              [-90.0938651886648, 48.05946263184256, 0],
              [-90.09477494938395, 48.05963274207237, 0],
              [-90.09504805968818, 48.05973055174773, 0],
              [-90.09529861958387, 48.05982030156319, 0],
              [-90.09604739950917, 48.06020635156931, 0],
              [-90.09668373012383, 48.0605705218863, 0],
              [-90.09694260033419, 48.06070102182692, 0],
              [-90.09829469060094, 48.06106547202321, 0],
              [-90.0987718307641, 48.06100480194816, 0],
              [-90.09905319119594, 48.06119997162056, 0],
              [-90.0996531409399, 48.06153694162523, 0],
              [-90.10025995111768, 48.06162439186907, 0],
              [-90.10074231139096, 48.06178644159315, 0],
              [-90.1016727719892, 48.0618943117592, 0],
              [-90.10203399175148, 48.06213811192259, 0],
              [-90.10359683217375, 48.06288078139566, 0],
              [-90.10382628255857, 48.06293386195341, 0],
              [-90.1046610626976, 48.06296809187496, 0],
              [-90.1051600930076, 48.06310561168823, 0],
              [-90.10556923339868, 48.063197731819, 0],
              [-90.105915503398, 48.0633463917484, 0],
              [-90.10589161360133, 48.0642067415285, 0],
              [-90.10129584159094, 48.0642022317609, 0],
              [-90.10047809171306, 48.06420141229434, 0],
              [-90.09515286972567, 48.06417139219214, 0],
              [-90.08982764863656, 48.06414136306728, 0],
              [-90.0843638166008, 48.06419336351074, 0],
              [-90.07890001510776, 48.06424539331834, 0],
              [-90.07343654329644, 48.06426837377867, 0],
              [-90.06797312179077, 48.06429109428114, 0],
              [-90.06250968052217, 48.06431384479065, 0],
              [-90.05704623835526, 48.06433656527309, 0],
              [-90.05707405828129, 48.06238866501527, 0],
              [-90.05436830749268, 48.06232963489209, 0],
              [-90.05402587689291, 48.06232216516683, 0],
              [-90.05384510711166, 48.06231821537352, 0],
              [-90.05225735640654, 48.06228772528863, 0],
              [-90.0519535668387, 48.06227992535698, 0],
              [-90.0512845959382, 48.06228576509965, 0],
              [-90.05112520606072, 48.06227259550939, 0],
              [-90.05088618592316, 48.06219872542844, 0],
              [-90.05067250636148, 48.06214835536456, 0],
              [-90.05043597635391, 48.06206118518139, 0],
              [-90.0501763461688, 48.06207247507773, 0],
              [-90.04982819599562, 48.06214433531512, 0],
              [-90.04950562535014, 48.06219043558518, 0],
              [-90.04916949553373, 48.062190645713, 0],
              [-90.04911794571117, 48.06217990517693, 0],
              [-90.0488797053113, 48.06213026574004, 0],
              [-90.04853087511343, 48.06206634533373, 0],
              [-90.04823620524236, 48.0620149755287, 0],
              [-90.04811490572953, 48.06199383538975, 0],
              [-90.0478881350192, 48.06193659571236, 0],
              [-90.04759370499832, 48.06186228567904, 0],
              [-90.04729878539561, 48.06176952556524, 0],
              [-90.04725753475775, 48.06175610548849, 0],
              [-90.04681206469994, 48.06162625542338, 0],
              [-90.0463623150681, 48.06146619543403, 0],
              [-90.046130174229, 48.06136897562252, 0],
              [-90.04600428432511, 48.06131625547752, 0],
              [-90.04552958398624, 48.06113411564248, 0],
              [-90.04515653431001, 48.06102119529731, 0],
              [-90.04507979393023, 48.06097794578251, 0],
              [-90.04417549406969, 48.06046825534525, 0],
              [-90.04303050320517, 48.05977447535161, 0],
              [-90.0426709336481, 48.05949730536388, 0],
              [-90.04193750323604, 48.0590331756107, 0],
              [-90.04178832271177, 48.05890951544276, 0],
              [-90.04164441260325, 48.05873236546939, 0],
              [-90.04146367246639, 48.05810926555123, 0],
              [-90.0413876130096, 48.05760318525009, 0],
              [-90.04137990276953, 48.05756910546842, 0],
              [-90.04127314248957, 48.05709688502225, 0],
              [-90.04115858213804, 48.05692731520337, 0],
              [-90.04103689275638, 48.05679826533768, 0],
              [-90.04084038269471, 48.05669122509458, 0],
              [-90.04069206185815, 48.05660311500359, 0],
              [-90.04064774257529, 48.05657678552122, 0],
              [-90.04055511189645, 48.05648674544665, 0],
              [-90.04039579208755, 48.05633180498661, 0],
              [-90.03991091203991, 48.05603546552771, 0],
              [-90.03885134107746, 48.05542405544319, 0],
              [-90.0384905210655, 48.05520646541395, 0],
              [-90.03823138136055, 48.05504889533969, 0],
              [-90.03798722106293, 48.05491320519158, 0],
              [-90.0377724509465, 48.0547938349616, 0],
              [-90.03728037090185, 48.05448548535531, 0],
              [-90.03679572082292, 48.05415811496884, 0],
              [-90.0362597203474, 48.05380927535171, 0],
              [-90.03581912005673, 48.05347123517276, 0],
              [-90.03541605048032, 48.05318787522987, 0],
              [-90.03525343026108, 48.05304782495495, 0],
              [-90.03504065979445, 48.05286459542954, 0],
              [-90.03469400980777, 48.05245909491039, 0],
              [-90.0344634095794, 48.05221884519403, 0],
              [-90.03412384909694, 48.05189898507884, 0],
              [-90.03383996889075, 48.05158400495248, 0],
              [-90.03346908954423, 48.05128440511695, 0],
              [-90.033193588823, 48.0510397651034, 0],
              [-90.03289972923231, 48.05081155475619, 0],
              [-90.03280202846203, 48.05073568478219, 0],
              [-90.03254408890628, 48.0504868248381, 0],
              [-90.03215578853147, 48.0501844448855, 0],
              [-90.03153621868337, 48.04977639511405, 0],
              [-90.03108178793059, 48.04951388507651, 0],
              [-90.03070038841378, 48.04932472489838, 0],
              [-90.0303804677984, 48.04914138484155, 0],
              [-90.0299890475746, 48.04897310516141, 0],
              [-90.02957994760767, 48.04878322477312, 0],
              [-90.02909639706665, 48.04856694525, 0],
              [-90.02883673723714, 48.0483936246779, 0],
              [-90.02860851754427, 48.04830670504566, 0],
              [-90.02848587684673, 48.04829558508239, 0],
              [-90.02827680743908, 48.04827957502145, 0],
              [-90.02766276672158, 48.0482462048979, 0],
              [-90.02753042691391, 48.04823620490632, 0],
              [-90.02721047665413, 48.04821202524059, 0],
              [-90.02676900679425, 48.04819162529025, 0],
              [-90.02648754664943, 48.04819329536014, 0],
              [-90.02609028647797, 48.04821002488078, 0],
              [-90.02566280608204, 48.04824842504949, 0],
              [-90.02531258619044, 48.04830232540063, 0],
              [-90.02500676643005, 48.04838436516388, 0],
              [-90.02467917599876, 48.04849287534578, 0],
              [-90.02435058574255, 48.04863727558895, 0],
              [-90.02404584575714, 48.04880036545939, 0],
              [-90.02377071604013, 48.04900031528987, 0],
              [-90.02376849540475, 48.04900245553991, 0],
              [-90.02356897598688, 48.0491947155687, 0],
              [-90.02351154579246, 48.04925002554201, 0],
              [-90.02326787597501, 48.04952246580772, 0],
              [-90.02303115552459, 48.04984469528115, 0],
              [-90.02288006608033, 48.05017120554347, 0],
              [-90.02273171559936, 48.05058722563424, 0],
              [-90.02263443613893, 48.0509058754891, 0],
              [-90.02257482573332, 48.05101798573384, 0],
              [-90.02251198588424, 48.05113614571395, 0],
              [-90.0224890554883, 48.05125706588838, 0],
              [-90.02251252577173, 48.05138810585913, 0],
              [-90.02251218620854, 48.05149614613399, 0],
              [-90.02246609544794, 48.05174233563824, 0],
              [-90.02239975576254, 48.05193057600061, 0],
              [-90.02232681615472, 48.05219659614585, 0],
              [-90.02223238615036, 48.05249085602445, 0],
              [-90.02218952573155, 48.05270344595753, 0],
              [-90.02217584618639, 48.05277130629765, 0],
              [-90.02209674593236, 48.05310520601868, 0],
              [-90.02201669615908, 48.05335625642763, 0],
              [-90.02190173605722, 48.0536033863749, 0],
              [-90.02184112582668, 48.05387188619424, 0],
              [-90.02181182637538, 48.05414202626891, 0],
              [-90.0218187865222, 48.05439865646593, 0],
              [-90.02181914584831, 48.05441191633752, 0],
              [-90.02186374630386, 48.05473669656095, 0],
              [-90.0218022359614, 48.05488811657657, 0],
              [-90.0216959365172, 48.0550293261165, 0],
              [-90.02156610570414, 48.05515645658274, 0],
              [-90.02129116642995, 48.0552977764692, 0],
              [-90.02099412590486, 48.05537108663044, 0],
              [-90.02078801554775, 48.05539720657384, 0],
              [-90.02050799540233, 48.05538521629597, 0],
              [-90.02030008571973, 48.05538452638504, 0],
              [-90.02003169606229, 48.05536413648124, 0],
              [-90.01969640527237, 48.05538240681536, 0],
              [-90.01954579552846, 48.05540060629055, 0],
              [-90.01933027531877, 48.05543588659437, 0],
              [-90.01917022517952, 48.05547670656682, 0],
              [-90.01894884525923, 48.05556098656082, 0],
              [-90.01883577521275, 48.05561785685009, 0],
              [-90.018727545289, 48.05567229649021, 0],
              [-90.01852617534165, 48.05578573654007, 0],
              [-90.01832294498334, 48.05592731649044, 0],
              [-90.01804865519112, 48.05609995663164, 0],
              [-90.01781967552351, 48.05621989664849, 0],
              [-90.01762147483248, 48.05633633705933, 0],
              [-90.01748453475226, 48.0564993070789, 0],
              [-90.01736207551441, 48.05673419720993, 0],
              [-90.01724017502868, 48.05702769683774, 0],
              [-90.0171596150123, 48.05739164706972, 0],
              [-90.0171257251699, 48.05764166727661, 0],
              [-90.01733122557093, 48.05765603708664, 0],
              [-90.01785844501455, 48.05762470725702, 0],
              [-90.01874836554234, 48.05762536711696, 0],
              [-90.01885772554671, 48.05761920682249, 0],
              [-90.01887590565143, 48.05762017709895, 0],
              [-90.01918551540399, 48.05763671682714, 0],
              [-90.01923864536316, 48.05764708665223, 0],
              [-90.01933052594875, 48.05771245715042, 0],
              [-90.01945213627863, 48.05776853671598, 0],
              [-90.01946261602474, 48.05778699712943, 0],
              [-90.01948444598446, 48.05782548682396, 0],
              [-90.01952244561929, 48.05792444672561, 0],
              [-90.01963552554726, 48.05796715723177, 0],
              [-90.01967435612373, 48.05806331713345, 0],
              [-90.01966164586077, 48.05809990691473, 0],
              [-90.01965114635172, 48.05813012689266, 0],
              [-90.01961265623675, 48.05818751670265, 0],
              [-90.01966582572179, 48.05826562723894, 0],
              [-90.01978832628214, 48.05828229704896, 0],
              [-90.01985359607404, 48.0582804772036, 0],
              [-90.01995642622462, 48.05827761684603, 0],
              [-90.02012249597458, 48.05826243665451, 0],
              [-90.02031475610663, 48.05824641708344, 0],
              [-90.02052034633918, 48.05833275675435, 0],
              [-90.02061955627916, 48.0584162971723, 0],
              [-90.02069614664028, 48.05844078666118, 0],
              [-90.02075714673965, 48.05847386678591, 0],
              [-90.02105451694646, 48.05854007680532, 0],
              [-90.02113847618787, 48.05859621671094, 0],
              [-90.02120019673609, 48.0587192568119, 0],
              [-90.02121488688593, 48.05882765695774, 0],
              [-90.02128362686979, 48.05895991689469, 0],
              [-90.02138417709617, 48.05904437671122, 0],
              [-90.02148164699945, 48.05911802676861, 0],
              [-90.02156594670232, 48.05922823688077, 0],
              [-90.02178722690964, 48.0594499070248, 0],
              [-90.02183261698431, 48.05949156677192, 0],
              [-90.02189366649102, 48.05959663729931, 0],
              [-90.02192429724558, 48.05970541684816, 0],
              [-90.02193176673717, 48.05986754706159, 0],
              [-90.02188606674372, 48.06001936685801, 0],
              [-90.02176812693006, 48.06021792705688, 0],
              [-90.02175856705881, 48.06023400725403, 0],
              [-90.02175641739034, 48.06037582713474, 0],
              [-90.02177215677243, 48.06046636713319, 0],
              [-90.02187072711192, 48.06060385700643, 0],
              [-90.02203885759715, 48.06072972731461, 0],
              [-90.02219936677547, 48.06085531693719, 0],
              [-90.02234434767581, 48.06104810727561, 0],
              [-90.02237766708802, 48.06112953716259, 0],
              [-90.02243553745693, 48.06127095712732, 0],
              [-90.02242781733538, 48.06137437719495, 0],
              [-90.02242843717292, 48.06150919718486, 0],
              [-90.02232366755965, 48.0618527272015, 0],
              [-90.02232095734244, 48.06186162707415, 0],
              [-90.02226069745485, 48.06195923739518, 0],
              [-90.02217588750888, 48.06207426717221, 0],
              [-90.02203182738172, 48.06225007763949, 0],
              [-90.02187838704636, 48.06246227726827, 0],
              [-90.02159564770056, 48.06276423751541, 0],
              [-90.02096296694091, 48.06337883775159, 0],
              [-90.02079148753631, 48.0634399378816, 0],
              [-90.02052819671644, 48.0635429873785, 0],
              [-90.02053021702751, 48.06354781779046, 0],
              [-90.02055100673815, 48.06359758793711, 0],
              [-90.02064274718653, 48.06363596762618, 0],
              [-90.02077994687988, 48.06365752793482, 0],
              [-90.02094025753053, 48.06367069777109, 0],
              [-90.02115408711089, 48.06365823754636, 0],
              [-90.02126839773078, 48.06362522739163, 0],
              [-90.02140524708115, 48.06356578744727, 0],
              [-90.02155779718608, 48.06340783771916, 0],
              [-90.0216727671694, 48.06323523769208, 0],
              [-90.02194707762287, 48.06308940751424, 0],
              [-90.02209277717544, 48.06307970758077, 0],
              [-90.02216102757747, 48.06316246764028, 0],
              [-90.02217593781455, 48.06325284724629, 0],
              [-90.02221398775502, 48.06333479775303, 0],
              [-90.02230609741102, 48.06339565719446, 0],
              [-90.02238200774747, 48.06350564742621, 0],
              [-90.02242835812118, 48.06361944723544, 0],
              [-90.02244310755982, 48.06375463776307, 0],
              [-90.02252746744985, 48.0638783373221, 0],
              [-90.02259613826342, 48.06401057767954, 0],
              [-90.02267247799459, 48.06421504785659, 0],
              [-90.02267209800722, 48.06432296756444, 0],
              [-90.0226265579139, 48.06444329785595, 0],
              [-90.02254654766648, 48.06449206757325, 0],
              [-90.02439517811325, 48.06449201774517, 0],
              [-90.02457740945349, 48.06810977801037, 0],
              [-90.02475963001393, 48.07172753849446, 0],
              [-90.02494182991309, 48.0753435387258, 0],
              [-90.02463094006126, 48.0753435387258, 0],
              [-90.02439898068184, 48.0758446189645, 0],
              [-90.02451561075182, 48.07638160908922, 0],
              [-90.02486153040817, 48.07687226945415, 0],
              [-90.02522197043277, 48.07725459943792, 0],
              [-90.02596296106623, 48.07847811935779, 0],
              [-90.0264109616782, 48.07896244954576, 0],
              [-90.03080653334776, 48.08114391915749, 0],
              [-90.03243772388507, 48.08257412933626, 0],
              [-90.03284291438386, 48.08310581916621, 0],
              [-90.03293618376487, 48.08349886952112, 0],
              [-90.0336213243405, 48.08366578931846, 0],
              [-90.03435202477237, 48.08422299947797, 0],
              [-90.03487755448494, 48.08458716969923, 0],
              [-90.03552343508939, 48.08544276931055, 0],
              [-90.03594826545525, 48.08575854983293, 0],
              [-90.03655390602653, 48.0862584094779, 0],
              [-90.03742254636356, 48.08697536988124, 0],
              [-90.03824774597008, 48.08720131966576, 0],
              [-90.03967599720322, 48.08788553936047, 0],
              [-90.04029222711509, 48.08836609961174, 0],
              [-90.04110614747489, 48.08872278960705, 0],
              [-90.04181139773647, 48.08890603971587, 0],
              [-90.04247464816524, 48.08924872981032, 0],
              [-90.04305181843024, 48.08963003954485, 0],
              [-90.04335436832298, 48.09014361986452, 0],
              [-90.04429881838514, 48.09037844947123, 0],
              [-90.04474718910302, 48.09052383990112, 0],
              [-90.04509788869498, 48.09061392964229, 0],
              [-90.04529249881985, 48.0906426196464, 0],
              [-90.04540977927006, 48.09068128938319, 0],
              [-90.04552185937312, 48.09080253969466, 0],
              [-90.04558090923, 48.09111136958831, 0],
              [-90.04582812918946, 48.09127744984598, 0],
              [-90.04631241904396, 48.09142886977794, 0],
              [-90.04669073913598, 48.09137833931445, 0],
              [-90.04671961997236, 48.0913744793548, 0],
              [-90.0474973193616, 48.09145636948005, 0],
              [-90.048168270149, 48.09151506978341, 0],
              [-90.04829151990428, 48.09159328934857, 0],
              [-90.04842691039066, 48.0916677394603, 0],
              [-90.04864358044392, 48.09164078949115, 0],
              [-90.04887216036123, 48.09164390960409, 0],
              [-90.04949211019668, 48.09203134935571, 0],
              [-90.04982627090597, 48.09216591923223, 0],
              [-90.05015977045518, 48.09230032975294, 0],
              [-90.05037843117513, 48.09243179926109, 0],
              [-90.05180078137518, 48.09320309935204, 0],
              [-90.05299756191245, 48.09391143941175, 0],
              [-90.05598950337415, 48.09548116979803, 0],
              [-90.05746974370608, 48.0962920196169, 0],
              [-90.06643435711644, 48.09842064930645, 0],
              [-90.07410195956338, 48.10117868914036, 0],
              [-90.0887429041849, 48.10400924840923, 0],
              [-90.09164210537328, 48.10454713826611, 0],
              [-90.11028857137137, 48.1042077468589, 0],
              [-90.11602594310608, 48.10408571652459, 0],
              [-90.12057310458151, 48.10519198608358, 0],
              [-90.12242706473288, 48.10562305645679, 0],
              [-90.1234443052825, 48.10716854662973, 0],
              [-90.12511344604732, 48.10749686649677, 0],
              [-90.12572411628588, 48.10805336618136, 0],
              [-90.1271710264258, 48.10810549619841, 0],
              [-90.12834691753947, 48.10875570616862, 0],
              [-90.12900687743935, 48.10928158602695, 0],
              [-90.1289618772335, 48.10966249648411, 0],
              [-90.12979064764328, 48.11014483617647, 0],
              [-90.13103307876666, 48.11052494609827, 0],
              [-90.13257421858663, 48.11158543614011, 0],
              [-90.1356158000526, 48.11224819629055, 0],
              [-90.13843869115426, 48.11235041570686, 0],
              [-90.1407759116908, 48.11249337608226, 0],
              [-90.14173723211401, 48.11247049573139, 0],
              [-90.14270617204745, 48.11248194550456, 0],
              [-90.14320209238993, 48.11249720566708, 0],
              [-90.14351610209076, 48.11249612546631, 0],
              [-90.14403574244832, 48.11256820557842, 0]
            ]
          ],
          [
            [
              [-92.17027032897619, 48.0672962326949, 0],
              [-92.17026584907785, 48.07094023325627, 0],
              [-92.17026136019638, 48.0745842236922, 0],
              [-92.1702568407722, 48.07822821415669, 0],
              [-92.1702395212535, 48.08186712444938, 0],
              [-92.17022217119211, 48.08550603478714, 0],
              [-92.17020485257176, 48.08914494511887, 0],
              [-92.17018750251036, 48.09278382599306, 0],
              [-92.17016898374077, 48.09641934635387, 0],
              [-92.17015044430994, 48.10005484663758, 0],
              [-92.17013192464204, 48.10369033759535, 0],
              [-92.17011338521122, 48.10732582757578, 0],
              [-92.17012411558727, 48.11096018831142, 0],
              [-92.17013485674312, 48.11459450854404, 0],
              [-92.17014558711921, 48.11822886919231, 0],
              [-92.17015632737673, 48.12186321982452, 0],
              [-92.17557529934383, 48.12189741953646, 0],
              [-92.18099430095533, 48.1219316192256, 0],
              [-92.18640586271964, 48.1219484585059, 0],
              [-92.1908879035235, 48.12194894843471, 0],
              [-92.19089014392182, 48.1217038383484, 0],
              [-92.19568377526343, 48.12168949781718, 0],
              [-92.20108469648322, 48.12167127740911, 0],
              [-92.20648261822826, 48.1216345871102, 0],
              [-92.21188055973623, 48.12159786680152, 0],
              [-92.21728761195781, 48.12156417601206, 0],
              [-92.22269467316255, 48.12153048580023, 0],
              [-92.22591986398443, 48.12151573564394, 0],
              [-92.226665544722, 48.12151227553023, 0],
              [-92.22810556478368, 48.12149335524053, 0],
              [-92.23351644652332, 48.12142222493954, 0],
              [-92.23352952599386, 48.11780364443818, 0],
              [-92.2335426054644, 48.11418507414582, 0],
              [-92.23355568493494, 48.11056650331859, 0],
              [-92.23356876440548, 48.106947923009, 0],
              [-92.23355144309015, 48.10332654259867, 0],
              [-92.23353413255465, 48.09970519200485, 0],
              [-92.23351682201913, 48.09608381188715, 0],
              [-92.23349951148359, 48.09246246109098, 0],
              [-92.23351345064185, 48.08883989035962, 0],
              [-92.23352739069844, 48.08521733988556, 0],
              [-92.2335413298567, 48.08159476951422, 0],
              [-92.23355528967622, 48.0779722189037, 0],
              [-92.23358300899093, 48.07434797867217, 0],
              [-92.23361069776294, 48.07072376827448, 0],
              [-92.23363841707766, 48.06709952773655, 0],
              [-92.23366612651091, 48.06347531713749, 0],
              [-92.23487940730332, 48.06347408701972, 0],
              [-92.23533888748632, 48.0634736169454, 0],
              [-92.23905705846472, 48.06342662690383, 0],
              [-92.24033817912908, 48.06341042703333, 0],
              [-92.24444800030003, 48.06335849664046, 0],
              [-92.24579692041212, 48.06334660607401, 0],
              [-92.24576939962508, 48.05959869605557, 0],
              [-92.24574315893732, 48.05593959545286, 0],
              [-92.24569008826695, 48.05223954499078, 0],
              [-92.24563697807073, 48.04853950429119, 0],
              [-92.2455511072144, 48.04477946405748, 0],
              [-92.2454651968322, 48.04101941359509, 0],
              [-92.24537928645002, 48.03725937277969, 0],
              [-92.24529340571222, 48.03349932244721, 0],
              [-92.25074066742424, 48.03351841208363, 0],
              [-92.25618832888655, 48.03353751132425, 0],
              [-92.26163600023034, 48.03355660094651, 0],
              [-92.26708370211688, 48.03357566052681, 0],
              [-92.27255760336864, 48.03361440018774, 0],
              [-92.27803152528166, 48.03365310017351, 0],
              [-92.28350544719468, 48.03369179952951, 0],
              [-92.28897933856499, 48.0337305090683, 0],
              [-92.29446282034927, 48.03372804861274, 0],
              [-92.29994630213355, 48.0337256085808, 0],
              [-92.30538558321258, 48.03371539792887, 0],
              [-92.30998337463575, 48.03370622768288, 0],
              [-92.30988437400323, 48.03004854739055, 0],
              [-92.30978536348923, 48.0263908664143, 0],
              [-92.30968639250112, 48.02273315596607, 0],
              [-92.30958739186862, 48.0190754755773, 0],
              [-92.3149813134157, 48.01911998545317, 0],
              [-92.32037521519985, 48.01916446464634, 0],
              [-92.32145091541324, 48.01935759493117, 0],
              [-92.32208571619695, 48.0191689945819, 0],
              [-92.3223500158249, 48.01916906488331, 0],
              [-92.32278892638452, 48.01968583484044, 0],
              [-92.32355521627133, 48.01984792461028, 0],
              [-92.32454567714403, 48.01916884436515, 0],
              [-92.32603093726175, 48.01916220478581, 0],
              [-92.32678708696564, 48.01916777422124, 0],
              [-92.32720787760766, 48.01961027473097, 0],
              [-92.32810496758972, 48.02018597456274, 0],
              [-92.32888431808246, 48.02043534441421, 0],
              [-92.33063427847674, 48.01965069408266, 0],
              [-92.3314045092727, 48.01974312388602, 0],
              [-92.33251353877975, 48.01916423391346, 0],
              [-92.33683309051838, 48.01908025367909, 0],
              [-92.34199841148691, 48.01897959318504, 0],
              [-92.34739186321511, 48.0188602526367, 0],
              [-92.35278531494329, 48.01874087215457, 0],
              [-92.35817282701082, 48.0188241619402, 0],
              [-92.36356033818004, 48.01890742154779, 0],
              [-92.36894781970486, 48.01899068102093, 0],
              [-92.37433533177237, 48.0190739409605, 0],
              [-92.37432847133856, 48.01543674016527, 0],
              [-92.3743216100064, 48.01179953998738, 0],
              [-92.37431475945404, 48.00816233927588, 0],
              [-92.37430792956295, 48.00452513868251, 0],
              [-92.37424303886009, 48.00090904818006, 0],
              [-92.3741784176518, 47.99729305824714, 0],
              [-92.37411391771609, 47.99367710763622, 0],
              [-92.37404939711912, 47.99006115732704, 0],
              [-92.37405545625572, 47.98644986644143, 0],
              [-92.37406154593502, 47.98283858623052, 0],
              [-92.3740676050716, 47.97922729569961, 0],
              [-92.3740737046324, 47.97561601534299, 0],
              [-92.37402447336157, 47.97180131452385, 0],
              [-92.37397983338016, 47.96816897427705, 0],
              [-92.37389062258761, 47.9645225235197, 0],
              [-92.37380137137087, 47.96087610286455, 0],
              [-92.37381741079025, 47.95723126266245, 0],
              [-92.37383345020964, 47.95358642221315, 0],
              [-92.37384948962907, 47.94994158156761, 0],
              [-92.37386549940405, 47.94629674137853, 0],
              [-92.37386875849191, 47.94266193059718, 0],
              [-92.37387198793535, 47.93902711998135, 0],
              [-92.37387522726027, 47.93539230958174, 0],
              [-92.37387848724643, 47.93175749944884, 0],
              [-92.37388185682705, 47.92811070887195, 0],
              [-92.37388525605209, 47.92446395851224, 0],
              [-92.37388865527713, 47.9208171677596, 0],
              [-92.37389202485777, 47.91717041733182, 0],
              [-92.3684945432872, 47.91711619746066, 0],
              [-92.3630970410554, 47.91706200823758, 0],
              [-92.35769952984045, 47.91700782859062, 0],
              [-92.35230205815137, 47.91695360915115, 0],
              [-92.34954694763285, 47.916958438854, 0],
              [-92.34824659673322, 47.9179954894007, 0],
              [-92.34692696708925, 47.91813123955705, 0],
              [-92.34439520649646, 47.91839167992057, 0],
              [-92.34233311477863, 47.91696703984204, 0],
              [-92.34155550522091, 47.91696383990863, 0],
              [-92.33618999379301, 47.91699737026437, 0],
              [-92.33082448146679, 47.91703090059843, 0],
              [-92.32796670069781, 47.91703605058803, 0],
              [-92.32544807976268, 47.91704054072346, 0],
              [-92.32007165829567, 47.91705021155159, 0],
              [-92.31469525659156, 47.91705988177583, 0],
              [-92.30929185512329, 47.91708427226246, 0],
              [-92.30448718348683, 47.91706561274653, 0],
              [-92.29908679227306, 47.91704104283837, 0],
              [-92.29366864046781, 47.91698332307512, 0],
              [-92.29366124014652, 47.91332776283292, 0],
              [-92.29365383982521, 47.90967203224331, 0],
              [-92.2936464691483, 47.90603981161885, 0],
              [-92.29363908858993, 47.90240744147643, 0],
              [-92.28819762640137, 47.90231649195025, 0],
              [-92.28277233478626, 47.90221720199992, 0],
              [-92.27734707371386, 47.90211788234985, 0],
              [-92.27192178209874, 47.9020185926208, 0],
              [-92.26649649048363, 47.90191928342988, 0],
              [-92.26114853842458, 47.90185935346712, 0],
              [-92.25580054683967, 47.90179945414891, 0],
              [-92.25045395572828, 47.90173955415916, 0],
              [-92.24510762333168, 47.90167959508106, 0],
              [-92.23984668209104, 47.90161060540937, 0],
              [-92.23458576061336, 47.90154158553392, 0],
              [-92.22932481937272, 47.90147260591631, 0],
              [-92.22406389699674, 47.901403616571, 0],
              [-92.2186018355404, 47.90135484670041, 0],
              [-92.213139793847, 47.90130607738608, 0],
              [-92.20767915262714, 47.90125730742358, 0],
              [-92.20221848086454, 47.90120856812943, 0],
              [-92.19680636933128, 47.9013749482204, 0],
              [-92.1913942272553, 47.90154132898112, 0],
              [-92.18598208607762, 47.90170773931883, 0],
              [-92.18056995478142, 47.90187412985016, 0],
              [-92.17483387302744, 47.90158635999495, 0],
              [-92.1694657313324, 47.9012982500815, 0],
              [-92.16413645973967, 47.90081357038088, 0],
              [-92.15880716748572, 47.90032888072222, 0],
              [-92.15346502572993, 47.90020017116623, 0],
              [-92.14812291451686, 47.90007147152853, 0],
              [-92.14278077276107, 47.8999427619348, 0],
              [-92.13743863100527, 47.89981408273619, 0],
              [-92.13207319952744, 47.89988272308466, 0],
              [-92.12670778781252, 47.89995139345484, 0],
              [-92.12134235633467, 47.90002003362122, 0],
              [-92.11597692485681, 47.90008869417318, 0],
              [-92.11062678360344, 47.90022508452489, 0],
              [-92.10527665133318, 47.90036147511954, 0],
              [-92.09992651996126, 47.90049786535482, 0],
              [-92.09457637870787, 47.90063424559482, 0],
              [-92.08923276730827, 47.90083449598192, 0],
              [-92.08388915501037, 47.90103473656075, 0],
              [-92.07854552384784, 47.90123497696732, 0],
              [-92.07320191244824, 47.90143522743958, 0],
              [-92.06783510115811, 47.90167771791472, 0],
              [-92.06246829885114, 47.90192017834683, 0],
              [-92.05708240734438, 47.90206620859478, 0],
              [-92.05493044726721, 47.90212451892228, 0],
              [-92.05446019718228, 47.90244787916154, 0],
              [-92.05523644758895, 47.90318793916709, 0],
              [-92.05605922713409, 47.90287968906164, 0],
              [-92.05607247728453, 47.90360375897072, 0],
              [-92.05707662758384, 47.9039110990422, 0],
              [-92.05729820782847, 47.9039789288061, 0],
              [-92.05707614788349, 47.90406338903804, 0],
              [-92.05589359755864, 47.90451311904003, 0],
              [-92.05570419766245, 47.90464160890939, 0],
              [-92.05637256759003, 47.90494657919581, 0],
              [-92.05321471717681, 47.90538262936221, 0],
              [-92.05226035690043, 47.90560197969096, 0],
              [-92.05198017685491, 47.90578884953509, 0],
              [-92.05168729642786, 47.90598419987685, 0],
              [-92.05169225692487, 47.90942152011121, 0],
              [-92.05170358737554, 47.91304000065751, 0],
              [-92.05171491872454, 47.91665850092785, 0],
              [-92.05179234901047, 47.92023139145373, 0],
              [-92.0518697694149, 47.92380429228737, 0],
              [-92.05194718981936, 47.92737719254389, 0],
              [-92.05202461112212, 47.93095011324162, 0],
              [-92.04783139934335, 47.93099825333077, 0],
              [-92.0424127175321, 47.93108314375857, 0],
              [-92.0369608564458, 47.93126745383844, 0],
              [-92.0315089746983, 47.93145178432755, 0],
              [-92.03148434558814, 47.93512383530835, 0],
              [-92.03145968593527, 47.93879592583087, 0],
              [-92.03143503616388, 47.9424679758004, 0],
              [-92.03141037740933, 47.94614006640532, 0],
              [-92.0316685774765, 47.94951442667485, 0],
              [-92.03192674879759, 47.95288877721277, 0],
              [-92.03218493898328, 47.95626313783318, 0],
              [-92.03244310940606, 47.95963749826716, 0],
              [-92.02709527772126, 47.95989324862465, 0],
              [-92.02174744693477, 47.96014895921657, 0],
              [-92.01814564551489, 47.96019797926206, 0],
              [-92.01638320482635, 47.96018944922768, 0],
              [-92.01625351504877, 47.96018879954939, 0],
              [-92.01101900314212, 47.96025911995677, 0],
              [-92.01102583393154, 47.9625982900157, 0],
              [-92.01102927358077, 47.96386332020005, 0],
              [-92.0110303039484, 47.96424169039656, 0],
              [-92.01109244490819, 47.96746750114596, 0],
              [-92.01117008539987, 47.97107012129115, 0],
              [-92.01124015578866, 47.97449336179582, 0],
              [-92.01130344659201, 47.97825116248266, 0],
              [-92.01136673739535, 47.98200897288995, 0],
              [-92.01143342742373, 47.98572466353084, 0],
              [-92.01150013811335, 47.98944033380341, 0],
              [-92.0060589166733, 47.98937543399189, 0],
              [-92.00061718499016, 47.98931259446181, 0],
              [-91.99517110366445, 47.9893298547336, 0],
              [-91.98972447167142, 47.98935100545759, 0],
              [-91.98470239066822, 47.98972775563507, 0],
              [-91.98040390891457, 47.99005023641812, 0],
              [-91.97987737847878, 47.9898059363136, 0],
              [-91.97951524872312, 47.98963791615615, 0],
              [-91.97465828705228, 47.98979993684846, 0],
              [-91.96963621593055, 47.98996747671514, 0],
              [-91.96970797605039, 47.99361931771645, 0],
              [-91.96977972718707, 47.9972711581735, 0],
              [-91.9692073772819, 47.99726780812021, 0],
              [-91.96842026624341, 47.99726316805866, 0],
              [-91.96406256574961, 47.99723751817061, 0],
              [-91.96393468607735, 48.00081681903579, 0],
              [-91.95838374440851, 48.00077751916032, 0],
              [-91.95837028495059, 48.00430775978087, 0],
              [-91.95297708295405, 48.00422241021901, 0],
              [-91.94749786187917, 48.00426069050939, 0],
              [-91.94722797203521, 48.00795551119113, 0],
              [-91.94695808219126, 48.01165030156774, 0],
              [-91.94672408273784, 48.0153164221454, 0],
              [-91.94650880327663, 48.01897943275302, 0],
              [-91.9466345440602, 48.02256798281015, 0],
              [-91.94676027496232, 48.02615653359518, 0],
              [-91.94683715547929, 48.02974736428028, 0],
              [-91.94691755649384, 48.03333899421104, 0],
              [-91.95274925762159, 48.03336081409503, 0],
              [-91.95858099917355, 48.03338263336907, 0],
              [-91.9644127011996, 48.03340445323457, 0],
              [-91.97024441310714, 48.03342627249017, 0],
              [-91.97550560497774, 48.0333933823151, 0],
              [-91.98076679595, 48.03336049211907, 0],
              [-91.98602797793913, 48.03332763133637, 0],
              [-91.99128916980972, 48.03329474109836, 0],
              [-91.99648883067661, 48.03322699085422, 0],
              [-92.0016884026103, 48.03315921048579, 0],
              [-92.00688785416972, 48.03309141981624, 0],
              [-92.01208731561063, 48.03302358941095, 0],
              [-92.01210344575986, 48.03681009034515, 0],
              [-92.0121196172316, 48.04059656047711, 0],
              [-92.01213577702525, 48.044383030986, 0],
              [-92.0121519377172, 48.04816950181421, 0],
              [-92.01215245874008, 48.05199758226983, 0],
              [-92.0121529896444, 48.05582566278115, 0],
              [-92.01215318008724, 48.05954891303655, 0],
              [-92.01215361038027, 48.06473022368464, 0],
              [-92.0168538025593, 48.06475902357956, 0],
              [-92.01686684250396, 48.06657619394198, 0],
              [-92.0178418828965, 48.06508495360391, 0],
              [-92.01918477261809, 48.06499503346753, 0],
              [-92.02100316397578, 48.06533914355153, 0],
              [-92.02039568365478, 48.06557457326607, 0],
              [-92.02041927341415, 48.06664183344849, 0],
              [-92.01992855341885, 48.0677818135138, 0],
              [-92.01977579400646, 48.06813669348625, 0],
              [-92.02101309395293, 48.06996579391237, 0],
              [-92.01995521451815, 48.07040141374733, 0],
              [-92.0188462137572, 48.07140168414902, 0],
              [-92.01871563374918, 48.07151948401732, 0],
              [-92.01750484308673, 48.0715838542812, 0],
              [-92.01688571341313, 48.07236716463554, 0],
              [-92.01545745319682, 48.07394464491693, 0],
              [-92.015990153262, 48.07499758504394, 0],
              [-92.01655849398605, 48.07612090506031, 0],
              [-92.01434497326078, 48.07635220529451, 0],
              [-92.0123136434515, 48.07824755549634, 0],
              [-92.01242707282412, 48.07861980554761, 0],
              [-92.01690299430427, 48.07862726510537, 0],
              [-92.02219902643483, 48.07871224481047, 0],
              [-92.02749505766708, 48.07879721477247, 0],
              [-92.03279108889934, 48.0788822242054, 0],
              [-92.03808712102992, 48.07896719388666, 0],
              [-92.04345738274905, 48.07901478371282, 0],
              [-92.0488276345867, 48.07906240290319, 0],
              [-92.05421245619996, 48.07908616236781, 0],
              [-92.06129827822788, 48.07914047216069, 0],
              [-92.06135125727006, 48.07573730141507, 0],
              [-92.06135480741209, 48.0755094514244, 0],
              [-92.06140733639833, 48.07213527144825, 0],
              [-92.06141289696993, 48.07190375117291, 0],
              [-92.06138190599094, 48.06854844082418, 0],
              [-92.06138073638444, 48.06842137044006, 0],
              [-92.06134878600473, 48.06496160994038, 0],
              [-92.06563163707243, 48.06489139975116, 0],
              [-92.06697005767549, 48.06486122996787, 0],
              [-92.07045178847787, 48.06478277944345, 0],
              [-92.07259132934625, 48.06473451908619, 0],
              [-92.07624487013324, 48.06467985909956, 0],
              [-92.07792668073681, 48.0646444788706, 0],
              [-92.08110395182814, 48.06457764874911, 0],
              [-92.08326203212737, 48.06453220858739, 0],
              [-92.08681760354779, 48.06445873857305, 0],
              [-92.088765354103, 48.06441118811347, 0],
              [-92.09172620487271, 48.06433895762894, 0],
              [-92.09426870572307, 48.0642768680035, 0],
              [-92.09735982658202, 48.0642143376524, 0],
              [-92.09978666664456, 48.06415204736228, 0],
              [-92.10240450740115, 48.06408488701302, 0],
              [-92.10530463834586, 48.06401041678734, 0],
              [-92.10806347956776, 48.06400110665075, 0],
              [-92.1104015400291, 48.06397555659687, 0],
              [-92.1131622811878, 48.06394540608812, 0],
              [-92.11549842194937, 48.06391984580067, 0],
              [-92.11878043300959, 48.06390603606008, 0],
              [-92.12108796332767, 48.06389171542178, 0],
              [-92.12391311369225, 48.06387418533178, 0],
              [-92.12667748494303, 48.06385697522012, 0],
              [-92.12946507584728, 48.06385027475963, 0],
              [-92.13210694653772, 48.06382653467469, 0],
              [-92.13464237764676, 48.06380379475605, 0],
              [-92.13753640813238, 48.06377777453267, 0],
              [-92.14014807925957, 48.0637720640338, 0],
              [-92.14306242963693, 48.06375847398054, 0],
              [-92.14538752022219, 48.06374766413133, 0],
              [-92.14858844126002, 48.06373270347876, 0],
              [-92.15085798182474, 48.06372999351098, 0],
              [-92.15406118278676, 48.06370602343743, 0],
              [-92.1561390435311, 48.06369051285418, 0],
              [-92.15953392431351, 48.06366509292163, 0],
              [-92.16156812513842, 48.06366312257917, 0],
              [-92.16490438635694, 48.06365895256101, 0],
              [-92.16689735720526, 48.06365649233418, 0],
              [-92.17027484840037, 48.06365224186884, 0],
              [-92.17027032897619, 48.0672962326949, 0]
            ]
          ],
          [
            [
              [-92.08596749096348, 48.35394267690097, 0],
              [-92.09089630258569, 48.35447299630796, 0],
              [-92.09193029312213, 48.35451246653756, 0],
              [-92.09230696300897, 48.35452684642048, 0],
              [-92.09279610286768, 48.3545455064153, 0],
              [-92.10162370612923, 48.35478979597303, 0],
              [-92.10874987778477, 48.35495012498387, 0],
              [-92.12514622299796, 48.35549588382217, 0],
              [-92.14385428917, 48.35597683282882, 0],
              [-92.14480025109678, 48.36568524403238, 0],
              [-92.14492233034727, 48.36568143395077, 0],
              [-92.16193667515338, 48.36332804234249, 0],
              [-92.1774480091318, 48.35714085056655, 0],
              [-92.17915709887559, 48.35485588012292, 0],
              [-92.17856201889877, 48.35175451931602, 0],
              [-92.19286781196926, 48.34868772804605, 0],
              [-92.19458450235868, 48.34871064809866, 0],
              [-92.19513382305324, 48.35040819826632, 0],
              [-92.20393852646156, 48.35178925759958, 0],
              [-92.20734905679453, 48.34817678688312, 0],
              [-92.20773054614286, 48.3478143971672, 0],
              [-92.20677683624675, 48.34734517682813, 0],
              [-92.20651743603037, 48.34712010714805, 0],
              [-92.20676159632795, 48.34562093669862, 0],
              [-92.21697019854038, 48.34496496597864, 0],
              [-92.21974294029299, 48.3480672761377, 0],
              [-92.22115125072347, 48.3486424061206, 0],
              [-92.22165481123744, 48.34884077596327, 0],
              [-92.22173111054441, 48.34885222610573, 0],
              [-92.2235851317812, 48.34915742617012, 0],
              [-92.25015182984033, 48.35304502438022, 0],
              [-92.25534007222166, 48.35384618442813, 0],
              [-92.2625807143972, 48.35490295392426, 0],
              [-92.26853197589939, 48.35215263271493, 0],
              [-92.27289622690824, 48.35016142209465, 0],
              [-92.28088465816734, 48.34647653121831, 0],
              [-92.2816247486889, 48.34615229142113, 0],
              [-92.28883493977295, 48.34277637033146, 0],
              [-92.28895701992177, 48.34258182989252, 0],
              [-92.28968187950765, 48.34041126983529, 0],
              [-92.29089505968875, 48.33706960932414, 0],
              [-92.29494663858826, 48.32541573766282, 0],
              [-92.29547311871839, 48.32382119715297, 0],
              [-92.2984868901398, 48.32350843692935, 0],
              [-92.30451444106748, 48.32279134647212, 0],
              [-92.30452970164754, 48.32258535616008, 0],
              [-92.30617783081783, 48.31628729532817, 0],
              [-92.3008294080416, 48.31160658524905, 0],
              [-92.29462646554627, 48.30624685484318, 0],
              [-92.29988359523513, 48.29246439254975, 0],
              [-92.30149354510755, 48.28844371232196, 0],
              [-92.3013638445502, 48.28816905181231, 0],
              [-92.29833488261733, 48.2827330614326, 0],
              [-92.29575607096488, 48.27822787094889, 0],
              [-92.29557297095378, 48.27749163110799, 0],
              [-92.29524489094067, 48.27720552080188, 0],
              [-92.29536697108946, 48.27706438117342, 0],
              [-92.29545090068646, 48.27691560114388, 0],
              [-92.29541275103297, 48.2767744607145, 0],
              [-92.29538224065269, 48.27637010115301, 0],
              [-92.29523727053213, 48.27628618082584, 0],
              [-92.29385631020877, 48.27391341040634, 0],
              [-92.29462695961966, 48.27123169019595, 0],
              [-92.29152930800859, 48.26694392021453, 0],
              [-92.2904382672651, 48.26533410965373, 0],
              [-92.29021700771904, 48.26507469993921, 0],
              [-92.289522697141, 48.26468941009787, 0],
              [-92.28762288607923, 48.26370519993605, 0],
              [-92.27488880159952, 48.25719716994961, 0],
              [-92.27364514068252, 48.2565295797397, 0],
              [-92.27248543990522, 48.25406526964152, 0],
              [-92.27130791924765, 48.2516616992058, 0],
              [-92.2709137393993, 48.2508570895855, 0],
              [-92.2704025485953, 48.2499110391319, 0],
              [-92.2696318982861, 48.24818681907624, 0],
              [-92.28041275069072, 48.24435705798983, 0],
              [-92.28624193294242, 48.24371626723795, 0],
              [-92.29956358658484, 48.24220200611919, 0],
              [-92.31216804955895, 48.24080600523757, 0],
              [-92.31407550079221, 48.24058477486648, 0],
              [-92.31493004027422, 48.24046271446443, 0],
              [-92.31584561129664, 48.24008126440781, 0],
              [-92.31744023141871, 48.23936794435568, 0],
              [-92.31866100146566, 48.23881865419597, 0],
              [-92.32008013210373, 48.23815111421791, 0],
              [-92.32117145222327, 48.23766657394685, 0],
              [-92.32292174229927, 48.2375246735543, 0],
              [-92.3248444729772, 48.23750563329017, 0],
              [-92.32501996335952, 48.2373301637263, 0],
              [-92.3255148129102, 48.23707928340406, 0],
              [-92.32622912357972, 48.23718678334983, 0],
              [-92.32643149335199, 48.23725389344313, 0],
              [-92.32665182404004, 48.23705622343993, 0],
              [-92.32698847398098, 48.2367541830807, 0],
              [-92.32758360336513, 48.23627736302329, 0],
              [-92.32804902410709, 48.23618582290511, 0],
              [-92.3286594140713, 48.23543817312601, 0],
              [-92.3292698040355, 48.23537714280499, 0],
              [-92.32959789393007, 48.23530086302858, 0],
              [-92.33020828479259, 48.23514447312561, 0],
              [-92.3309331147341, 48.23471343283966, 0],
              [-92.3315053550448, 48.23432053287507, 0],
              [-92.3327414045364, 48.23422137278009, 0],
              [-92.33310763510133, 48.23426715239561, 0],
              [-92.33339757534243, 48.23434345226217, 0],
              [-92.33371040555528, 48.23447697256634, 0],
              [-92.33379433515228, 48.23453419245543, 0],
              [-92.33386300506756, 48.23500339265353, 0],
              [-92.33416057559867, 48.23522464237453, 0],
              [-92.33451154558355, 48.23544208269242, 0],
              [-92.33525927627659, 48.23582737276651, 0],
              [-92.33554158622768, 48.23599522229775, 0],
              [-92.33564077640472, 48.23607914236938, 0],
              [-92.3357628565535, 48.23608296273501, 0],
              [-92.33593834603752, 48.23606007224887, 0],
              [-92.33607568586807, 48.23598378272052, 0],
              [-92.33651058634823, 48.23541541219168, 0],
              [-92.33743379664384, 48.23537728221882, 0],
              [-92.33786107671546, 48.23541162229169, 0],
              [-92.33813574649504, 48.2354040024019, 0],
              [-92.3398753672804, 48.23437789175735, 0],
              [-92.34084847719339, 48.23374928190555, 0],
              [-92.34090951771697, 48.23363484210292, 0],
              [-92.34160362707237, 48.23297065178323, 0],
              [-92.34170280736795, 48.23253196149769, 0],
              [-92.34178673696495, 48.23239082176326, 0],
              [-92.34193932749405, 48.23229928187217, 0],
              [-92.34224452741688, 48.23223062146092, 0],
              [-92.34330508742445, 48.23240991180111, 0],
              [-92.34376288775786, 48.23251673163008, 0],
              [-92.34403756831725, 48.23256250140163, 0],
              [-92.34432749777855, 48.23258158120302, 0],
              [-92.3473565693059, 48.23201704142046, 0],
              [-92.3482187489594, 48.23198272120951, 0],
              [-92.3487375790366, 48.23192169095551, 0],
              [-92.34953871996315, 48.2317958209131, 0],
              [-92.3497676196807, 48.23171953101045, 0],
              [-92.35170561004037, 48.23114354045945, 0],
              [-92.35202605976346, 48.23102910081301, 0],
              [-92.35324684059017, 48.230754460774, 0],
              [-92.35381908090089, 48.23058662037995, 0],
              [-92.35404797073699, 48.2300411303606, 0],
              [-92.35429975054481, 48.22966730054033, 0],
              [-92.35463545096648, 48.22925533046223, 0],
              [-92.35481094045049, 48.22907986013083, 0],
              [-92.35520769037888, 48.2288662400109, 0],
              [-92.35584860060486, 48.22859160033261, 0],
              [-92.35689388116778, 48.2279507497347, 0],
              [-92.35732878164796, 48.22772569006086, 0],
              [-92.3580459911809, 48.22740908973485, 0],
              [-92.35897683176651, 48.22694370976809, 0],
              [-92.36027390201873, 48.2262265793428, 0],
              [-92.36054095228809, 48.22607398940141, 0],
              [-92.36060962220336, 48.22601295928193, 0],
              [-92.36132681197337, 48.22525385892301, 0],
              [-92.36169303175849, 48.22445278915821, 0],
              [-92.36184562228762, 48.22397214930088, 0],
              [-92.36194481156635, 48.22374327897327, 0],
              [-92.36234155161326, 48.22338470875432, 0],
              [-92.36257045222912, 48.22322830876533, 0],
              [-92.36316558251157, 48.22325882908526, 0],
              [-92.36377598235724, 48.22332749854158, 0],
              [-92.36401251236482, 48.22337708886899, 0],
              [-92.3644169024647, 48.22356019861218, 0],
              [-92.365370652785, 48.2240446588144, 0],
              [-92.36655329383969, 48.22438416849077, 0],
              [-92.36794194374187, 48.22455202862844, 0],
              [-92.36837685410352, 48.22455584865777, 0],
              [-92.3689796137777, 48.22422397843316, 0],
              [-92.36799534409393, 48.22365177867351, 0],
              [-92.36734678381498, 48.22301854840303, 0],
              [-92.36717129343268, 48.22279348858596, 0],
              [-92.36734501323556, 48.2225588183832, 0],
              [-92.36760618313306, 48.2222060381033, 0],
              [-92.36826392329588, 48.22171796828769, 0],
              [-92.3702305043361, 48.22168564794967, 0],
              [-92.37030718452876, 48.22231286786024, 0],
              [-92.37049702459943, 48.22254970812818, 0],
              [-92.37091758437442, 48.22287362810935, 0],
              [-92.37110834431994, 48.22331230842698, 0],
              [-92.37107020454793, 48.22367087855469, 0],
              [-92.37111599437291, 48.22432317824944, 0],
              [-92.37174928508865, 48.22455206812741, 0],
              [-92.37224522519406, 48.22431937855077, 0],
              [-92.3729527949057, 48.22404489820448, 0],
              [-92.37350408560567, 48.22496459852548, 0],
              [-92.3743815357207, 48.22557875822309, 0],
              [-92.3751597866755, 48.22594115813299, 0],
              [-92.37560994683743, 48.22656294826565, 0],
              [-92.37563284669065, 48.2266544984182, 0],
              [-92.37564047608237, 48.22673078809212, 0],
              [-92.37550314703164, 48.22745556843322, 0],
              [-92.37580071666443, 48.22819941874884, 0],
              [-92.37593042710324, 48.2283253084091, 0],
              [-92.37625088670782, 48.22855418876748, 0],
              [-92.37741062790928, 48.22928660837085, 0],
              [-92.37806680769846, 48.22995416886039, 0],
              [-92.37839489759305, 48.23037377848719, 0],
              [-92.37856275768536, 48.23097267885246, 0],
              [-92.37857039785685, 48.2312320689202, 0],
              [-92.37852461791333, 48.23169363886434, 0],
              [-92.37844069819782, 48.23206365894711, 0],
              [-92.37815840800968, 48.23298678924399, 0],
              [-92.37820418795317, 48.23312792912969, 0],
              [-92.37920370923383, 48.23429902918639, 0],
              [-92.37920371911531, 48.23437531883341, 0],
              [-92.37857807845253, 48.23523359899237, 0],
              [-92.37859333903258, 48.23524504950755, 0],
              [-92.37872304857308, 48.23553114940333, 0],
              [-92.37897483916069, 48.23584775931566, 0],
              [-92.37944788929437, 48.23603086931795, 0],
              [-92.38064577925103, 48.23644667938056, 0],
              [-92.38171397044694, 48.23767117918432, 0],
              [-92.38333915125499, 48.23927333930645, 0],
              [-92.38403348159598, 48.24032998934604, 0],
              [-92.38440735143406, 48.24133323966699, 0],
              [-92.38443025128728, 48.24168418962046, 0],
              [-92.38440737209532, 48.24248143959183, 0],
              [-92.38430056150972, 48.24299640990508, 0],
              [-92.38383516232733, 48.24460235997684, 0],
              [-92.38460577221235, 48.24489609003325, 0],
              [-92.38488808216343, 48.24483125008615, 0],
              [-92.38668108263958, 48.24410267951639, 0],
              [-92.38723806326858, 48.24433918982366, 0],
              [-92.3881536639354, 48.24645630989973, 0],
              [-92.38784085348547, 48.24700943032023, 0],
              [-92.38636067334068, 48.24752057023073, 0],
              [-92.38687952407912, 48.24922571044886, 0],
              [-92.38470501269504, 48.24917991072036, 0],
              [-92.3851399230567, 48.24991232041787, 0],
              [-92.38539933315455, 48.25035483051874, 0],
              [-92.38594866373057, 48.25131995095895, 0],
              [-92.38673452431416, 48.25175865061986, 0],
              [-92.38876406467938, 48.25119029085948, 0],
              [-92.38980936500522, 48.25074779038074, 0],
              [-92.39070968532907, 48.2507134701729, 0],
              [-92.39236534597471, 48.25117125029828, 0],
              [-92.39271630607813, 48.25182357031085, 0],
              [-92.392197456238, 48.25303283058743, 0],
              [-92.39016029546424, 48.2527619609003, 0],
              [-92.38925232508744, 48.25368893094989, 0],
              [-92.39218974689624, 48.25676362107085, 0],
              [-92.39346390741377, 48.25758380094758, 0],
              [-92.39273141663952, 48.2589723411415, 0],
              [-92.39319681761854, 48.26002521121053, 0],
              [-92.40181827189542, 48.27137408243892, 0],
              [-92.41565823998205, 48.29512084450558, 0],
              [-92.42047256221962, 48.29896231430169, 0],
              [-92.42565306471644, 48.30458527490248, 0],
              [-92.42903303616008, 48.30593954497552, 0],
              [-92.43187133696209, 48.30520715469228, 0],
              [-92.43673143824485, 48.30891130456777, 0],
              [-92.43865408987104, 48.31119252453421, 0],
              [-92.4403783404819, 48.3148699353291, 0],
              [-92.44059959104479, 48.31534677521616, 0],
              [-92.44152278157746, 48.31604869544186, 0],
              [-92.44424550244008, 48.31905179544604, 0],
              [-92.44658572334967, 48.31905281514562, 0],
              [-92.4503030247589, 48.31905417474496, 0],
              [-92.45556043562046, 48.31911693431408, 0],
              [-92.4554977251288, 48.31552410380176, 0],
              [-92.45553147483403, 48.31191844341195, 0],
              [-92.45033095338108, 48.31185577416387, 0],
              [-92.45040324260863, 48.30826214371969, 0],
              [-92.445015901221, 48.30827362388879, 0],
              [-92.43962855983338, 48.30828511421258, 0],
              [-92.43990793858167, 48.30452604382018, 0],
              [-92.43497903712796, 48.30446287432041, 0],
              [-92.4350086563795, 48.30088385390497, 0],
              [-92.43505521606068, 48.29730405304956, 0],
              [-92.43510174519912, 48.29372429282401, 0],
              [-92.4351046350794, 48.29013385230495, 0],
              [-92.43510752406135, 48.28654342173649, 0],
              [-92.43511041394163, 48.28295298144338, 0],
              [-92.43511327327917, 48.2793625207123, 0],
              [-92.43508111269368, 48.27571764054949, 0],
              [-92.43504894222673, 48.27207274010859, 0],
              [-92.43501678164125, 48.26842785950016, 0],
              [-92.43498461027596, 48.26478294914642, 0],
              [-92.43503125978869, 48.26117017832683, 0],
              [-92.43507786977551, 48.25755738780283, 0],
              [-92.43512448874549, 48.25394458719074, 0],
              [-92.43517110861379, 48.25033179687657, 0],
              [-92.43498068733312, 48.24673269677866, 0],
              [-92.43479029659518, 48.24313358627924, 0],
              [-92.43528838636908, 48.23952869547753, 0],
              [-92.43578644649858, 48.23592384501412, 0],
              [-92.43560154536533, 48.23195248433962, 0],
              [-92.435447124968, 48.22834140424827, 0],
              [-92.43515477364866, 48.22473906370356, 0],
              [-92.43486240346472, 48.22113672337467, 0],
              [-92.42944318176598, 48.22112183366015, 0],
              [-92.4240239403043, 48.22110693376663, 0],
              [-92.41860469884261, 48.22109203446731, 0],
              [-92.41318548702533, 48.22107716449064, 0],
              [-92.41302524644327, 48.2174745742315, 0],
              [-92.4128650058612, 48.21387198365515, 0],
              [-92.41270474461788, 48.21026940358688, 0],
              [-92.41254450403582, 48.20666681312504, 0],
              [-92.40713108275887, 48.20668155318331, 0],
              [-92.40171767136339, 48.20669626390215, 0],
              [-92.39630421954372, 48.20671097401801, 0],
              [-92.39089079736844, 48.20672568472835, 0],
              [-92.38546315576053, 48.20676303501856, 0],
              [-92.3800354943897, 48.20680038528151, 0],
              [-92.37460784290032, 48.20683770558342, 0],
              [-92.36918020129244, 48.20687505639059, 0],
              [-92.36373097945645, 48.20687076687727, 0],
              [-92.35828174773901, 48.2068664767649, 0],
              [-92.35283252680136, 48.20686215731709, 0],
              [-92.34738329508392, 48.20685786780262, 0],
              [-92.34731492430764, 48.20322763760424, 0],
              [-92.34724655353138, 48.19959740697529, 0],
              [-92.3471781827551, 48.19596717656558, 0],
              [-92.34710981197881, 48.1923369458274, 0],
              [-92.3470649716731, 48.18871140530445, 0],
              [-92.34702013136739, 48.18508586521899, 0],
              [-92.34697529016334, 48.18146033460651, 0],
              [-92.34693043997616, 48.17783479375218, 0],
              [-92.34688340957777, 48.17420984355963, 0],
              [-92.3468363387552, 48.17058491326252, 0],
              [-92.34678930745851, 48.16695996277323, 0],
              [-92.34674226717864, 48.16333503228368, 0],
              [-92.3413158454829, 48.16334191272139, 0],
              [-92.33588943366863, 48.16334880274511, 0],
              [-92.33046301287119, 48.16335567359403, 0],
              [-92.32503656063273, 48.16336254384284, 0],
              [-92.32503624083249, 48.1640137039568, 0],
              [-92.32013793959058, 48.16402197439344, 0],
              [-92.31469165794054, 48.16403214481768, 0],
              [-92.30924537629049, 48.1640423547856, 0],
              [-92.30376170496169, 48.16406266566521, 0],
              [-92.29827806327728, 48.16408295556564, 0],
              [-92.29294298138132, 48.16398304646778, 0],
              [-92.28760793002806, 48.16388314676217, 0],
              [-92.28227286789503, 48.16378324686195, 0],
              [-92.27693781654176, 48.16368330722129, 0],
              [-92.27157951499234, 48.16370687778441, 0],
              [-92.26622123320584, 48.16373041837777, 0],
              [-92.2608629316564, 48.16375395836111, 0],
              [-92.25550463010697, 48.16377751870574, 0],
              [-92.25013948878495, 48.16378974915736, 0],
              [-92.24477460707607, 48.16380197960601, 0],
              [-92.23940970560425, 48.16381423042388, 0],
              [-92.23404479335264, 48.16382645068066, 0],
              [-92.2340059232503, 48.16020257027945, 0],
              [-92.2286109318097, 48.16022420036662, 0],
              [-92.22321597001351, 48.16024559075636, 0],
              [-92.21782239791109, 48.1602629214177, 0],
              [-92.21780845785449, 48.15664665099739, 0],
              [-92.21778934709515, 48.15302716030904, 0],
              [-92.21727337635551, 48.14970931967216, 0],
              [-92.21725577566416, 48.14800121994843, 0],
              [-92.21184940436555, 48.14803631988046, 0],
              [-92.20974124344669, 48.14804059034458, 0],
              [-92.20495725192637, 48.14805012082047, 0],
              [-92.20107030098079, 48.14805772074591, 0],
              [-92.20107756116491, 48.14870117082446, 0],
              [-92.20108972165892, 48.14976412124915, 0],
              [-92.20163576260437, 48.15308327141899, 0],
              [-92.20165033237996, 48.15670948187069, 0],
              [-92.20166487340947, 48.16033139251321, 0],
              [-92.20167943420189, 48.16395333326416, 0],
              [-92.19630291212357, 48.1639843532731, 0],
              [-92.19092639094353, 48.16401538404851, 0],
              [-92.18398557856204, 48.16432857459022, 0],
              [-92.17857828738858, 48.16433088500172, 0],
              [-92.1731720059215, 48.16434927541803, 0],
              [-92.16776573433589, 48.16436765564188, 0],
              [-92.16235913217027, 48.16442557583269, 0],
              [-92.15695255066588, 48.16448348637137, 0],
              [-92.15154593951709, 48.16454140703057, 0],
              [-92.14613933735146, 48.16459931743847, 0],
              [-92.14607511679179, 48.16099179680194, 0],
              [-92.14601090611362, 48.15738429631145, 0],
              [-92.14594668555395, 48.15377680583332, 0],
              [-92.14588244523135, 48.15016927507504, 0],
              [-92.14280887385976, 48.15020966567936, 0],
              [-92.14048393329317, 48.15024016598251, 0],
              [-92.13757098249103, 48.15027839592037, 0],
              [-92.13508540159204, 48.1502843563287, 0],
              [-92.1320488704546, 48.15032394612858, 0],
              [-92.12968681060212, 48.15035468669775, 0],
              [-92.12682777937827, 48.1503919468248, 0],
              [-92.12666987890752, 48.14732749642906, 0],
              [-92.1266768183931, 48.14377149581686, 0],
              [-92.12669263772526, 48.1402153855115, 0],
              [-92.12670846693888, 48.13665928483776, 0],
              [-92.12126081535801, 48.13665733527588, 0],
              [-92.1158131835401, 48.13665538571393, 0],
              [-92.11036569185936, 48.13666018588067, 0],
              [-92.10491822083986, 48.13666498664642, 0],
              [-92.10507827008078, 48.13305835619352, 0],
              [-92.10523830944022, 48.12945169544525, 0],
              [-92.10625699897243, 48.1257398551309, 0],
              [-92.10591430875952, 48.12395012453285, 0],
              [-92.10006457664738, 48.12407075550461, 0],
              [-92.09463987522541, 48.12418234539246, 0],
              [-92.0947107451148, 48.1223678652032, 0],
              [-92.08928032322109, 48.12247157563562, 0],
              [-92.08384993187012, 48.12257529605292, 0],
              [-92.07841897997038, 48.12269720692806, 0],
              [-92.0783514895431, 48.11905234615512, 0],
              [-92.07828398923432, 48.11540734552005, 0],
              [-92.07285712736409, 48.11550572629294, 0],
              [-92.07279155663656, 48.11184111535002, 0],
              [-92.07272600567195, 48.10817650517671, 0],
              [-92.06730313411822, 48.10824369555207, 0],
              [-92.06188025268301, 48.10831088583961, 0],
              [-92.06188567311743, 48.10808116590457, 0],
              [-92.0545682204935, 48.10803132661545, 0],
              [-92.04917037869852, 48.10800940700616, 0],
              [-92.04377708776876, 48.10797509727746, 0],
              [-92.03838379594069, 48.10794081751742, 0],
              [-92.03300928429195, 48.10788508834047, 0],
              [-92.02763474210052, 48.10782938849485, 0],
              [-92.02226023135007, 48.10777368858892, 0],
              [-92.01688571970135, 48.1077179694279, 0],
              [-92.01148545784498, 48.10769148974384, 0],
              [-92.00608519598863, 48.10766499025166, 0],
              [-92.00068490448787, 48.10763851054028, 0],
              [-91.99528451237579, 48.10761197083181, 0],
              [-91.98989921106218, 48.10766111112024, 0],
              [-91.98451391963003, 48.1077102513617, 0],
              [-91.97912859765516, 48.10775940175333, 0],
              [-91.97374329634155, 48.10780854250066, 0],
              [-91.96834830490097, 48.10789691283065, 0],
              [-91.96295331346037, 48.1079852830087, 0],
              [-91.9629796628443, 48.10434812283642, 0],
              [-91.9630060122282, 48.10071095244263, 0],
              [-91.95761290994466, 48.1008060024293, 0],
              [-91.9522197887965, 48.10090081287462, 0],
              [-91.95224799859137, 48.09727021286023, 0],
              [-91.95227623803063, 48.0936396120496, 0],
              [-91.94688072556718, 48.09373169252347, 0],
              [-91.9414852041206, 48.09382377283244, 0],
              [-91.93608966291104, 48.09391585357653, 0],
              [-91.9305166110081, 48.09399121351703, 0],
              [-91.93058166071278, 48.09037441302576, 0],
              [-91.93064674006185, 48.08675764258339, 0],
              [-91.93070373906494, 48.08313628251547, 0],
              [-91.93076072908488, 48.07951495195937, 0],
              [-91.92407439684696, 48.07939116214703, 0],
              [-91.91866319530709, 48.07930438246625, 0],
              [-91.91879597439092, 48.07569435236501, 0],
              [-91.91892872383033, 48.07208433186686, 0],
              [-91.91905988325172, 48.06851708100555, 0],
              [-91.91919105255454, 48.06494983080587, 0],
              [-91.92028576291597, 48.06495345081434, 0],
              [-91.92182738333463, 48.06497836042814, 0],
              [-91.92124267261113, 48.05947208989718, 0],
              [-91.92102453201574, 48.05569912960469, 0],
              [-91.92080429115921, 48.05204190879019, 0],
              [-91.9205832103779, 48.04838457835073, 0],
              [-91.92053913004692, 48.04462996797157, 0],
              [-91.92049408941688, 48.04095987727956, 0],
              [-91.9204492688741, 48.03732986692072, 0],
              [-91.92104117869626, 48.03359779627806, 0],
              [-91.92111794782214, 48.02997557604464, 0],
              [-91.9183614368301, 48.0300825961244, 0],
              [-91.9130495754859, 48.03029517642657, 0],
              [-91.90754556360412, 48.03051517672715, 0],
              [-91.90242335188776, 48.03057059746968, 0],
              [-91.89711119050627, 48.03062781794964, 0],
              [-91.8971603813529, 48.03423537812238, 0],
              [-91.89715036154423, 48.03785632888265, 0],
              [-91.8971403327524, 48.04147725941245, 0],
              [-91.89422058170355, 48.0415274695178, 0],
              [-91.89176427061149, 48.04156967950632, 0],
              [-91.88638818960594, 48.0416618201532, 0],
              [-91.88104373738324, 48.04179121065756, 0],
              [-91.88099764841927, 48.04547405087094, 0],
              [-91.88095167893124, 48.04914904143867, 0],
              [-91.88113392913608, 48.05271605174713, 0],
              [-91.88131590984634, 48.05627682265082, 0],
              [-91.88139909024838, 48.05809025287329, 0],
              [-91.87802116965855, 48.05817241273684, 0],
              [-91.87653123919968, 48.0590747630465, 0],
              [-91.87593142869457, 48.05939992332902, 0],
              [-91.87590386927998, 48.05941486302616, 0],
              [-91.87559945897628, 48.05961355344083, 0],
              [-91.87550040893642, 48.05967820337025, 0],
              [-91.87523435849198, 48.05988285346267, 0],
              [-91.87514950902013, 48.05996811328735, 0],
              [-91.87493616902162, 48.06025173310942, 0],
              [-91.87473093901352, 48.06053475338591, 0],
              [-91.87450945848188, 48.06090989332957, 0],
              [-91.87431792868016, 48.06133660339938, 0],
              [-91.87398211866402, 48.06177856353742, 0],
              [-91.8736160884234, 48.06213483392469, 0],
              [-91.873189809075, 48.0623595936306, 0],
              [-91.87302480832024, 48.0624135536568, 0],
              [-91.87243090872973, 48.06254752381556, 0],
              [-91.87200092832235, 48.062631223694, 0],
              [-91.87169128802707, 48.06273878410572, 0],
              [-91.8716717784157, 48.06274555375214, 0],
              [-91.87116034865986, 48.06301473412886, 0],
              [-91.87071050829817, 48.06336059426913, 0],
              [-91.87040437772069, 48.06362800400362, 0],
              [-91.87015423823657, 48.06395265405063, 0],
              [-91.86999385841564, 48.06417073421709, 0],
              [-91.86998865806846, 48.06421446432449, 0],
              [-91.86491724697974, 48.06419321462591, 0],
              [-91.86456370601653, 48.06419103478432, 0],
              [-91.85918578526129, 48.06413652490656, 0],
              [-91.8540480434703, 48.06408445536624, 0],
              [-91.85380786360771, 48.06408484558929, 0],
              [-91.84842408134527, 48.06407315570529, 0],
              [-91.84324272005901, 48.06406192628209, 0],
              [-91.84304032962551, 48.06406194609345, 0],
              [-91.83766167853994, 48.06404051682915, 0],
              [-91.83238287699483, 48.06401945676743, 0],
              [-91.83228303643752, 48.06401900710982, 0],
              [-91.82690225544641, 48.06397151747911, 0],
              [-91.82698766456869, 48.06011443682196, 0],
              [-91.82702081419932, 48.056486046544, 0],
              [-91.82707008319939, 48.0528722658844, 0],
              [-91.82711934231799, 48.04925837571903, 0],
              [-91.82710946174817, 48.04563904491908, 0],
              [-91.82709958117836, 48.04201956427883, 0],
              [-91.82708818065909, 48.03839598399043, 0],
              [-91.82707671995269, 48.03475870369051, 0],
              [-91.83252794233681, 48.03476536288564, 0],
              [-91.8325130312014, 48.03115398254855, 0],
              [-91.82707772965908, 48.03115778274846, 0],
              [-91.82162014810108, 48.03116135347042, 0],
              [-91.81639048619863, 48.03119550359255, 0],
              [-91.81101712529177, 48.03123033431496, 0],
              [-91.8056423234872, 48.03126491451108, 0],
              [-91.80564244296313, 48.0276702941842, 0],
              [-91.80564246272607, 48.02722501399458, 0],
              [-91.80564396201427, 48.02565928392868, 0],
              [-91.80564401231995, 48.0240302836799, 0],
              [-91.80564414167733, 48.02041291339833, 0],
              [-91.80027077987216, 48.02044790342351, 0],
              [-91.79474648852285, 48.02001641359875, 0],
              [-91.78937837647217, 48.01959635396459, 0],
              [-91.78399489514534, 48.01920173460555, 0],
              [-91.77861141292017, 48.01880713505901, 0],
              [-91.77320029133035, 48.01851632525045, 0],
              [-91.76778918950345, 48.01822550538921, 0],
              [-91.76237806791364, 48.01793471573421, 0],
              [-91.75696697686654, 48.01764389619755, 0],
              [-91.75690693616788, 48.01398575556446, 0],
              [-91.7568469053507, 48.01032764505864, 0],
              [-91.75678687453353, 48.0066695346876, 0],
              [-91.75672684371635, 48.00301142450306, 0],
              [-91.75665460299783, 47.9993556041382, 0],
              [-91.75658244312767, 47.995700003203, 0],
              [-91.75651031200363, 47.99204441318527, 0],
              [-91.75643815123517, 47.98838881249483, 0],
              [-91.75622610121741, 47.98473673182709, 0],
              [-91.75601404041987, 47.98108466152961, 0],
              [-91.75580198950378, 47.97743261127763, 0],
              [-91.7555899089433, 47.97378053060958, 0],
              [-91.75093869740515, 47.97345767092953, 0],
              [-91.75074852675445, 47.96986107056973, 0],
              [-91.75038051662695, 47.96634805979328, 0],
              [-91.75001249571966, 47.96283508916894, 0],
              [-91.74951324442411, 47.95929339916821, 0],
              [-91.74901397426392, 47.95575173888273, 0],
              [-91.74361543268134, 47.95580341918673, 0],
              [-91.73821685067456, 47.95585485939883, 0],
              [-91.73278158955641, 47.95590637957303, 0],
              [-91.72734632753995, 47.95595766025777, 0],
              [-91.72531577657004, 47.95593139064447, 0],
              [-91.72102987572195, 47.95587582049601, 0],
              [-91.7205373555028, 47.9558694308576, 0],
              [-91.71213722275574, 47.95576003141403, 0],
              [-91.70692414105851, 47.95580189171149, 0],
              [-91.70151993020816, 47.95569733204756, 0],
              [-91.69611573822243, 47.95559250265185, 0],
              [-91.69087038634525, 47.95549051263647, 0],
              [-91.6856250946552, 47.95538829320642, 0],
              [-91.68011912354777, 47.95533810327794, 0],
              [-91.67461320184769, 47.95528762392579, 0],
              [-91.6691072496049, 47.95523690448128, 0],
              [-91.66360132790483, 47.95518593471634, 0],
              [-91.65845981678291, 47.95541189495744, 0],
              [-91.65340780571105, 47.95544472538361, 0],
              [-91.64863211372567, 47.95547555604121, 0],
              [-91.64385642263858, 47.95550619597047, 0],
              [-91.64345210260728, 47.95894468675543, 0],
              [-91.64304777359287, 47.9623831875129, 0],
              [-91.64242604419482, 47.9663185179846, 0],
              [-91.63761483192478, 47.96637850801832, 0],
              [-91.63217880095044, 47.96644434858948, 0],
              [-91.62682794912965, 47.96651331918046, 0],
              [-91.62674180877875, 47.96651442891164, 0],
              [-91.62211198792413, 47.96639598948485, 0],
              [-91.62165769730854, 47.96641302945813, 0],
              [-91.61657847626674, 47.966599389739, 0],
              [-91.6114992246822, 47.96678552018469, 0],
              [-91.60641994345329, 47.96697142079763, 0],
              [-91.60579670308894, 47.96698974051937, 0],
              [-91.60100390179065, 47.96713051068522, 0],
              [-91.60034954108993, 47.96714503084595, 0],
              [-91.59558821945411, 47.96721287153799, 0],
              [-91.59017098842205, 47.96729045176607, 0],
              [-91.58946972757865, 47.9673004716749, 0],
              [-91.58475457665351, 47.96736778226737, 0],
              [-91.58486403726918, 47.97105362293625, 0],
              [-91.58497351764781, 47.9747394531351, 0],
              [-91.58508287855051, 47.9784297738549, 0],
              [-91.58519153876726, 47.98211559406529, 0],
              [-91.57985613796936, 47.9822971642766, 0],
              [-91.57451986580566, 47.98247848491339, 0],
              [-91.56918357477731, 47.98265956559896, 0],
              [-91.5638480724698, 47.98284039551262, 0],
              [-91.55842412114107, 47.98294789646025, 0],
              [-91.55300098997421, 47.98305513682649, 0],
              [-91.54757771777184, 47.98316662686209, 0],
              [-91.54379602691968, 47.98298070698158, 0],
              [-91.54345561663098, 47.98299716725226, 0],
              [-91.54315869648012, 47.98305670738985, 0],
              [-91.54286600649593, 47.98307089717486, 0],
              [-91.54258171665795, 47.98306761715158, 0],
              [-91.54215277649969, 47.98311620717248, 0],
              [-91.54195455604574, 47.98317020752224, 0],
              [-91.5415847861186, 47.98327094753464, 0],
              [-91.54139016611228, 47.98341355774262, 0],
              [-91.54112795596569, 47.98355701776911, 0],
              [-91.54067358629834, 47.98378882762115, 0],
              [-91.54036036621665, 47.98390363753062, 0],
              [-91.54012163623496, 47.98389971780067, 0],
              [-91.53986961567863, 47.98380631762495, 0],
              [-91.5396609352415, 47.98379511760152, 0],
              [-91.53930881541305, 47.98376380779004, 0],
              [-91.53913100558066, 47.98371674743365, 0],
              [-91.53891973530057, 47.9837043279948, 0],
              [-91.53885020569757, 47.98377583758561, 0],
              [-91.53878022514031, 47.98387430779379, 0],
              [-91.53862873504742, 47.98399789795716, 0],
              [-91.53837355511625, 47.9840212876145, 0],
              [-91.53817301521222, 47.98398321778505, 0],
              [-91.53795640534607, 47.98400757790942, 0],
              [-91.53780419480432, 47.98403571764486, 0],
              [-91.53763563492441, 47.98406628772214, 0],
              [-91.53717871493998, 47.98411435790236, 0],
              [-91.53666689441698, 47.98426866776686, 0],
              [-91.53650167447329, 47.98433958792992, 0],
              [-91.53631447455123, 47.9844942181997, 0],
              [-91.53613159462736, 47.98464062805592, 0],
              [-91.536088014658, 47.98474806813402, 0],
              [-91.53609343509241, 47.98476690826011, 0],
              [-91.53612433444324, 47.98487437813866, 0],
              [-91.53623859475749, 47.9851005380114, 0],
              [-91.53622045507697, 47.98528320825379, 0],
              [-91.53622237477671, 47.98565120796459, 0],
              [-91.53624367473043, 47.98587476821538, 0],
              [-91.53631937486111, 47.98602765806872, 0],
              [-91.53647666537579, 47.98612928836977, 0],
              [-91.53671579510777, 47.98620474842764, 0],
              [-91.53695593544448, 47.98626207827681, 0],
              [-91.53709838489233, 47.98645248848438, 0],
              [-91.53713124526543, 47.98647972802157, 0],
              [-91.53730831578434, 47.98662650802462, 0],
              [-91.5377154259829, 47.98691017813998, 0],
              [-91.53786139592836, 47.98695719830786, 0],
              [-91.53804922556944, 47.98697755816855, 0],
              [-91.53815461591857, 47.98703301850139, 0],
              [-91.53817923604556, 47.98710533816158, 0],
              [-91.5381108661676, 47.98714926837958, 0],
              [-91.5379756957685, 47.98718367853376, 0],
              [-91.53772154530661, 47.98717138799314, 0],
              [-91.5375353056836, 47.98712414856769, 0],
              [-91.53728359504605, 47.98702197850707, 0],
              [-91.53718978577754, 47.98695959846668, 0],
              [-91.53696435535363, 47.9868097085749, 0],
              [-91.53674479542009, 47.98663906805318, 0],
              [-91.53671929494412, 47.98661924797802, 0],
              [-91.53661652498069, 47.98643733823299, 0],
              [-91.5365094152561, 47.98640901822972, 0],
              [-91.53638798548756, 47.98642566800298, 0],
              [-91.53628033497718, 47.98646977857256, 0],
              [-91.53610421487582, 47.9865216181388, 0],
              [-91.53591202481238, 47.98655572808806, 0],
              [-91.53572815494508, 47.98659734818398, 0],
              [-91.53559319475173, 47.98657760805858, 0],
              [-91.53545903495731, 47.98652972836265, 0],
              [-91.53534882514667, 47.98648704821254, 0],
              [-91.53518335457304, 47.9864104780613, 0],
              [-91.53515902460188, 47.9863107085807, 0],
              [-91.53531181455696, 47.98610623817255, 0],
              [-91.53539532464073, 47.98602583807578, 0],
              [-91.53549304517396, 47.98588322847113, 0],
              [-91.53552537464273, 47.98569160823835, 0],
              [-91.53557128484195, 47.98549581816286, 0],
              [-91.53554959501942, 47.98529911823726, 0],
              [-91.53550154503317, 47.98509956817283, 0],
              [-91.53548895424616, 47.98502525792109, 0],
              [-91.5354786649429, 47.98496457825114, 0],
              [-91.53542718429058, 47.98488360817935, 0],
              [-91.53532120464664, 47.98482834816389, 0],
              [-91.53520086453453, 47.98480875828005, 0],
              [-91.53487933413815, 47.98482277802611, 0],
              [-91.53469252408493, 47.98480248826499, 0],
              [-91.53456224411421, 47.98475673841692, 0],
              [-91.53444031398408, 47.98470897788687, 0],
              [-91.534265473982, 47.9847249583957, 0],
              [-91.53415682454504, 47.98477804794588, 0],
              [-91.53390363438221, 47.98477466822064, 0],
              [-91.53373097369303, 47.98474552837816, 0],
              [-91.53352962440691, 47.98473315849087, 0],
              [-91.53304076392425, 47.9848542080499, 0],
              [-91.53302304375697, 47.98485520855768, 0],
              [-91.53266592390565, 47.98487549829811, 0],
              [-91.5325030934806, 47.9849368286423, 0],
              [-91.53224789378649, 47.98498739867365, 0],
              [-91.53197210380776, 47.98494866816457, 0],
              [-91.53203833389871, 47.98556089842047, 0],
              [-91.53130285353119, 47.98560409882329, 0],
              [-91.53126574322849, 47.98560627838339, 0],
              [-91.53055068336401, 47.98564827863839, 0],
              [-91.53049278335068, 47.98565167874915, 0],
              [-91.52977351308247, 47.98569391886875, 0],
              [-91.5297185128309, 47.98569713859944, 0],
              [-91.52940490288037, 47.98571555870193, 0],
              [-91.52879421287886, 47.98575171886643, 0],
              [-91.52675135229462, 47.98587496903447, 0],
              [-91.52671566222838, 47.98543024899884, 0],
              [-91.52660358212533, 47.98544813888543, 0],
              [-91.52625474204599, 47.98550382873889, 0],
              [-91.52613515202717, 47.98561604882398, 0],
              [-91.52604696172078, 47.98580745889785, 0],
              [-91.52594675195589, 47.98599710899445, 0],
              [-91.52581014155736, 47.9861106387366, 0],
              [-91.52547529184025, 47.98627630926823, 0],
              [-91.52545497194853, 47.98628635916324, 0],
              [-91.52520003186754, 47.98636332932928, 0],
              [-91.52463895132759, 47.98646605925305, 0],
              [-91.52390402162736, 47.98664401931302, 0],
              [-91.52328240092548, 47.98683389901713, 0],
              [-91.52273360125379, 47.98706019941176, 0],
              [-91.52228739098416, 47.98725544965313, 0],
              [-91.52176879087571, 47.98744854973551, 0],
              [-91.52150962062802, 47.98753103931446, 0],
              [-91.52120470097957, 47.98762808945806, 0],
              [-91.52055589096898, 47.98777290978423, 0],
              [-91.51988263061297, 47.98808531957071, 0],
              [-91.51966579077812, 47.98821658995325, 0],
              [-91.51959235080871, 47.98837857001574, 0],
              [-91.51961314051933, 47.98860288982246, 0],
              [-91.51958233998319, 47.98871120003795, 0],
              [-91.51947282996015, 47.98879035984159, 0],
              [-91.51936361997444, 47.98883424954602, 0],
              [-91.5192026400789, 47.98885075965504, 0],
              [-91.51904481057504, 47.98883133001997, 0],
              [-91.51891199016872, 47.9887571495937, 0],
              [-91.51886118055792, 47.98864658970001, 0],
              [-91.51882220984427, 47.98859364962487, 0],
              [-91.51871357028877, 47.98859272013388, 0],
              [-91.51836451012218, 47.9887038398805, 0],
              [-91.51788677976587, 47.98896799985486, 0],
              [-91.5175245197545, 47.98921744973288, 0],
              [-91.51713800972203, 47.98947039024996, 0],
              [-91.51685764013197, 47.9896875100256, 0],
              [-91.51664090989158, 47.9899140401949, 0],
              [-91.51642991988587, 47.99023791039876, 0],
              [-91.51622736955224, 47.99046557021421, 0],
              [-91.51597550979432, 47.99067877019508, 0],
              [-91.51563966923548, 47.99086286056136, 0],
              [-91.51553532991524, 47.99092005056853, 0],
              [-91.5151835694129, 47.99110030024855, 0],
              [-91.51196613823846, 47.99112411052899, 0],
              [-91.50110569509968, 47.99120380169307, 0],
              [-91.49926086452655, 47.9912172317358, 0],
              [-91.49450627306886, 47.99138682187078, 0],
              [-91.49386668336636, 47.99140960217997, 0],
              [-91.48847245190049, 47.99160171219376, 0],
              [-91.48298476959394, 47.99179691278999, 0],
              [-91.47749706842279, 47.99199183309749, 0],
              [-91.47194619682253, 47.99240419406923, 0],
              [-91.46639524527221, 47.99281627400342, 0],
              [-91.46099110359212, 47.99321721458848, 0],
              [-91.4555868523176, 47.99361787492141, 0],
              [-91.45143801102567, 47.99358347566992, 0],
              [-91.43404991585737, 47.99343760698252, 0],
              [-91.41236499902207, 47.99398558856817, 0],
              [-91.4123496081863, 47.99031062777303, 0],
              [-91.41234316816403, 47.98877452789053, 0],
              [-91.41233980846486, 47.98872079734016, 0],
              [-91.4122094772902, 47.98663563734391, 0],
              [-91.41220503781607, 47.98652749713435, 0],
              [-91.41218253771314, 47.98597932752373, 0],
              [-91.41211627707948, 47.98436538733224, 0],
              [-91.41207014679298, 47.98324164690129, 0],
              [-91.41203622730619, 47.98298298706759, 0],
              [-91.41155717642641, 47.979330336282, 0],
              [-91.41107808602078, 47.97567768624114, 0],
              [-91.41059903514099, 47.972025005723, 0],
              [-91.40534837332216, 47.97226355567641, 0],
              [-91.40448411317045, 47.97230322608852, 0],
              [-91.40449742260972, 47.97014344590054, 0],
              [-91.40451241279686, 47.96834981524993, 0],
              [-91.40467984259615, 47.96830497526437, 0],
              [-91.40519335285022, 47.96804403563239, 0],
              [-91.40577606302557, 47.96796032521811, 0],
              [-91.40615678251771, 47.96775824512773, 0],
              [-91.40672023281337, 47.9672810754296, 0],
              [-91.40726605277324, 47.96695571508054, 0],
              [-91.40779840339377, 47.96670017471747, 0],
              [-91.40800809353729, 47.9665446647161, 0],
              [-91.40841312323765, 47.96624430460406, 0],
              [-91.40860964318077, 47.96597606454418, 0],
              [-91.40867041331144, 47.96576903485695, 0],
              [-91.4086398130996, 47.96502137442885, 0],
              [-91.4085386331542, 47.96488792477595, 0],
              [-91.40803732292, 47.96409581457338, 0],
              [-91.40794969316237, 47.9639573645822, 0],
              [-91.40770637278955, 47.96354749458882, 0],
              [-91.40762092234478, 47.96331671447862, 0],
              [-91.40760987216846, 47.96323523465284, 0],
              [-91.40767134298505, 47.96305100424897, 0],
              [-91.40772883246828, 47.96284077416387, 0],
              [-91.40800184216123, 47.96262571417603, 0],
              [-91.40814539294364, 47.96250882438865, 0],
              [-91.40829530289992, 47.96238674435024, 0],
              [-91.40905777315015, 47.96179956450865, 0],
              [-91.4094027531687, 47.96155042426649, 0],
              [-91.4096429932184, 47.96123583391642, 0],
              [-91.40988206276329, 47.96073605375198, 0],
              [-91.40998220245957, 47.96037169388803, 0],
              [-91.41013408242128, 47.95940769386954, 0],
              [-91.41016216285875, 47.95863504350709, 0],
              [-91.41016218262169, 47.9586343938093, 0],
              [-91.41003362292476, 47.95845372395727, 0],
              [-91.4097734726151, 47.9582082835206, 0],
              [-91.40937541204472, 47.95808583357531, 0],
              [-91.40833530218458, 47.95790932353913, 0],
              [-91.40800567167928, 47.95782384369121, 0],
              [-91.40739479123494, 47.95763100397491, 0],
              [-91.40698327120664, 47.95751324382242, 0],
              [-91.40657133166513, 47.95747146371912, 0],
              [-91.405418341303, 47.95741931404155, 0],
              [-91.40509995051855, 47.95737001402804, 0],
              [-91.404767760713, 47.95718600394407, 0],
              [-91.40481260012042, 47.95589965364181, 0],
              [-91.40493525968256, 47.95238043310825, 0],
              [-91.40505794978743, 47.94886119250738, 0],
              [-91.4051806093496, 47.94534197219662, 0],
              [-91.40514298880382, 47.94178679191575, 0],
              [-91.40510539790242, 47.93823163131408, 0],
              [-91.40509138777726, 47.93690773135719, 0],
              [-91.40545029797094, 47.93690507129061, 0],
              [-91.40614589763139, 47.93681576098039, 0],
              [-91.40632094783923, 47.93680041080231, 0],
              [-91.40668744789875, 47.93665271099464, 0],
              [-91.40703916797688, 47.93653099114436, 0],
              [-91.40718753822078, 47.93650639076046, 0],
              [-91.40769823854465, 47.93645931080732, 0],
              [-91.40816697856158, 47.93640385091901, 0],
              [-91.40849118863247, 47.93630951083539, 0],
              [-91.40869484838548, 47.9362132110111, 0],
              [-91.40891506858074, 47.9360623306345, 0],
              [-91.40909780836742, 47.93579489078844, 0],
              [-91.40921638867987, 47.9354185607474, 0],
              [-91.40923165824307, 47.93492367064868, 0],
              [-91.40919979859319, 47.93482111081666, 0],
              [-91.40914456837291, 47.93464333024937, 0],
              [-91.40908576824766, 47.9344540404283, 0],
              [-91.40910335815924, 47.93427488034957, 0],
              [-91.40920367841692, 47.93408678025641, 0],
              [-91.40928863838154, 47.93392748027879, 0],
              [-91.40929753799107, 47.93363727054562, 0],
              [-91.40921376829418, 47.93338345042371, 0],
              [-91.40900360833179, 47.93309132008133, 0],
              [-91.40865528837699, 47.93272948033498, 0],
              [-91.4082236380015, 47.93246342020655, 0],
              [-91.40815997799059, 47.93231763040979, 0],
              [-91.40805479784721, 47.93182152010548, 0],
              [-91.40807658738277, 47.9315518403703, 0],
              [-91.40825751796244, 47.93131492011721, 0],
              [-91.41053247806329, 47.93132133987657, 0],
              [-91.41604529972305, 47.93133964936787, 0],
              [-91.42168784170312, 47.93137779893568, 0],
              [-91.42733039356463, 47.93141596893958, 0],
              [-91.43268248506051, 47.93142908831079, 0],
              [-91.43803455679345, 47.93144220828049, 0],
              [-91.4433866581708, 47.93145534750739, 0],
              [-91.44873872990375, 47.93146846747045, 0],
              [-91.45108291058712, 47.93142996706837, 0],
              [-91.45091188034017, 47.93176978692861, 0],
              [-91.45069303007571, 47.93193692705933, 0],
              [-91.45006434053086, 47.93236943706953, 0],
              [-91.44974993018141, 47.93264078755821, 0],
              [-91.44962717000794, 47.93276416750467, 0],
              [-91.44956857020702, 47.93283760742227, 0],
              [-91.44951150023701, 47.93296476725037, 0],
              [-91.44951748032187, 47.93319691736195, 0],
              [-91.44953959055596, 47.93334182715842, 0],
              [-91.44962210081479, 47.93345595717271, 0],
              [-91.44977349029638, 47.9336072471996, 0],
              [-91.44990385021713, 47.93368026762539, 0],
              [-91.45032020048671, 47.93394507744942, 0],
              [-91.45058853085534, 47.9341036774124, 0],
              [-91.45072267088682, 47.93410572733949, 0],
              [-91.45084125119928, 47.93409838768535, 0],
              [-91.45113812104448, 47.93405724768576, 0],
              [-91.45132387108568, 47.93412272740693, 0],
              [-91.45184608152324, 47.93457062715598, 0],
              [-91.45199168136281, 47.93467216734732, 0],
              [-91.45206939102478, 47.93470873760815, 0],
              [-91.45214691114224, 47.93482661773736, 0],
              [-91.45215487111398, 47.93496932742689, 0],
              [-91.45218037158995, 47.93503129722608, 0],
              [-91.45221888146784, 47.93512485724244, 0],
              [-91.45245663138758, 47.93519083755038, 0],
              [-91.45268059126938, 47.93520213718873, 0],
              [-91.45288823145742, 47.9351780772314, 0],
              [-91.45332220218127, 47.9350779571871, 0],
              [-91.45359952199095, 47.93506251741983, 0],
              [-91.4536615722209, 47.93505345722211, 0],
              [-91.4536622315843, 47.93502303747938, 0],
              [-91.4538781218999, 47.93502183739658, 0],
              [-91.45521625234713, 47.93501436727165, 0],
              [-91.45524669265885, 47.93501257737849, 0],
              [-91.45555820234823, 47.93490886698893, 0],
              [-91.45585708262306, 47.93476846703249, 0],
              [-91.45649307277623, 47.9345343270293, 0],
              [-91.45680323319604, 47.93445747701205, 0],
              [-91.45706470313085, 47.93444316673887, 0],
              [-91.45725933301863, 47.93443661676476, 0],
              [-91.45754416274407, 47.93431448725088, 0],
              [-91.45770926321183, 47.93416380716869, 0],
              [-91.45782228295268, 47.93396737694043, 0],
              [-91.457815912999, 47.93367407686664, 0],
              [-91.45779870307479, 47.93340104657578, 0],
              [-91.45780274279862, 47.93326516676267, 0],
              [-91.45788668317539, 47.9331582166207, 0],
              [-91.45814705267397, 47.93295512648143, 0],
              [-91.45832280266941, 47.93288545685591, 0],
              [-91.45845652318766, 47.93289608651303, 0],
              [-91.45872844322416, 47.93307715688815, 0],
              [-91.45873745332648, 47.9330822667607, 0],
              [-91.45891952296994, 47.93317279688658, 0],
              [-91.45898303296221, 47.93319099678418, 0],
              [-91.45905326325112, 47.9332086369381, 0],
              [-91.45919673318514, 47.93323851666921, 0],
              [-91.4593152128863, 47.93324074658901, 0],
              [-91.4594785831988, 47.93317997657513, 0],
              [-91.45999237372723, 47.93306993686004, 0],
              [-91.46053179408905, 47.93300525629341, 0],
              [-91.46077982343057, 47.93301708665716, 0],
              [-91.46103687365418, 47.93303880634566, 0],
              [-91.46142356424801, 47.9331066966391, 0],
              [-91.46167627381216, 47.93313726677271, 0],
              [-91.46193132438593, 47.93310499635847, 0],
              [-91.46213218409021, 47.93311636626943, 0],
              [-91.46218408425574, 47.93316207640418, 0],
              [-91.46223571402838, 47.93323481638641, 0],
              [-91.46223411412888, 47.93328855652825, 0],
              [-91.46218983437188, 47.93340548653973, 0],
              [-91.46201153405934, 47.93357354644834, 0],
              [-91.46196869430176, 47.93364485642716, 0],
              [-91.46190729445209, 47.93392110658426, 0],
              [-91.46188715422342, 47.93414772675249, 0],
              [-91.46190804454535, 47.93434594681376, 0],
              [-91.46214075401801, 47.93468417668128, 0],
              [-91.46232517455259, 47.93484849675761, 0],
              [-91.46247806422068, 47.93496521680788, 0],
              [-91.46249887459255, 47.93497119676545, 0],
              [-91.46274266478424, 47.9350412668181, 0],
              [-91.46300956503495, 47.93506268653868, 0],
              [-91.46338864510169, 47.93506798639847, 0],
              [-91.46384297524317, 47.93504719681355, 0],
              [-91.46409784525558, 47.93501110646429, 0],
              [-91.46419127543501, 47.9349978664287, 0],
              [-91.46431445512172, 47.93495983628994, 0],
              [-91.46455661487117, 47.93488506629184, 0],
              [-91.46490087533918, 47.9346459362657, 0],
              [-91.46523821518625, 47.93445420653993, 0],
              [-91.46560445563264, 47.93428765653966, 0],
              [-91.46609273580364, 47.93416768613653, 0],
              [-91.46629906534966, 47.93409213618901, 0],
              [-91.46660446559682, 47.93399508653181, 0],
              [-91.46694737589696, 47.93380102639382, 0],
              [-91.46712147568724, 47.9337407264906, 0],
              [-91.46726749593834, 47.93372500645816, 0],
              [-91.46738950601855, 47.93370865627119, 0],
              [-91.4674844058418, 47.93367395589221, 0],
              [-91.46756799587563, 47.93355810623185, 0],
              [-91.46769097613634, 47.93346105617425, 0],
              [-91.467799225823, 47.93343537638879, 0],
              [-91.46791395595615, 47.93344639594157, 0],
              [-91.46799946568973, 47.93345601615545, 0],
              [-91.46814832641378, 47.93350394626861, 0],
              [-91.46852875575009, 47.93367877620992, 0],
              [-91.46908125648075, 47.9340100661959, 0],
              [-91.46930581643716, 47.93408555607756, 0],
              [-91.46950506636043, 47.93413192619488, 0],
              [-91.46951432619437, 47.93414029622385, 0],
              [-91.46950378626114, 47.9349271962747, 0],
              [-91.4694932571077, 47.93649793625654, 0],
              [-91.46585221637788, 47.9381552971273, 0],
              [-91.46478322568137, 47.93856180707424, 0],
              [-91.46469024555789, 47.93859713727224, 0],
              [-91.46415565543737, 47.93863088710633, 0],
              [-91.46335181597166, 47.94042322734989, 0],
              [-91.46175834569314, 47.94205934766466, 0],
              [-91.46278426576507, 47.9418246076179, 0],
              [-91.46270113566867, 47.94215058780057, 0],
              [-91.4626258254068, 47.94244588758286, 0],
              [-91.46171177523219, 47.94343450810626, 0],
              [-91.46330304643489, 47.94272878767531, 0],
              [-91.46380312597715, 47.94286455777134, 0],
              [-91.46401999635474, 47.94334567783853, 0],
              [-91.46423084622327, 47.94381340762052, 0],
              [-91.4652739869992, 47.94274178743539, 0],
              [-91.46655387697159, 47.9421327972474, 0],
              [-91.46946319768166, 47.94074837688596, 0],
              [-91.4713906184637, 47.94006921702374, 0],
              [-91.472743958287, 47.94010213663325, 0],
              [-91.47295602896601, 47.94117594663766, 0],
              [-91.47033019769498, 47.94145473695734, 0],
              [-91.47227415825803, 47.94210076713544, 0],
              [-91.47226512839279, 47.94212209667565, 0],
              [-91.47139879852267, 47.94416858736356, 0],
              [-91.4747495998724, 47.94394193710207, 0],
              [-91.4750763800233, 47.94391984710742, 0],
              [-91.47517037973464, 47.94301489657681, 0],
              [-91.4758200997386, 47.94243363694047, 0],
              [-91.47667171969593, 47.94215573649284, 0],
              [-91.47856297071135, 47.94202460655396, 0],
              [-91.47898962016566, 47.94135721609022, 0],
              [-91.48022470127339, 47.94152979653536, 0],
              [-91.48031478073682, 47.94154237656077, 0],
              [-91.48093464074074, 47.94094668598076, 0],
              [-91.48243039138436, 47.93988617619846, 0],
              [-91.48406802194393, 47.93923648589302, 0],
              [-91.48296090135685, 47.93891419563654, 0],
              [-91.48342513183107, 47.93856246544969, 0],
              [-91.48671078196648, 47.93607313537428, 0],
              [-91.48795387245328, 47.93551966474435, 0],
              [-91.48872000243996, 47.93499440460332, 0],
              [-91.49111763288275, 47.93500983476138, 0],
              [-91.49487296446952, 47.93503122440264, 0],
              [-91.49656234517599, 47.93504081422937, 0],
              [-91.50201381639343, 47.93507160409716, 0],
              [-91.50746691805311, 47.93507397356629, 0],
              [-91.512920060137, 47.93507612275957, 0],
              [-91.51817053151296, 47.93514577258185, 0],
              [-91.51816237121695, 47.93167560210296, 0],
              [-91.52353075276217, 47.9317206917637, 0],
              [-91.52890704397349, 47.93174326125658, 0],
              [-91.53339465523044, 47.9317589608255, 0],
              [-91.53342270512518, 47.9311182708121, 0],
              [-91.53354950502248, 47.9282225805682, 0],
              [-91.533577765123, 47.9275772503781, 0],
              [-91.53896451631749, 47.92761625987418, 0],
              [-91.5443512881732, 47.92765501953878, 0],
              [-91.54991624984872, 47.92769477958571, 0],
              [-91.54998320937167, 47.92410262907246, 0],
              [-91.5554786710886, 47.92419133829835, 0],
              [-91.56097865222966, 47.92404138780955, 0],
              [-91.56647871421916, 47.92389115756894, 0],
              [-91.57203841536035, 47.92379570748539, 0],
              [-91.57759824765557, 47.9237000068026, 0],
              [-91.58307405872564, 47.92364724635059, 0],
              [-91.58311021950908, 47.92549476679871, 0],
              [-91.58328782901715, 47.92541688663923, 0],
              [-91.58350086897838, 47.9253511864126, 0],
              [-91.58375540930908, 47.92533654675531, 0],
              [-91.58402447988951, 47.92530459653167, 0],
              [-91.5843080492786, 47.92533509663442, 0],
              [-91.58456300013938, 47.92539309662232, 0],
              [-91.58470379938207, 47.92543864623924, 0],
              [-91.58470101011311, 47.92552897665315, 0],
              [-91.58465690013773, 47.92567091681824, 0],
              [-91.58461219008771, 47.92583782684918, 0],
              [-91.58451307986074, 47.92603458652565, 0],
              [-91.58444393024511, 47.92611468635101, 0],
              [-91.58434441936951, 47.92632889665737, 0],
              [-91.58419279991922, 47.92648136688373, 0],
              [-91.58404277947014, 47.92660425649367, 0],
              [-91.58391826937851, 47.92672877647644, 0],
              [-91.58386241932067, 47.92684450660131, 0],
              [-91.58384595948972, 47.92694340680215, 0],
              [-91.58388269968653, 47.92705234656727, 0],
              [-91.58400052002423, 47.92714405681612, 0],
              [-91.58401052995144, 47.92718813676402, 0],
              [-91.58867907088975, 47.92715612628638, 0],
              [-91.59421537271442, 47.92711795614809, 0],
              [-91.59975168442055, 47.92707949584684, 0],
              [-91.59950213423126, 47.92352879534292, 0],
              [-91.60479811515786, 47.92348878467926, 0],
              [-91.6046179849771, 47.91992364440125, 0],
              [-91.60998336614928, 47.9198691637292, 0],
              [-91.61534874821979, 47.91981468360175, 0],
              [-91.62071411951051, 47.91976020281494, 0],
              [-91.62588581133103, 47.91988918280619, 0],
              [-91.63105747260883, 47.92001816247588, 0],
              [-91.63622915454786, 47.92014711232498, 0],
              [-91.6414008463684, 47.92027609195366, 0],
              [-91.64668077799413, 47.9202057713211, 0],
              [-91.65196072938281, 47.92013546082731, 0],
              [-91.65177008891321, 47.91654378054956, 0],
              [-91.6571036903856, 47.91650027011275, 0],
              [-91.66368056200784, 47.91626857968672, 0],
              [-91.66904379351153, 47.91627312889116, 0],
              [-91.67206866451662, 47.9162755991644, 0],
              [-91.67210431415867, 47.91620672888964, 0],
              [-91.67210627428261, 47.9161441988875, 0],
              [-91.672027334827, 47.91607138911039, 0],
              [-91.67198859408208, 47.9159992890694, 0],
              [-91.67201853403219, 47.91589152896061, 0],
              [-91.67209912459127, 47.91585667875286, 0],
              [-91.67227232426963, 47.91579674867106, 0],
              [-91.67261172485196, 47.91571840897971, 0],
              [-91.67288046485235, 47.91569457898022, 0],
              [-91.67299992461547, 47.91573217895748, 0],
              [-91.67315939444302, 47.9158156187672, 0],
              [-91.67335956513946, 47.9159085386278, 0],
              [-91.67354182522578, 47.91600865845595, 0],
              [-91.67375149470804, 47.91604809872619, 0],
              [-91.67392075527387, 47.91607628873542, 0],
              [-91.67409869536198, 47.91610231851248, 0],
              [-91.67427577486406, 47.91612432887811, 0],
              [-91.67440784517711, 47.91618874878989, 0],
              [-91.6744498153655, 47.91620921843219, 0],
              [-91.67453917527838, 47.91625354852474, 0],
              [-91.67475221523961, 47.91627386882923, 0],
              [-91.67485869524518, 47.91626672893824, 0],
              [-91.67498242559913, 47.91624030850336, 0],
              [-91.67511641561197, 47.91620596848039, 0],
              [-91.67526321560076, 47.91610127874251, 0],
              [-91.67531844582105, 47.91605717850933, 0],
              [-91.67548395592058, 47.91593209880178, 0],
              [-91.67563202522886, 47.91585252868423, 0],
              [-91.67576604578441, 47.91583588866972, 0],
              [-91.67590701570701, 47.91584700830371, 0],
              [-91.67607386609293, 47.91585697858374, 0],
              [-91.67619477573692, 47.91590359864821, 0],
              [-91.67624721578994, 47.91595023853899, 0],
              [-91.6764187059743, 47.91605988841584, 0],
              [-91.67651112554906, 47.91607848868981, 0],
              [-91.67661672610397, 47.91612444868942, 0],
              [-91.67676398603018, 47.91622689869612, 0],
              [-91.67683297574568, 47.91627883827463, 0],
              [-91.67709372612995, 47.91627898879088, 0],
              [-91.6797797669829, 47.91628046806476, 0],
              [-91.68515182892584, 47.91628320806279, 0],
              [-91.69053851005172, 47.91627874736282, 0],
              [-91.69592522172036, 47.91627401693725, 0],
              [-91.70131909296178, 47.91626928651126, 0],
              [-91.70671299474593, 47.91626430622773, 0],
              [-91.706832024216, 47.91266880598065, 0],
              [-91.7069510240417, 47.90907327507822, 0],
              [-91.70707004363032, 47.90547777498635, 0],
              [-91.70710083338668, 47.90503091500091, 0],
              [-91.70690880322334, 47.90336962482436, 0],
              [-91.7068393230277, 47.90194543414997, 0],
              [-91.70666694171456, 47.89841312389243, 0],
              [-91.7064945810627, 47.89488078343262, 0],
              [-91.70647963129973, 47.89457453354981, 0],
              [-91.70646866107347, 47.89260618308592, 0],
              [-91.70645759113422, 47.8913484531684, 0],
              [-91.70578063061758, 47.88855995278136, 0],
              [-91.70531216907838, 47.88508599197236, 0],
              [-91.70439447893021, 47.88175480165702, 0],
              [-91.70347679776519, 47.87842360136867, 0],
              [-91.69855339669596, 47.87816654178643, 0],
              [-91.69362999472838, 47.87790947189107, 0],
              [-91.68870662330353, 47.87765241216799, 0],
              [-91.68378323211577, 47.87739537286017, 0],
              [-91.6785488603463, 47.87722424317724, 0],
              [-91.6733144984583, 47.87705311353159, 0],
              [-91.6680801365703, 47.87688200380658, 0],
              [-91.66284574503787, 47.87671087423561, 0],
              [-91.66261269510372, 47.87324838395975, 0],
              [-91.66237965415272, 47.86978588346634, 0],
              [-91.66214660332024, 47.8663233926842, 0],
              [-91.66191353272484, 47.86286092250715, 0],
              [-91.6618861125491, 47.85930524193549, 0],
              [-91.66186404184089, 47.8564465617036, 0],
              [-91.66201995164496, 47.85643168134148, 0],
              [-91.66229628151119, 47.85644424167656, 0],
              [-91.66305101187695, 47.85605262155799, 0],
              [-91.66313109219294, 47.85599132147124, 0],
              [-91.66320824220448, 47.85592410153723, 0],
              [-91.66336252246464, 47.85575739157779, 0],
              [-91.66345562206405, 47.85565678150174, 0],
              [-91.66367256251023, 47.85552436116995, 0],
              [-91.66376725212768, 47.85548939135871, 0],
              [-91.6640372327015, 47.85534019118706, 0],
              [-91.66421479190393, 47.85519868139895, 0],
              [-91.66435452215143, 47.85503673104853, 0],
              [-91.66438291250766, 47.85495431142682, 0],
              [-91.66443991240907, 47.85482200141806, 0],
              [-91.66445796225807, 47.85465104131735, 0],
              [-91.66442176194876, 47.85444408118477, 0],
              [-91.66445116201137, 47.8543810811511, 0],
              [-91.66450606254995, 47.8543193908942, 0],
              [-91.66472277212911, 47.85425840100173, 0],
              [-91.6648408727412, 47.8542335511263, 0],
              [-91.66525851209319, 47.85416593107379, 0],
              [-91.66546135258267, 47.85410533100477, 0],
              [-91.66563909234647, 47.85399862111125, 0],
              [-91.6657489024068, 47.85391784063489, 0],
              [-91.66589709298765, 47.85379523112178, 0],
              [-91.66601284270862, 47.85341266066872, 0],
              [-91.66605786267739, 47.85323895077827, 0],
              [-91.66611583275933, 47.85307805101571, 0],
              [-91.66615794218659, 47.85298005069283, 0],
              [-91.66622797215119, 47.85288971059705, 0],
              [-91.66636675287943, 47.85278124042676, 0],
              [-91.66666120266326, 47.85258174039139, 0],
              [-91.66682433312559, 47.85251110053453, 0],
              [-91.66720216273747, 47.85229445074562, 0],
              [-91.66720206302448, 47.85220137028548, 0],
              [-91.66738950279671, 47.85220163069954, 0],
              [-91.66740799282019, 47.85219363080325, 0],
              [-91.66815314265342, 47.85170074053255, 0],
              [-91.66858528350906, 47.85155933052514, 0],
              [-91.6688570535269, 47.85143723024306, 0],
              [-91.66906407297908, 47.85128527015122, 0],
              [-91.66937124290733, 47.85112875046558, 0],
              [-91.66965973326758, 47.8510402903663, 0],
              [-91.67013798374842, 47.8508671904253, 0],
              [-91.6705584536919, 47.85073688041722, 0],
              [-91.67079010315251, 47.85069381983965, 0],
              [-91.67100607341818, 47.85066878981883, 0],
              [-91.67127128393783, 47.85064560022112, 0],
              [-91.67176644430559, 47.85061581988676, 0],
              [-91.67223425366788, 47.8505143197029, 0],
              [-91.67250820389692, 47.85047196003234, 0],
              [-91.6728089742271, 47.85042544983615, 0],
              [-91.6733171439968, 47.85035370988822, 0],
              [-91.67359258453091, 47.85030263011668, 0],
              [-91.67374992445292, 47.85026190997863, 0],
              [-91.67384018447773, 47.85022067981158, 0],
              [-91.67402401481914, 47.85012000956029, 0],
              [-91.67409626452081, 47.8499728996462, 0],
              [-91.67412824454493, 47.84977313983462, 0],
              [-91.67417347471948, 47.84953773989233, 0],
              [-91.67432815472993, 47.84925046955384, 0],
              [-91.67480178427697, 47.84899540958897, 0],
              [-91.6748833944239, 47.84896884932341, 0],
              [-91.6750351144855, 47.84878999971986, 0],
              [-91.67506009483692, 47.84861934949246, 0],
              [-91.67506803414742, 47.84856508977401, 0],
              [-91.67500495444816, 47.84833784942033, 0],
              [-91.67499799430134, 47.8481790094852, 0],
              [-91.67505232440972, 47.84808078950664, 0],
              [-91.67515865439664, 47.84797589930575, 0],
              [-91.67535188470919, 47.84785020959322, 0],
              [-91.67573198436378, 47.84756629931559, 0],
              [-91.6760122749021, 47.84730060915059, 0],
              [-91.67624086470087, 47.84706058904435, 0],
              [-91.67632824472688, 47.84680641900224, 0],
              [-91.67634630445737, 47.84664370934606, 0],
              [-91.6763229743111, 47.84651067939912, 0],
              [-91.67624596443676, 47.84641171894187, 0],
              [-91.6760346142066, 47.84629203915718, 0],
              [-91.67579610431214, 47.84618994933469, 0],
              [-91.67534519405696, 47.84606796904504, 0],
              [-91.67479945404712, 47.84599928932953, 0],
              [-91.67456902360034, 47.84592217940651, 0],
              [-91.67445422429691, 47.84586712889713, 0],
              [-91.67434185403802, 47.84577158918767, 0],
              [-91.67425771423525, 47.84571253897455, 0],
              [-91.67424737372802, 47.84559451913356, 0],
              [-91.67406786338479, 47.84528589909692, 0],
              [-91.67395724394238, 47.84516770887248, 0],
              [-91.6738598432094, 47.84505094904487, 0],
              [-91.67372578312798, 47.84492235895156, 0],
              [-91.67371944371702, 47.84491628900508, 0],
              [-91.67345428350302, 47.84480490885831, 0],
              [-91.67327591312188, 47.84465830899218, 0],
              [-91.67308513341344, 47.84451120890791, 0],
              [-91.67299545280197, 47.84437608926201, 0],
              [-91.67289173331928, 47.84418297902157, 0],
              [-91.67280361308148, 47.84406772906276, 0],
              [-91.67269300352054, 47.84398250899402, 0],
              [-91.67260455270274, 47.84392088896514, 0],
              [-91.67248177276633, 47.84389774880312, 0],
              [-91.67240374330412, 47.8438830390801, 0],
              [-91.67220892297351, 47.84387274926525, 0],
              [-91.67196735251888, 47.84382453898046, 0],
              [-91.67182767257704, 47.8438229189675, 0],
              [-91.67156445272406, 47.8438109289406, 0],
              [-91.67123815227352, 47.84384071921149, 0],
              [-91.67121447268262, 47.843842879429, 0],
              [-91.67089612232235, 47.84385734920628, 0],
              [-91.67054607221232, 47.84394313922716, 0],
              [-91.6704259827302, 47.84400450902373, 0],
              [-91.670318472357, 47.84408288910319, 0],
              [-91.67020746214745, 47.84419044899563, 0],
              [-91.67008427257926, 47.84427964908457, 0],
              [-91.66993710248458, 47.84433164939007, 0],
              [-91.66982658185688, 47.84433959925246, 0],
              [-91.6696807125227, 47.8443649693497, 0],
              [-91.66946206258254, 47.84450697956631, 0],
              [-91.66923752238908, 47.8445131894334, 0],
              [-91.66902418239057, 47.84444756918778, 0],
              [-91.66894558159984, 47.84440154917363, 0],
              [-91.66881083161228, 47.84438194946203, 0],
              [-91.66836761183424, 47.84448460956907, 0],
              [-91.66828760158683, 47.8445106693127, 0],
              [-91.66795171162063, 47.84459651974871, 0],
              [-91.66784534210784, 47.84460468962853, 0],
              [-91.66734881180928, 47.84459869983041, 0],
              [-91.66713451151173, 47.84462328965041, 0],
              [-91.66702220143996, 47.84467052973311, 0],
              [-91.66686575174839, 47.84473633960926, 0],
              [-91.66675631179396, 47.84484358946404, 0],
              [-91.66667563140334, 47.84490835972949, 0],
              [-91.66664619181486, 47.84493198959419, 0],
              [-91.66659049177566, 47.84501238977542, 0],
              [-91.66653528131832, 47.84511908982425, 0],
              [-91.66650519134956, 47.84520115972546, 0],
              [-91.66645009138497, 47.84528077995174, 0],
              [-91.66637196131144, 47.8452355299661, 0],
              [-91.66609596112693, 47.84510829985359, 0],
              [-91.66585376095328, 47.84504974988982, 0],
              [-91.66566481111306, 47.84504636946617, 0],
              [-91.66547715125357, 47.84506342954028, 0],
              [-91.66523478129832, 47.84509621004359, 0],
              [-91.66515430123204, 47.8451135594898, 0],
              [-91.66498267091046, 47.84517409952809, 0],
              [-91.66481280128689, 47.84549767969787, 0],
              [-91.6647171405906, 47.84562060966962, 0],
              [-91.66458093084067, 47.8457536099465, 0],
              [-91.66439978107205, 47.84595049019585, 0],
              [-91.66435695119596, 47.84610255996871, 0],
              [-91.66440304105822, 47.84638205012025, 0],
              [-91.66450589097174, 47.84653539973969, 0],
              [-91.66451785114143, 47.84660746991924, 0],
              [-91.6645420409754, 47.84669844011078, 0],
              [-91.66448812139711, 47.84674280983027, 0],
              [-91.66427150075118, 47.84681259001015, 0],
              [-91.66413628094472, 47.84681102012897, 0],
              [-91.66396219103592, 47.84683595012615, 0],
              [-91.66389658078252, 47.84687089020355, 0],
              [-91.66379910099776, 47.8469695604066, 0],
              [-91.66368905108727, 47.84710324027576, 0],
              [-91.6635251606502, 47.84722649018252, 0],
              [-91.66337724046227, 47.84730616999811, 0],
              [-91.66314922109368, 47.84736547039513, 0],
              [-91.66304536057548, 47.84738211011149, 0],
              [-91.66288819043507, 47.8474088502409, 0],
              [-91.66277138070204, 47.84743391016972, 0],
              [-91.66255322034371, 47.84752224017299, 0],
              [-91.6622439905785, 47.84767949056155, 0],
              [-91.66202614013895, 47.84789212046562, 0],
              [-91.66194246027361, 47.8479553001977, 0],
              [-91.66188884073262, 47.84797448017463, 0],
              [-91.66182095055501, 47.8479987506875, 0],
              [-91.66174000066984, 47.84799781022716, 0],
              [-91.66166107019737, 47.84798756041442, 0],
              [-91.66151550000221, 47.84792303031514, 0],
              [-91.66139664031371, 47.8478950805101, 0],
              [-91.6612361203556, 47.84787487021507, 0],
              [-91.66112981013163, 47.8478650001803, 0],
              [-91.66091259030938, 47.84786894047781, 0],
              [-91.6607257299505, 47.84789633023964, 0],
              [-91.6605798803793, 47.84792119038624, 0],
              [-91.65998653954087, 47.84816511061354, 0],
              [-91.65994149980916, 47.84822208059077, 0],
              [-91.65978123946417, 47.84838740047908, 0],
              [-91.6596807602047, 47.84858499053685, 0],
              [-91.6596759299634, 47.8486204906912, 0],
              [-91.65593698903729, 47.84859052110406, 0],
              [-91.65060271742172, 47.84848485123873, 0],
              [-91.64526851587472, 47.84838014150571, 0],
              [-91.6399343538536, 47.84827544180987, 0],
              [-91.63454554192386, 47.84782834261828, 0],
              [-91.62915676053683, 47.84738127273016, 0],
              [-91.62375110878877, 47.84739261324772, 0],
              [-91.62372479803241, 47.84396886282121, 0],
              [-91.61833521714478, 47.84388440285573, 0],
              [-91.61832494580783, 47.84036482235479, 0],
              [-91.6183147059119, 47.83684527199548, 0],
              [-91.61830443547325, 47.83332569152677, 0],
              [-91.61832989462673, 47.82978361117574, 0],
              [-91.61835532413579, 47.8262415206552, 0],
              [-91.61838078328924, 47.82269942000966, 0],
              [-91.61840621279832, 47.81915733944322, 0],
              [-91.61827310223613, 47.81559761928484, 0],
              [-91.61813997191103, 47.81203786862942, 0],
              [-91.61800687123034, 47.80847814845306, 0],
              [-91.61788973001897, 47.80497225795623, 0],
              [-91.61423253937699, 47.80493497819302, 0],
              [-91.61236694873764, 47.80491596814012, 0],
              [-91.60886141797012, 47.80488017863622, 0],
              [-91.60687074680895, 47.80485805884365, 0],
              [-91.60349223602597, 47.80482086889928, 0],
              [-91.60148935496345, 47.80479886915032, 0],
              [-91.59812305408181, 47.80476180888626, 0],
              [-91.59613204335744, 47.8047380895311, 0],
              [-91.592187982916, 47.80473138980083, 0],
              [-91.59073510257271, 47.80472894980515, 0],
              [-91.58625294049627, 47.80472132029281, 0],
              [-91.58536106074285, 47.80471911017767, 0],
              [-91.58140840971234, 47.80476596061703, 0],
              [-91.58050317919717, 47.80477671070803, 0],
              [-91.5765638780301, 47.80482338069053, 0],
              [-91.57657553726416, 47.8020194702647, 0],
              [-91.57659575654458, 47.79840157959458, 0],
              [-91.57663906612106, 47.79478401933322, 0],
              [-91.57668237569754, 47.79116646913035, 0],
              [-91.57667301525227, 47.78755006856156, 0],
              [-91.57666363504408, 47.78393364813282, 0],
              [-91.5766542737005, 47.7803172272061, 0],
              [-91.57664488361084, 47.776700807038, 0],
              [-91.57126343157822, 47.77668926755138, 0],
              [-91.56588201008832, 47.77667769787777, 0],
              [-91.560500558954, 47.77666612820167, 0],
              [-91.5551191069214, 47.77665456878562, 0],
              [-91.54972773569139, 47.77661821890897, 0],
              [-91.54433634380015, 47.77658186900693, 0],
              [-91.53894497167185, 47.77654552994588, 0],
              [-91.53355358067891, 47.77650914980853, 0],
              [-91.53350354990748, 47.77310012931679, 0],
              [-91.52878636878981, 47.77316106971064, 0],
              [-91.52342299714888, 47.77322988022843, 0],
              [-91.51805950513376, 47.7732944506807, 0],
              [-91.51269599335568, 47.7733590113932, 0],
              [-91.50731816243196, 47.77334283152759, 0],
              [-91.50194032072848, 47.77332668184322, 0],
              [-91.49656260928069, 47.77331052249429, 0],
              [-91.49222205762565, 47.77329753270687, 0],
              [-91.49138046735847, 47.7738537125805, 0],
              [-91.4911910575808, 47.77401825271789, 0],
              [-91.49057165751431, 47.77455630264932, 0],
              [-91.49000090750866, 47.77481108311947, 0],
              [-91.48894978699808, 47.774816343239, 0],
              [-91.48743766635504, 47.77452204317047, 0],
              [-91.4858102056228, 47.77409064335517, 0],
              [-91.48271928508814, 47.77327124341026, 0],
              [-91.48042103436693, 47.77326492359296, 0],
              [-91.47503905232828, 47.77325017392853, 0],
              [-91.46965707118797, 47.77323544418293, 0],
              [-91.46427578893693, 47.77323296467331, 0],
              [-91.45889452734716, 47.77323048516359, 0],
              [-91.45369598578111, 47.77322809560918, 0],
              [-91.45351434553234, 47.77334215535393, 0],
              [-91.45237704604331, 47.7740562954267, 0],
              [-91.45171224512235, 47.77434968591825, 0],
              [-91.45113898522379, 47.77442760550937, 0],
              [-91.45036753541396, 47.77448468601688, 0],
              [-91.44814401464293, 47.77480087620402, 0],
              [-91.44806759496173, 47.77481176591479, 0],
              [-91.44630822381652, 47.77516374600042, 0],
              [-91.44357270375772, 47.77583217626664, 0],
              [-91.44277827324632, 47.77599577683019, 0],
              [-91.44212173323272, 47.77613097670378, 0],
              [-91.4416398526598, 47.77617750640201, 0],
              [-91.44134504265153, 47.77614097689478, 0],
              [-91.44105181277988, 47.7760021464223, 0],
              [-91.44005348266528, 47.77561243654513, 0],
              [-91.43971834189402, 47.77553651697966, 0],
              [-91.4383850021622, 47.77539760701564, 0],
              [-91.43739445145796, 47.77530407710394, 0],
              [-91.43705759131127, 47.7752722667413, 0],
              [-91.43556400111594, 47.77518488715142, 0],
              [-91.43425893046778, 47.77518492699596, 0],
              [-91.4325643997198, 47.77522949731226, 0],
              [-91.43201099977553, 47.77521293709096, 0],
              [-91.43143991918984, 47.77519585707447, 0],
              [-91.43118807919488, 47.77515941743337, 0],
              [-91.43103613904604, 47.77506771753107, 0],
              [-91.43093289926371, 47.77486262719681, 0],
              [-91.43076167947224, 47.77446540703703, 0],
              [-91.4306288294215, 47.77390982716253, 0],
              [-91.43066092892155, 47.7732793067908, 0],
              [-91.4266046680028, 47.77329174719118, 0],
              [-91.42123810644432, 47.77333499757291, 0],
              [-91.41587153500438, 47.77337823825903, 0],
              [-91.41050499320885, 47.77342147830552, 0],
              [-91.40513843165037, 47.77346468873346, 0],
              [-91.40512797166721, 47.7726577285331, 0],
              [-91.40010864939025, 47.77266681896081, 0],
              [-91.39464869807651, 47.77261833967997, 0],
              [-91.38918925610756, 47.77257010969662, 0],
              [-91.38373900480225, 47.77252195030567, 0],
              [-91.37828563274967, 47.7724697506652, 0],
              [-91.3728414414793, 47.7724176312694, 0],
              [-91.36740637978714, 47.77236557159139, 0],
              [-91.36198041802884, 47.77231361208187, 0],
              [-91.36200626884775, 47.77590354232013, 0],
              [-91.36201420905655, 47.77700693241369, 0],
              [-91.36201838891758, 47.7779348725868, 0],
              [-91.36202533918292, 47.77949256311485, 0],
              [-91.36205893976782, 47.78308012350699, 0],
              [-91.36209253047123, 47.7866668339617, 0],
              [-91.35664567928929, 47.78658722399839, 0],
              [-91.35120799721145, 47.78650772436708, 0],
              [-91.3457794653731, 47.78642834472555, 0],
              [-91.34036004424838, 47.78634913517102, 0],
              [-91.33497214231203, 47.78627460562643, 0],
              [-91.32959321095207, 47.78620022626568, 0],
              [-91.32422328879613, 47.78612594638888, 0],
              [-91.32325165840841, 47.7861125264339, 0],
              [-91.32011493816731, 47.79076641747155, 0],
              [-91.31998818857566, 47.79095447765805, 0],
              [-91.31987150820004, 47.79112758737436, 0],
              [-91.3195551287435, 47.79154442785553, 0],
              [-91.31949432896843, 47.79162453778132, 0],
              [-91.31909772816039, 47.79222655775878, 0],
              [-91.31889935858608, 47.79261044784441, 0],
              [-91.31884480839045, 47.7927525477911, 0],
              [-91.31884376814136, 47.79315246768594, 0],
              [-91.31884182867867, 47.7934919978759, 0],
              [-91.3189255786126, 47.7937183981814, 0],
              [-91.31909225921694, 47.7939697981587, 0],
              [-91.31926948873766, 47.79416865818062, 0],
              [-91.31939774929562, 47.79423637816072, 0],
              [-91.3197766793437, 47.79448253802107, 0],
              [-91.32021182955555, 47.79470508804346, 0],
              [-91.32066064943105, 47.79530416782558, 0],
              [-91.32107614989435, 47.79589905808844, 0],
              [-91.3211927494216, 47.79661344833438, 0],
              [-91.3211454594101, 47.79676494820761, 0],
              [-91.32102304957961, 47.79715710823697, 0],
              [-91.32070743009778, 47.79787463839229, 0],
              [-91.32032026968506, 47.79838924838996, 0],
              [-91.31974577999289, 47.79881168838831, 0],
              [-91.31946646951653, 47.79893226878281, 0],
              [-91.31880942914131, 47.79915834849902, 0],
              [-91.31880286964311, 47.80030682869172, 0],
              [-91.31349166766232, 47.80023089932939, 0],
              [-91.30818925659493, 47.80015512976109, 0],
              [-91.30289559511839, 47.80007946024939, 0],
              [-91.29761067335126, 47.80000394027478, 0],
              [-91.29473864260694, 47.79994537079432, 0],
              [-91.29436307225801, 47.79976486054733, 0],
              [-91.2942403623902, 47.79971346063668, 0],
              [-91.29414136175768, 47.79962630073964, 0],
              [-91.29415020207838, 47.79951118051659, 0],
              [-91.29417329237447, 47.7993902007922, 0],
              [-91.29435291231214, 47.79916312039676, 0],
              [-91.29458443241538, 47.79883677058164, 0],
              [-91.29463751206889, 47.79860304034871, 0],
              [-91.2945691924966, 47.79842377032461, 0],
              [-91.29440844167144, 47.7981958101168, 0],
              [-91.29417100167048, 47.79802492046725, 0],
              [-91.29393999181033, 47.79792883043306, 0],
              [-91.29369132197, 47.79788271002596, 0],
              [-91.29316938192531, 47.79783365021184, 0],
              [-91.29260159097021, 47.79772775025119, 0],
              [-91.29232005177364, 47.79770992031003, 0],
              [-91.29227033092097, 47.79771896049586, 0],
              [-91.29206711134246, 47.79775588035467, 0],
              [-91.29178018135588, 47.79789766028606, 0],
              [-91.29146235112016, 47.79810674080689, 0],
              [-91.29135051086728, 47.79816256068191, 0],
              [-91.29054878064588, 47.79867196081072, 0],
              [-91.29000849071487, 47.79899751091143, 0],
              [-91.28984435054616, 47.79919856083528, 0],
              [-91.28976613064111, 47.79937414066116, 0],
              [-91.28964897056511, 47.79958572064724, 0],
              [-91.28956451096211, 47.79965602103612, 0],
              [-91.28943415104135, 47.79984221103841, 0],
              [-91.28690091990643, 47.7997926311169, 0],
              [-91.28491174983009, 47.79974572128086, 0],
              [-91.28490051909239, 47.79947574089476, 0],
              [-91.28499802941987, 47.79906105129184, 0],
              [-91.28510767958007, 47.79867488081956, 0],
              [-91.28516163958255, 47.79843100128787, 0],
              [-91.28516941899292, 47.79820839119057, 0],
              [-91.28500151937473, 47.79797375115975, 0],
              [-91.28484394948401, 47.79785264113256, 0],
              [-91.28452880880424, 47.7977177107646, 0],
              [-91.2839384988816, 47.79769071089046, 0],
              [-91.28343304831225, 47.79765755104548, 0],
              [-91.28297963894396, 47.79768634135448, 0],
              [-91.28256917802939, 47.79774444088567, 0],
              [-91.28209665790173, 47.79782121085625, 0],
              [-91.28165603784814, 47.79792481091292, 0],
              [-91.28164219840288, 47.79792662123581, 0],
              [-91.28129914796554, 47.79797153110245, 0],
              [-91.28092585754078, 47.79797461106235, 0],
              [-91.28063526781776, 47.79793695154047, 0],
              [-91.28007359798298, 47.79795608121479, 0],
              [-91.27949259730161, 47.79810087115678, 0],
              [-91.27909449720535, 47.79821542123906, 0],
              [-91.27856648724429, 47.79850633165682, 0],
              [-91.27799066714717, 47.79886812179772, 0],
              [-91.2777255374759, 47.79908043157815, 0],
              [-91.27742781692612, 47.79938882196845, 0],
              [-91.27631802654602, 47.79936305153453, 0],
              [-91.2763532261321, 47.79754045138322, 0],
              [-91.27637903652686, 47.79597172119831, 0],
              [-91.27641354620681, 47.79402864111636, 0],
              [-91.27642048569238, 47.79248695113068, 0],
              [-91.27647862555588, 47.79039079055389, 0],
              [-91.27651867514619, 47.78894684009239, 0],
              [-91.27657414521668, 47.78694788033618, 0],
              [-91.27658106493931, 47.78540540989882, 0],
              [-91.27657370414387, 47.7833385895041, 0],
              [-91.27656849391522, 47.7818758791637, 0],
              [-91.27656125349404, 47.77984366881809, 0],
              [-91.27655591390798, 47.77834556909777, 0],
              [-91.27654878308127, 47.77634416840654, 0],
              [-91.27654333300244, 47.7748143884282, 0],
              [-91.27653637285562, 47.77286558843006, 0],
              [-91.27376508188219, 47.77286975840652, 0],
              [-91.27116220077005, 47.77288800861539, 0],
              [-91.26839868022384, 47.77290566897219, 0],
              [-91.26497803935237, 47.77293276926465, 0],
              [-91.26303499866418, 47.77296260927357, 0],
              [-91.25767134674891, 47.77304501967503, 0],
              [-91.2523206754895, 47.77321977986245, 0],
              [-91.24697004375595, 47.77339453040664, 0],
              [-91.24161937249654, 47.77356927070403, 0],
              [-91.23626871022027, 47.77374404120403, 0],
              [-91.23404196988727, 47.77375512130841, 0],
              [-91.23090466933449, 47.77377576133964, 0],
              [-91.2300139088819, 47.77378163192618, 0],
              [-91.2255406571948, 47.7738203618424, 0],
              [-91.22018602616163, 47.77392233261377, 0],
              [-91.2148313645857, 47.77402429292196, 0],
              [-91.20946768302603, 47.77406437317479, 0],
              [-91.20410400056805, 47.77410445339666, 0],
              [-91.20275705046136, 47.77410568377308, 0],
              [-91.19958921976534, 47.77411196364285, 0],
              [-91.19873515908537, 47.77411561371867, 0],
              [-91.19336628795831, 47.77413866424954, 0],
              [-91.18802329639627, 47.77417052481043, 0],
              [-91.18268031471568, 47.77420237508863, 0],
              [-91.17733732315365, 47.77423423561044, 0],
              [-91.17199434147305, 47.77426609611278, 0],
              [-91.16664058000907, 47.77429267650101, 0],
              [-91.16128681854507, 47.77431922668989, 0],
              [-91.15593305618277, 47.77434579678781, 0],
              [-91.15057929471877, 47.77437234755329, 0],
              [-91.14772226404308, 47.77437474792198, 0],
              [-91.14523761290042, 47.77432226760271, 0],
              [-91.14100954199706, 47.77423294788406, 0],
              [-91.1398959517433, 47.77423276797668, 0],
              [-91.13454107008016, 47.77426198843098, 0],
              [-91.12918619829848, 47.77429119920943, 0],
              [-91.12383563663353, 47.77429644911837, 0],
              [-91.11848509562984, 47.77430166944477, 0],
              [-91.11313452318511, 47.77430689037435, 0],
              [-91.10778399206288, 47.77431213062228, 0],
              [-91.10245148024693, 47.77432449108519, 0],
              [-91.09711896843098, 47.77433687146777, 0],
              [-91.09710397914216, 47.77795081196915, 0],
              [-91.09708898985333, 47.78156474213737, 0],
              [-91.09707400056449, 47.78517818267559, 0],
              [-91.09705901127566, 47.78879162311342, 0],
              [-91.09706135138698, 47.79240672364386, 0],
              [-91.0970636618539, 47.7960218243478, 0],
              [-91.09706598310058, 47.79963604478446, 0],
              [-91.09706829356749, 47.80325028532976, 0],
              [-91.09708966358978, 47.80686699547887, 0],
              [-91.09171255221662, 47.80686899614471, 0],
              [-91.08633546060636, 47.80687075668229, 0],
              [-91.08636703099872, 47.81048668686409, 0],
              [-91.08639862205233, 47.81410265727468, 0],
              [-91.09176551329251, 47.81410142724169, 0],
              [-91.09713240543101, 47.81409992695132, 0],
              [-91.10249927690825, 47.81409841640554, 0],
              [-91.10251552743173, 47.81771488692934, 0],
              [-91.1025505374733, 47.82133176724486, 0],
              [-91.10258554841319, 47.8249485379246, 0],
              [-91.10262055935308, 47.82856505842313, 0],
              [-91.10265556939466, 47.83218143849705, 0],
              [-91.09728962767372, 47.83218032889793, 0],
              [-91.09677496757608, 47.83218023904453, 0],
              [-91.09706223802415, 47.8323581291915, 0],
              [-91.09729093831571, 47.83257018931233, 0],
              [-91.09740108793922, 47.8326723294574, 0],
              [-91.09783662801989, 47.8331091394913, 0],
              [-91.09793574812835, 47.83319008926691, 0],
              [-91.09802358809176, 47.83336469909133, 0],
              [-91.09811677842102, 47.83365238907495, 0],
              [-91.09836605911573, 47.83448022969892, 0],
              [-91.09845223899254, 47.83488394933928, 0],
              [-91.09850590883916, 47.83579783973045, 0],
              [-91.09854148931095, 47.83640367971146, 0],
              [-91.09870967908496, 47.83693216984449, 0],
              [-91.0989767994229, 47.83733360982389, 0],
              [-91.09915872982751, 47.83751223000112, 0],
              [-91.0995188698148, 47.83768192969474, 0],
              [-91.09989296962159, 47.837758889666, 0],
              [-91.10046195982763, 47.83779046943263, 0],
              [-91.10151917989899, 47.83779723966708, 0],
              [-91.10217838072245, 47.83777836947547, 0],
              [-91.10234065059875, 47.83774006950758, 0],
              [-91.10251242015917, 47.83784009930682, 0],
              [-91.10272525081291, 47.83796402967334, 0],
              [-91.10315720032739, 47.83823125941667, 0],
              [-91.10351332125211, 47.8383007996076, 0],
              [-91.10389740134173, 47.83836493949608, 0],
              [-91.10406695116508, 47.83851680961425, 0],
              [-91.10415025104305, 47.83868045946466, 0],
              [-91.10412648072233, 47.83878172956143, 0],
              [-91.10404416090631, 47.83893812973781, 0],
              [-91.10383482110576, 47.83900778957404, 0],
              [-91.10369161078486, 47.83901843972017, 0],
              [-91.10336989084395, 47.83900811939516, 0],
              [-91.102973700566, 47.83900634969675, 0],
              [-91.10260590064426, 47.8390456695466, 0],
              [-91.10214207081867, 47.83924039977288, 0],
              [-91.1014072102887, 47.83935871987369, 0],
              [-91.10082364042563, 47.83939356007292, 0],
              [-91.10012029998235, 47.83938191994456, 0],
              [-91.09968029976629, 47.83934982983678, 0],
              [-91.09926698939566, 47.83931969028487, 0],
              [-91.09873008970654, 47.83925067000595, 0],
              [-91.09825518904337, 47.83914660006585, 0],
              [-91.0976560792242, 47.83896336982463, 0],
              [-91.09731199931755, 47.83884198033042, 0],
              [-91.09725201880603, 47.83882081985156, 0],
              [-91.09685703855875, 47.83855961981907, 0],
              [-91.09655109842411, 47.83819425014568, 0],
              [-91.09624483848927, 47.83766665985035, 0],
              [-91.09602368853767, 47.83690758964448, 0],
              [-91.09590445784495, 47.83634391996356, 0],
              [-91.09591260825952, 47.83579713964633, 0],
              [-91.09591788765846, 47.83544279998583, 0],
              [-91.09596117837032, 47.83512771982078, 0],
              [-91.09594822825717, 47.83495370989443, 0],
              [-91.0958330381866, 47.83481176940452, 0],
              [-91.09553688789194, 47.83461509954258, 0],
              [-91.09509327734675, 47.83427320957466, 0],
              [-91.09458261744709, 47.83380637935031, 0],
              [-91.09422359765895, 47.83338313972242, 0],
              [-91.09402501698057, 47.83310631971257, 0],
              [-91.09386080674325, 47.83271240971256, 0],
              [-91.09371622738986, 47.83239671957627, 0],
              [-91.09356096706773, 47.83217956966677, 0],
              [-91.09192370661404, 47.83217919939838, 0],
              [-91.08655775501164, 47.83217810005092, 0],
              [-91.0811908727546, 47.83217375030133, 0],
              [-91.07582401115883, 47.83216937100226, 0],
              [-91.07045711991866, 47.83216499109975, 0],
              [-91.06509022867849, 47.83216061119687, 0],
              [-91.0597190066603, 47.83216600180012, 0],
              [-91.0543478053034, 47.83217137250235, 0],
              [-91.04897658328522, 47.83217674260099, 0],
              [-91.04360539180976, 47.83218214285128, 0],
              [-91.0382367497531, 47.83217915356709, 0],
              [-91.03286813823915, 47.83217618358011, 0],
              [-91.03079967836425, 47.83217593392029, 0],
              [-91.02914755708082, 47.83217619383185, 0],
              [-91.02749541693277, 47.8321763041887, 0],
              [-91.02179407482748, 47.8321776447534, 0],
              [-91.02179016535935, 47.83116816440199, 0],
              [-91.01630096310336, 47.83116856483036, 0],
              [-91.01093244142092, 47.83116848522714, 0],
              [-91.00556882004837, 47.83118879550474, 0],
              [-91.0002052382017, 47.83120908587355, 0],
              [-90.99484196717212, 47.831216026425, 0],
              [-90.98947870512569, 47.8312229669755, 0],
              [-90.9841154340961, 47.83122990692205, 0],
              [-90.97875217204967, 47.8312368474707, 0],
              [-90.97340940057487, 47.83123214787089, 0],
              [-90.96806663898151, 47.83122741811792, 0],
              [-90.96272387738817, 47.8312227185172, 0],
              [-90.95738110591337, 47.83121801891612, 0],
              [-90.95203414379776, 47.83121392960543, 0],
              [-90.94668716191924, 47.83120981979064, 0],
              [-90.94134020070194, 47.83120573047934, 0],
              [-90.93599320894194, 47.83120164056468, 0],
              [-90.93061352748875, 47.83118652078299, 0],
              [-90.92523387567995, 47.8311714112488, 0],
              [-90.91985419422674, 47.83115626190862, 0],
              [-90.91447454241796, 47.83114115236561, 0],
              [-90.90910399054299, 47.83113350261127, 0],
              [-90.90373347909221, 47.83112583295501, 0],
              [-90.89836143781051, 47.83112094338269, 0],
              [-90.89386348604634, 47.83110692355071, 0],
              [-90.8938809870247, 47.83472738437933, 0],
              [-90.89389848710475, 47.83834784465853, 0],
              [-90.89391598808312, 47.84196558512759, 0],
              [-90.89393345851877, 47.84558332532731, 0],
              [-90.8939361292101, 47.84919839580967, 0],
              [-90.89393879001997, 47.85281346629587, 0],
              [-90.89394146071132, 47.85643484704285, 0],
              [-90.89394412062288, 47.86005622741668, 0],
              [-90.89406754195639, 47.86366043830526, 0],
              [-90.89285583141908, 47.86469921841816, 0],
              [-90.89286368179637, 47.86472882854756, 0],
              [-90.8928939415467, 47.86486885809903, 0],
              [-90.89288652146247, 47.86499018849293, 0],
              [-90.89286309160322, 47.8650527483493, 0],
              [-90.89277172126073, 47.86510055862274, 0],
              [-90.89271116133585, 47.86513093811971, 0],
              [-90.89261935171719, 47.86521023847286, 0],
              [-90.89255017155884, 47.86526744826516, 0],
              [-90.89255793120626, 47.86534407863668, 0],
              [-90.89257357177367, 47.86541184863634, 0],
              [-90.89253500170864, 47.86545612821853, 0],
              [-90.8924440814221, 47.86547245839162, 0],
              [-90.89236743177216, 47.86546654814357, 0],
              [-90.89229859117698, 47.86547428865796, 0],
              [-90.89226085115529, 47.86551857843194, 0],
              [-90.8922914217227, 47.86556862834404, 0],
              [-90.89219214171413, 47.86558480842062, 0],
              [-90.89207022146546, 47.86558256835294, 0],
              [-90.891803111009, 47.8656361485513, 0],
              [-90.89172646135906, 47.86563023832193, 0],
              [-90.8916806607543, 47.86554391828135, 0],
              [-90.89162770147504, 47.86544846845739, 0],
              [-90.89162610067721, 47.86544621874133, 0],
              [-90.89156367135823, 47.86535883832003, 0],
              [-90.89154414108563, 47.86532634844931, 0],
              [-90.89152051090208, 47.86530234820228, 0],
              [-90.8914142707467, 47.86526434819019, 0],
              [-90.89134425066355, 47.86529966878467, 0],
              [-90.89129967086927, 47.86533476878241, 0],
              [-90.89126867090711, 47.86546409834646, 0],
              [-90.89127706117188, 47.86551543859667, 0],
              [-90.89129946066348, 47.86564938825813, 0],
              [-90.89137519133689, 47.86592521863263, 0],
              [-90.89140169073946, 47.8660058683089, 0],
              [-90.89142131084357, 47.86606553844224, 0],
              [-90.89145211137972, 47.86619207833488, 0],
              [-90.89145942097119, 47.86630018839207, 0],
              [-90.89149772154164, 47.86638636856477, 0],
              [-90.89157385106701, 47.86644625882796, 0],
              [-90.89166563104128, 47.86647043873604, 0],
              [-90.89176483109979, 47.86647675866775, 0],
              [-90.8918105517545, 47.86644160882118, 0],
              [-90.89181765114019, 47.86636974880705, 0],
              [-90.89187942109575, 47.86633039844504, 0],
              [-90.89195570153811, 47.86634528862171, 0],
              [-90.892054201809, 47.86641008868249, 0],
              [-90.89208513170256, 47.86645114868689, 0],
              [-90.89209257154974, 47.86647377859136, 0],
              [-90.89210763180546, 47.86651454867355, 0],
              [-90.89217697186393, 47.86655630886687, 0],
              [-90.89227544159212, 47.86658061889452, 0],
              [-90.89239821164706, 47.86658286856133, 0],
              [-90.89245957197086, 47.86659610862899, 0],
              [-90.89248934124106, 47.86660253882907, 0],
              [-90.8925578512562, 47.86664428870657, 0],
              [-90.89264967165465, 47.86670895882562, 0],
              [-90.89275663136058, 47.86679190876724, 0],
              [-90.89280241130409, 47.86683773836627, 0],
              [-90.89275625137323, 47.86690437887474, 0],
              [-90.89264945156741, 47.86692040847723, 0],
              [-90.89255835161781, 47.86694122845203, 0],
              [-90.89248209183673, 47.86696682854848, 0],
              [-90.89237483119514, 47.86697384868576, 0],
              [-90.89237311181971, 47.86697336838281, 0],
              [-90.89223765126476, 47.86693533886118, 0],
              [-90.89213044182716, 47.8668793886188, 0],
              [-90.8919091813828, 47.86681233888529, 0],
              [-90.89177232125265, 47.86682781890833, 0],
              [-90.89170366121883, 47.86683105870232, 0],
              [-90.89164282101957, 47.86688842881575, 0],
              [-90.89164223172477, 47.8669648988995, 0],
              [-90.89168034095405, 47.86705557846491, 0],
              [-90.89168838177417, 47.86714569862499, 0],
              [-90.89174940163647, 47.86722780899886, 0],
              [-90.89181792153309, 47.86726955897537, 0],
              [-90.89194035112654, 47.86732129879186, 0],
              [-90.8920924817182, 47.86738257885368, 0],
              [-90.89219171142113, 47.86742938901741, 0],
              [-90.89235949156335, 47.86745496898588, 0],
              [-90.8925046314655, 47.86746212886784, 0],
              [-90.89258073134648, 47.86748151857773, 0],
              [-90.89271077146701, 47.8676548685893, 0],
              [-90.89284806189019, 47.86785534895814, 0],
              [-90.89301542162089, 47.86805637874895, 0],
              [-90.89308473203495, 47.86816112890038, 0],
              [-90.89320638189072, 47.86829382851288, 0],
              [-90.89331353203951, 47.86837227854793, 0],
              [-90.8933745222574, 47.86841388899951, 0],
              [-90.89338181208595, 47.86848150854852, 0],
              [-90.89334382233257, 47.86855279856925, 0],
              [-90.89322951171268, 47.86856869870119, 0],
              [-90.8931221621379, 47.86859821863766, 0],
              [-90.89303857210409, 47.86861917895146, 0],
              [-90.89301550246928, 47.86867273853482, 0],
              [-90.8930081524536, 47.86877158901903, 0],
              [-90.89293180194267, 47.86892314895002, 0],
              [-90.89284733245819, 47.86900707881561, 0],
              [-90.89282476228668, 47.8691101391245, 0],
              [-90.89285582243593, 47.86920968901028, 0],
              [-90.89291638236082, 47.86928278887762, 0],
              [-90.8930312723941, 47.86929388898449, 0],
              [-90.89319134229623, 47.86928333906211, 0],
              [-90.89332061256057, 47.8692902088353, 0],
              [-90.89348113251869, 47.86939212904482, 0],
              [-90.89349971237371, 47.86941990877686, 0],
              [-90.89352737239963, 47.86946091879071, 0],
              [-90.89359837254476, 47.86953087871168, 0],
              [-90.89371857251965, 47.86963519863418, 0],
              [-90.89380204217922, 47.86967152863028, 0],
              [-90.89384027268108, 47.86972700883852, 0],
              [-90.89382409222617, 47.86978180864524, 0],
              [-90.89376984206787, 47.86985781889061, 0],
              [-90.89368706231444, 47.86994056915162, 0],
              [-90.89356361223483, 47.87002894879852, 0],
              [-90.89349688268058, 47.87006743884902, 0],
              [-90.89335964256304, 47.87009180929789, 0],
              [-90.89324194259957, 47.87012710912727, 0],
              [-90.89319218222104, 47.8701594989699, 0],
              [-90.89311512204101, 47.87024047891129, 0],
              [-90.89310616224438, 47.87040508924611, 0],
              [-90.89314596210303, 47.87049281910318, 0],
              [-90.89316092264578, 47.87056457879314, 0],
              [-90.89311412221612, 47.87065026919597, 0],
              [-90.89306888216008, 47.87068906912166, 0],
              [-90.89295585253778, 47.87072328929666, 0],
              [-90.89255775244152, 47.87072043902229, 0],
              [-90.89235294194663, 47.87077993921969, 0],
              [-90.89221645192235, 47.8707507790697, 0],
              [-90.89210020183975, 47.8707030794623, 0],
              [-90.89197055158807, 47.87068672924374, 0],
              [-90.8918490724122, 47.87072087891664, 0],
              [-90.89170279164965, 47.87072705913068, 0],
              [-90.89158901193407, 47.8707070891307, 0],
              [-90.89152005186297, 47.87069681910022, 0],
              [-90.89132947158049, 47.87073830897432, 0],
              [-90.89114618202487, 47.87084741949553, 0],
              [-90.89097828150838, 47.870947809071, 0],
              [-90.89090964213584, 47.87099153918079, 0],
              [-90.8908108813535, 47.87109769948782, 0],
              [-90.89077947175959, 47.8712882991548, 0],
              [-90.89074213148817, 47.87151483936189, 0],
              [-90.89071152139488, 47.87167173920339, 0],
              [-90.890711581582, 47.87189668932984, 0],
              [-90.89072622142618, 47.87200943940596, 0],
              [-90.89084867168087, 47.87206117931129, 0],
              [-90.89091700203296, 47.87210741942785, 0],
              [-90.89093227159616, 47.87218418972863, 0],
              [-90.8908792422483, 47.87225519927832, 0],
              [-90.8907574019497, 47.87227094943789, 0],
              [-90.89058900196989, 47.87232184969328, 0],
              [-90.89055841163952, 47.87237526926798, 0],
              [-90.89053262190603, 47.87239939940909, 0],
              [-90.89045936159968, 47.87246792967161, 0],
              [-90.89036029179688, 47.87252009935712, 0],
              [-90.8903073019749, 47.8725281196176, 0],
              [-90.89003959144382, 47.87255468950843, 0],
              [-90.88964343170858, 47.87257439968988, 0],
              [-90.88922315130964, 47.87261165980605, 0],
              [-90.88900192140798, 47.87262558948473, 0],
              [-90.8888803712652, 47.87265484981192, 0],
              [-90.88880366142814, 47.87271191942381, 0],
              [-90.8887887817338, 47.87281062963832, 0],
              [-90.88878873142814, 47.87287360968789, 0],
              [-90.88892605149572, 47.87297061974773, 0],
              [-90.88909336181908, 47.87309067000272, 0],
              [-90.88926176179886, 47.87318374971851, 0],
              [-90.88942182181957, 47.87327666958728, 0],
              [-90.88957433150028, 47.87332895957405, 0],
              [-90.88968868164606, 47.87335355987388, 0],
              [-90.88984171145134, 47.87335187992432, 0],
              [-90.88995582174692, 47.87329998946127, 0],
              [-90.89025361236531, 47.87327396949215, 0],
              [-90.89061945216307, 47.87328068990272, 0],
              [-90.89074912217772, 47.87331906967904, 0],
              [-90.89085587167789, 47.87336601969893, 0],
              [-90.89099379182008, 47.87338654966142, 0],
              [-90.89140524267809, 47.87358756944607, 0],
              [-90.89171839269119, 47.87375977947851, 0],
              [-90.89196208227156, 47.87387222964485, 0],
              [-90.89205425301297, 47.87388741953637, 0],
              [-90.89219112302462, 47.87387193981428, 0],
              [-90.89230544262767, 47.87385604974519, 0],
              [-90.89239714265187, 47.87386222958528, 0],
              [-90.89245110265436, 47.87391270949986, 0],
              [-90.8924429127139, 47.87401153974609, 0],
              [-90.89241221278908, 47.87404695982701, 0],
              [-90.8924052023366, 47.87409631941053, 0],
              [-90.89238574303091, 47.87418501975998, 0],
              [-90.8923815928143, 47.87420370979911, 0],
              [-90.8923515531512, 47.87426187977618, 0],
              [-90.89223696225694, 47.87433162955322, 0],
              [-90.89212300287831, 47.87439706978276, 0],
              [-90.89202472269464, 47.87441299945444, 0],
              [-90.8919384628678, 47.87440915938993, 0],
              [-90.88920631149132, 47.87428747987197, 0],
              [-90.88620943109218, 47.8741539803491, 0],
              [-90.88627813065185, 47.87407811981323, 0],
              [-90.88645358061, 47.87401837032886, 0],
              [-90.88659080096458, 47.87395340985932, 0],
              [-90.88674405085712, 47.87384375995944, 0],
              [-90.88685804077845, 47.87373338012748, 0],
              [-90.88690429054087, 47.87364424998143, 0],
              [-90.88693457095246, 47.87353683975395, 0],
              [-90.8869267205752, 47.87344220967435, 0],
              [-90.88687340107151, 47.87335575019541, 0],
              [-90.88678935110026, 47.87326421998436, 0],
              [-90.88660606064632, 47.87319828000189, 0],
              [-90.88659164088938, 47.87319309974, 0],
              [-90.88640809082231, 47.87322571001317, 0],
              [-90.88601926044147, 47.87325003981007, 0],
              [-90.88569049052222, 47.87329797026582, 0],
              [-90.88555362051059, 47.87331345015942, 0],
              [-90.88551548073858, 47.8733262401996, 0],
              [-90.88545425067049, 47.87335211010389, 0],
              [-90.88544647036181, 47.87337895976459, 0],
              [-90.88544667068612, 47.87341495030316, 0],
              [-90.88549995066393, 47.87342043001696, 0],
              [-90.88560722028865, 47.87341341015037, 0],
              [-90.8856832303381, 47.87341480990581, 0],
              [-90.88568325099936, 47.8734552997592, 0],
              [-90.88562222035726, 47.87351716006668, 0],
              [-90.88553058052018, 47.87359196031278, 0],
              [-90.88543932067047, 47.87369825026629, 0],
              [-90.88542840074987, 47.87371718029993, 0],
              [-90.88538536066798, 47.87379173983615, 0],
              [-90.88534028051208, 47.87383140027408, 0],
              [-90.88534012061196, 47.87387639031019, 0],
              [-90.88532449082433, 47.87395258013776, 0],
              [-90.88542875019452, 47.87402045999533, 0],
              [-90.88543116037444, 47.87402203025791, 0],
              [-90.88555352079759, 47.87409627000093, 0],
              [-90.88559938069118, 47.874119609993, 0],
              [-90.88561857050226, 47.8741368798329, 0],
              [-90.88542888045023, 47.87413497033517, 0],
              [-90.88477246081088, 47.87412199008708, 0],
              [-90.88469885016156, 47.87404453031983, 0],
              [-90.88459255071736, 47.8739660900761, 0],
              [-90.8843707099613, 47.87391251005324, 0],
              [-90.8840891105776, 47.8738488298881, 0],
              [-90.88386763992747, 47.87378626016158, 0],
              [-90.8837530903557, 47.87372566012847, 0],
              [-90.88368408986041, 47.87363441015913, 0],
              [-90.88365353007276, 47.8735843602025, 0],
              [-90.88366916974185, 47.87350816019253, 0],
              [-90.88374549959156, 47.87341959004331, 0],
              [-90.88400480009496, 47.87327140015357, 0],
              [-90.88409644981348, 47.87319661029089, 0],
              [-90.88411879001629, 47.87316102994855, 0],
              [-90.88411169961374, 47.87308892014678, 0],
              [-90.88405034018827, 47.87305628990281, 0],
              [-90.88396682022305, 47.87305475034191, 0],
              [-90.88393563969953, 47.8730723899107, 0],
              [-90.88392831034514, 47.87307653979403, 0],
              [-90.88387524955624, 47.8731070501937, 0],
              [-90.88379889994361, 47.87315513021832, 0],
              [-90.88366888946749, 47.87316623009833, 0],
              [-90.88359314981095, 47.87313784016648, 0],
              [-90.88352950956295, 47.87313470019026, 0],
              [-90.88344800002733, 47.87313067022239, 0],
              [-90.88342473994969, 47.87318051032158, 0],
              [-90.88340221020236, 47.87322879997092, 0],
              [-90.88328781963239, 47.87330767035697, 0],
              [-90.88318064972069, 47.87333269005187, 0],
              [-90.88316025976036, 47.87334660989568, 0],
              [-90.8830972501297, 47.87338964021215, 0],
              [-90.88311496939869, 47.87341521000809, 0],
              [-90.88313514017007, 47.87344432045375, 0],
              [-90.88321126969547, 47.87350422003558, 0],
              [-90.88323423961727, 47.87357662029677, 0],
              [-90.88329522983517, 47.87361824042872, 0],
              [-90.88341700994665, 47.87366548000931, 0],
              [-90.8834403400929, 47.8737288904529, 0],
              [-90.88347035011161, 47.87379243036914, 0],
              [-90.8835318397928, 47.87388354026665, 0],
              [-90.8836084400354, 47.87395244034444, 0],
              [-90.88371519043388, 47.87399940003395, 0],
              [-90.88385989016152, 47.87403806006925, 0],
              [-90.88402807005406, 47.87405466049635, 0],
              [-90.88415719029975, 47.87410653031935, 0],
              [-90.88416315062165, 47.87410994018163, 0],
              [-90.88397570006963, 47.87410623024669, 0],
              [-90.88371784046396, 47.87410114045893, 0],
              [-90.88110019913337, 47.87404942066699, 0],
              [-90.87906350907681, 47.87400913072416, 0],
              [-90.87874505900353, 47.87400604081294, 0],
              [-90.87351444668353, 47.87395535069671, 0],
              [-90.87342385607872, 47.8703915801872, 0],
              [-90.8733332960166, 47.8668278098687, 0],
              [-90.8732427251747, 47.86326403978889, 0],
              [-90.87315213456986, 47.85970023925633, 0],
              [-90.86781098275755, 47.85977373948315, 0],
              [-90.86246979141931, 47.85984723960578, 0],
              [-90.85712860996256, 47.85992074022688, 0],
              [-90.85178741862434, 47.85999423049756, 0],
              [-90.84642629636491, 47.86003890105061, 0],
              [-90.84106513457962, 47.86008354142927, 0],
              [-90.83570398357409, 47.86012820165917, 0],
              [-90.83034283167025, 47.86017287209679, 0],
              [-90.83030324111905, 47.85655804162175, 0],
              [-90.83026362092346, 47.85294321108329, 0],
              [-90.830224009711, 47.84932838053082, 0],
              [-90.8301843895154, 47.84571355001393, 0],
              [-90.82479150731909, 47.84577527040371, 0],
              [-90.81939862602113, 47.84583698107385, 0],
              [-90.81787757522586, 47.84583402091185, 0],
              [-90.81528832514981, 47.84582818137393, 0],
              [-90.81497432443214, 47.84582746152995, 0],
              [-90.81400150467499, 47.84582879149294, 0],
              [-90.80860434290469, 47.84583620154446, 0],
              [-90.80323613114103, 47.84590747206625, 0],
              [-90.79786791937738, 47.84597877263426, 0],
              [-90.79249969773227, 47.84605005320913, 0],
              [-90.78713148596862, 47.84612132343712, 0],
              [-90.78182655512683, 47.84618215349033, 0],
              [-90.77652161350528, 47.84624295393114, 0],
              [-90.77121668176518, 47.84630376454963, 0],
              [-90.76591174014364, 47.84636459499178, 0],
              [-90.76589347020739, 47.84998156541614, 0],
              [-90.76587523081385, 47.85359857595595, 0],
              [-90.76585699142032, 47.85721557652476, 0],
              [-90.7658387520268, 47.86083257671848, 0],
              [-90.7605879105449, 47.86082299724522, 0],
              [-90.7553370394186, 47.86081344790566, 0],
              [-90.74997940711405, 47.86080327777277, 0],
              [-90.74462153585765, 47.86079315826558, 0],
              [-90.73926567413253, 47.86073558853826, 0],
              [-90.73390984295011, 47.8606780488826, 0],
              [-90.73283571209355, 47.86067564948694, 0],
              [-90.73288776227773, 47.8605822489631, 0],
              [-90.73293367247696, 47.86050667895807, 0],
              [-90.73314702235693, 47.86044340904189, 0],
              [-90.73339096256728, 47.86034923903454, 0],
              [-90.73361275211936, 47.86024564899609, 0],
              [-90.73397888207298, 47.86003241880519, 0],
              [-90.73440634270595, 47.85981140900965, 0],
              [-90.73461966294154, 47.85959516883553, 0],
              [-90.7348184529274, 47.85940563879957, 0],
              [-90.73497855247396, 47.85926032905626, 0],
              [-90.7351771529153, 47.85915176854288, 0],
              [-90.7354209323272, 47.85908009852912, 0],
              [-90.7357488524402, 47.85901457868488, 0],
              [-90.73592453326536, 47.85899105890609, 0],
              [-90.73636737305604, 47.85889630884289, 0],
              [-90.73674060329364, 47.85876869876635, 0],
              [-90.73709179336576, 47.85866764850941, 0],
              [-90.73746547365936, 47.85854904878187, 0],
              [-90.73783217314485, 47.85839880864983, 0],
              [-90.7381523138475, 47.85824314824396, 0],
              [-90.7383586137491, 47.85813023862984, 0],
              [-90.73867103343188, 47.85797892862062, 0],
              [-90.73906849392768, 47.85771681846803, 0],
              [-90.73928937348634, 47.85757106820461, 0],
              [-90.73937304347024, 47.85751586852311, 0],
              [-90.73963300333703, 47.85734102835784, 0],
              [-90.73991004377066, 47.85716516834827, 0],
              [-90.7399836139958, 47.85711847790435, 0],
              [-90.74037315404571, 47.85686520824562, 0],
              [-90.74080056437305, 47.85664416807127, 0],
              [-90.74115872447346, 47.85643975773731, 0],
              [-90.74147962425253, 47.85626611826385, 0],
              [-90.74186814381628, 47.85609379766159, 0],
              [-90.74215059390454, 47.85597788761784, 0],
              [-90.742600744185, 47.85582926811203, 0],
              [-90.74296723436304, 47.85575999795081, 0],
              [-90.7432799549814, 47.8557166576398, 0],
              [-90.74376066504952, 47.85559563766742, 0],
              [-90.74419549456279, 47.85549170781181, 0],
              [-90.74455411460062, 47.85537278737714, 0],
              [-90.74465605541907, 47.85534804774056, 0],
              [-90.74482856519128, 47.85530619774587, 0],
              [-90.74526426517207, 47.85514378781308, 0],
              [-90.74559968531938, 47.85501990752978, 0],
              [-90.74608820534056, 47.8547955574592, 0],
              [-90.74645443500717, 47.85457779724429, 0],
              [-90.74678250513882, 47.85437277718457, 0],
              [-90.74712582596904, 47.85410507723097, 0],
              [-90.74720914560996, 47.85405272746173, 0],
              [-90.74736203527807, 47.85382177746253, 0],
              [-90.74751070555926, 47.85357907737235, 0],
              [-90.74755265598472, 47.8535105872359, 0],
              [-90.74751447578852, 47.853176907128, 0],
              [-90.74741602582327, 47.85292302686746, 0],
              [-90.74727841559985, 47.85276285732568, 0],
              [-90.74711756506169, 47.85257973726736, 0],
              [-90.74690471554332, 47.85238209732575, 0],
              [-90.74672879486798, 47.85231565696736, 0],
              [-90.74639291478326, 47.85221908687766, 0],
              [-90.74595046486144, 47.85221039736919, 0],
              [-90.74564550478877, 47.85219090730579, 0],
              [-90.74525633484475, 47.85220575693597, 0],
              [-90.744889814124, 47.85225703737702, 0],
              [-90.74467532428191, 47.8523097470277, 0],
              [-90.74443207487602, 47.85236951731957, 0],
              [-90.74415749402965, 47.85245859724866, 0],
              [-90.74377581423846, 47.85253207699839, 0],
              [-90.74316568388738, 47.85263255750619, 0],
              [-90.74264694364174, 47.85272583732338, 0],
              [-90.74223452350154, 47.85285269731615, 0],
              [-90.74196019418343, 47.85295526771849, 0],
              [-90.74159418370576, 47.85311003738893, 0],
              [-90.7412814936301, 47.85322985756579, 0],
              [-90.74086137313127, 47.85343753746059, 0],
              [-90.74059036308815, 47.85358627774977, 0],
              [-90.74044195331838, 47.85366772784319, 0],
              [-90.73991529352519, 47.85398128789849, 0],
              [-90.7395876330253, 47.85419528802128, 0],
              [-90.73931376364462, 47.85431589775099, 0],
              [-90.73909865306669, 47.85441060796205, 0],
              [-90.73869452347824, 47.85459610797089, 0],
              [-90.73790093289165, 47.85491789817886, 0],
              [-90.73749644307877, 47.85505388789756, 0],
              [-90.73713768290375, 47.85519528837568, 0],
              [-90.73672606226415, 47.85532213810778, 0],
              [-90.73628316228636, 47.85545737812289, 0],
              [-90.7359400920861, 47.85554508807301, 0],
              [-90.73535256244925, 47.85568195860192, 0],
              [-90.73490995172897, 47.85577220823996, 0],
              [-90.7343684715302, 47.85588748824872, 0],
              [-90.73415465183135, 47.85592375856277, 0],
              [-90.73395072168543, 47.85595800837767, 0],
              [-90.73363514172948, 47.85601067870322, 0],
              [-90.73321801172226, 47.85606894866576, 0],
              [-90.73292738157501, 47.85610665885829, 0],
              [-90.73254365182837, 47.85618449865582, 0],
              [-90.73221067150536, 47.85626688859504, 0],
              [-90.73194280107417, 47.8563668187774, 0],
              [-90.73156042149539, 47.85653424888383, 0],
              [-90.73113318094963, 47.85680394890147, 0],
              [-90.73056431111786, 47.85717470871575, 0],
              [-90.73018729088807, 47.85741552887726, 0],
              [-90.72978247049517, 47.85767295901954, 0],
              [-90.72941630101568, 47.85786817927001, 0],
              [-90.72898127027977, 47.85814750897613, 0],
              [-90.72865203054162, 47.85828660940199, 0],
              [-90.72858454101264, 47.8583151189761, 0],
              [-90.7282638406596, 47.85842574923534, 0],
              [-90.72788994027877, 47.85854881913924, 0],
              [-90.72747813009465, 47.8586216393044, 0],
              [-90.72691402043556, 47.85871844941354, 0],
              [-90.72646380008653, 47.8587905092932, 0],
              [-90.72576920025095, 47.85887122974078, 0],
              [-90.72478457932591, 47.85899117945239, 0],
              [-90.7240069095811, 47.85907923963833, 0],
              [-90.72335841937075, 47.85915635953339, 0],
              [-90.72313701878919, 47.85917445949603, 0],
              [-90.72298725885153, 47.85915930989405, 0],
              [-90.72269440896723, 47.85912967970679, 0],
              [-90.7222367891952, 47.85908460996558, 0],
              [-90.72161845902221, 47.85904533966085, 0],
              [-90.72107678838061, 47.85903008996775, 0],
              [-90.72065751858636, 47.85904424992363, 0],
              [-90.71996275795237, 47.85907094004062, 0],
              [-90.71930674794477, 47.85914788997829, 0],
              [-90.71878018786458, 47.85924540007795, 0],
              [-90.71833755738137, 47.85935358007445, 0],
              [-90.71797885739349, 47.85947242025738, 0],
              [-90.71759862748317, 47.85958619004992, 0],
              [-90.71741490763452, 47.85964116030038, 0],
              [-90.71689534722702, 47.85978829040255, 0],
              [-90.71638424715286, 47.85989510048715, 0],
              [-90.7159722168815, 47.85997238009482, 0],
              [-90.71533945707009, 47.86009026053672, 0],
              [-90.71477438711196, 47.86015099042798, 0],
              [-90.71407297624991, 47.86019551076936, 0],
              [-90.713287066259, 47.86016635069143, 0],
              [-90.71284411597553, 47.8601485307362, 0],
              [-90.71247797614045, 47.86013223082995, 0],
              [-90.71220252572489, 47.86013602072132, 0],
              [-90.71167692594373, 47.86014326057035, 0],
              [-90.71084542555381, 47.86016266085339, 0],
              [-90.70998302491476, 47.86018145057633, 0],
              [-90.7095178152769, 47.86019466093782, 0],
              [-90.70863256509024, 47.86025797093689, 0],
              [-90.70845679443356, 47.86024546094846, 0],
              [-90.7079760044154, 47.86028985102197, 0],
              [-90.70744264408852, 47.86035118098417, 0],
              [-90.70698439459746, 47.86039601094911, 0],
              [-90.70687537415624, 47.86039785103818, 0],
              [-90.70674020465545, 47.86040013110906, 0],
              [-90.70651151424536, 47.86043155123544, 0],
              [-90.70595418417173, 47.86050590085459, 0],
              [-90.70526748412078, 47.86059565088514, 0],
              [-90.7047948741616, 47.8606626809355, 0],
              [-90.70407767361179, 47.86074281142763, 0],
              [-90.70375535359628, 47.86083475129603, 0],
              [-90.70154527252022, 47.86083118144487, 0],
              [-90.70072816224284, 47.86068924123901, 0],
              [-90.70048360219494, 47.8606258612493, 0],
              [-90.69986560260196, 47.86054149169351, 0],
              [-90.69920919194577, 47.86045634148532, 0],
              [-90.69847740185743, 47.86035619135848, 0],
              [-90.69831706156238, 47.86033497154899, 0],
              [-90.69798082125321, 47.86034173160855, 0],
              [-90.6976604119543, 47.86033080196118, 0],
              [-90.69728668135508, 47.86037279194925, 0],
              [-90.69684412094047, 47.86044039185303, 0],
              [-90.69637142114976, 47.86056588168935, 0],
              [-90.69618537107125, 47.86065367159645, 0],
              [-90.69605135141401, 47.86071692196926, 0],
              [-90.69572707127456, 47.86085162174752, 0],
              [-90.69566909131117, 47.86087571205086, 0],
              [-90.69557031076589, 47.86104919203976, 0],
              [-90.69545550068268, 47.86124484196308, 0],
              [-90.69534846102668, 47.8613596722411, 0],
              [-90.69527986118003, 47.86149326197977, 0],
              [-90.69521896079365, 47.86171699182164, 0],
              [-90.69518071142717, 47.86199516229784, 0],
              [-90.6952268506968, 47.86219855206533, 0],
              [-90.69532578126072, 47.86249297211673, 0],
              [-90.69539487158754, 47.8625933423162, 0],
              [-90.69565387115532, 47.86287748191594, 0],
              [-90.69590577133738, 47.86305801203473, 0],
              [-90.69615302183955, 47.86320581226563, 0],
              [-90.69626399162493, 47.86327215188406, 0],
              [-90.69658469197799, 47.86340907192569, 0],
              [-90.6967907214867, 47.86351218193747, 0],
              [-90.69715682179591, 47.8636050118708, 0],
              [-90.6975001516093, 47.86368388183647, 0],
              [-90.69803449199817, 47.86377109211338, 0],
              [-90.69847655205119, 47.86384744204259, 0],
              [-90.69877428248242, 47.86388041196653, 0],
              [-90.69914803284459, 47.86393289223645, 0],
              [-90.69972075285567, 47.86400286203006, 0],
              [-90.70069744345338, 47.8641034221611, 0],
              [-90.70129966324006, 47.86420546165373, 0],
              [-90.7015340336977, 47.86423688188444, 0],
              [-90.70153136300635, 47.86445285198754, 0],
              [-90.70148647419161, 47.86807456238237, 0],
              [-90.70142369452967, 47.87169918267696, 0],
              [-90.70136088522331, 47.87532381338391, 0],
              [-90.69598249375086, 47.87529907362726, 0],
              [-90.69060408161715, 47.87527437422906, 0],
              [-90.69057456207861, 47.87889700459758, 0],
              [-90.69054501289565, 47.8825196250725, 0],
              [-90.68515460106639, 47.88248961543578, 0],
              [-90.67976418923712, 47.88245939612614, 0],
              [-90.67972134049637, 47.8861200167042, 0],
              [-90.68011816049336, 47.8896025371897, 0],
              [-90.68562968229091, 47.88956481642693, 0],
              [-90.69114121396993, 47.88952710587705, 0],
              [-90.69114041446933, 47.89309767673684, 0],
              [-90.6911396248502, 47.89666824715044, 0],
              [-90.69113928528704, 47.89819214707052, 0],
              [-90.6911012560078, 47.89930218735504, 0],
              [-90.69110779574306, 47.90003221782542, 0],
              [-90.69111218580984, 47.90052261776992, 0],
              [-90.69112313627316, 47.90174436781724, 0],
              [-90.69113351630627, 47.90290325817872, 0],
              [-90.69113814622324, 47.90342035782339, 0],
              [-90.69113805639172, 47.90383618780425, 0],
              [-90.69115034714143, 47.90741539886936, 0],
              [-90.69116260734843, 47.91099460930737, 0],
              [-90.69117483791103, 47.91455795954884, 0],
              [-90.6911870783551, 47.91812129981748, 0],
              [-90.69123811883289, 47.92168832034099, 0],
              [-90.69125503949958, 47.92286999067722, 0],
              [-90.6909042096519, 47.92294772056261, 0],
              [-90.69081209909763, 47.92296836090313, 0],
              [-90.69060645945771, 47.92296423066853, 0],
              [-90.69023202907088, 47.92299268057982, 0],
              [-90.68972897879998, 47.92307254070943, 0],
              [-90.68937758930187, 47.92312845073323, 0],
              [-90.68895020861893, 47.92321883093234, 0],
              [-90.688615068746, 47.92324807110854, 0],
              [-90.6880425185165, 47.92327253091589, 0],
              [-90.68770711813212, 47.92327028070078, 0],
              [-90.68725634801415, 47.9232656911767, 0],
              [-90.68678387819214, 47.92327867114926, 0],
              [-90.68635604835156, 47.9233600213465, 0],
              [-90.68598994804235, 47.92348312123998, 0],
              [-90.68583848759388, 47.9235466609235, 0],
              [-90.68553974745625, 47.92367200093891, 0],
              [-90.68525021774524, 47.92384162150118, 0],
              [-90.68487580801964, 47.92411301131761, 0],
              [-90.68454035732961, 47.92431769107373, 0],
              [-90.68443255769888, 47.92436001146115, 0],
              [-90.68343225757887, 47.9245141417029, 0],
              [-90.68223199696821, 47.92492390175084, 0],
              [-90.68176276647112, 47.92498597147497, 0],
              [-90.68145024707536, 47.92505164146541, 0],
              [-90.68101557656387, 47.92517333175297, 0],
              [-90.68071830696839, 47.92526347180871, 0],
              [-90.68044264634703, 47.92534705155254, 0],
              [-90.68038958645646, 47.92536314192895, 0],
              [-90.68008431646503, 47.92550994155157, 0],
              [-90.67974084651448, 47.92568746217231, 0],
              [-90.6794510967162, 47.92599203214505, 0],
              [-90.67927584618404, 47.92628092197127, 0],
              [-90.67925270648064, 47.92655490180193, 0],
              [-90.67934426636766, 47.92680869223621, 0],
              [-90.67948919696235, 47.92699159215488, 0],
              [-90.67960325695228, 47.92707937184733, 0],
              [-90.67985503676013, 47.92717444206784, 0],
              [-90.68014568667029, 47.92726130229178, 0],
              [-90.68046939727789, 47.92728058233911, 0],
              [-90.68060300730335, 47.92728854235411, 0],
              [-90.68101514716918, 47.92729687195707, 0],
              [-90.68145758720955, 47.92730130221222, 0],
              [-90.68201429744562, 47.9272765620014, 0],
              [-90.68260210735683, 47.92722994195204, 0],
              [-90.68337278731045, 47.92719151183099, 0],
              [-90.68399048776443, 47.9271499816978, 0],
              [-90.68445643761409, 47.92709640191386, 0],
              [-90.68499033782848, 47.92705768155867, 0],
              [-90.6854631085861, 47.92707621166543, 0],
              [-90.68590138852839, 47.92714801155282, 0],
              [-90.68608942837524, 47.92717882177066, 0],
              [-90.68649317887461, 47.92728144190524, 0],
              [-90.68762221925294, 47.92753814153347, 0],
              [-90.68841601914701, 47.92767560141933, 0],
              [-90.68897319920198, 47.92767782134617, 0],
              [-90.68939236928324, 47.92764127139418, 0],
              [-90.6900489299581, 47.92759150115411, 0],
              [-90.69132115011462, 47.92748862159895, 0],
              [-90.69134097054302, 47.92887332177894, 0],
              [-90.6905444397705, 47.92897817166464, 0],
              [-90.69007944033842, 47.9289913115175, 0],
              [-90.68960639020473, 47.92905377181976, 0],
              [-90.68926256002975, 47.92914583184399, 0],
              [-90.68888150007612, 47.92922814189603, 0],
              [-90.68861475972552, 47.9289798215199, 0],
              [-90.68839327919393, 47.9287864016626, 0],
              [-90.68814921950764, 47.9285925314464, 0],
              [-90.68772925890894, 47.92832762198141, 0],
              [-90.68734016891499, 47.92813982168394, 0],
              [-90.68680602885041, 47.92794010190237, 0],
              [-90.68634879894721, 47.92785440153442, 0],
              [-90.6859145488473, 47.92783697203558, 0],
              [-90.68589858847963, 47.92783633158145, 0],
              [-90.68542480891396, 47.92784027181888, 0],
              [-90.68503636840195, 47.92788193201662, 0],
              [-90.68463170790918, 47.92796825172395, 0],
              [-90.68411264786329, 47.92812424200371, 0],
              [-90.68371600842768, 47.92825570214257, 0],
              [-90.68276216737753, 47.92860987220817, 0],
              [-90.68218276749401, 47.92880513219106, 0],
              [-90.68112189756766, 47.92915712257079, 0],
              [-90.68072523747078, 47.92928857225935, 0],
              [-90.68049803736575, 47.92935101233946, 0],
              [-90.68034399695578, 47.92939335208325, 0],
              [-90.67964943664609, 47.92959976250285, 0],
              [-90.67913803653462, 47.92973339238283, 0],
              [-90.67868783684683, 47.92984576255968, 0],
              [-90.67794056698953, 47.93003310282617, 0],
              [-90.67694065584006, 47.93025581262025, 0],
              [-90.67613983561203, 47.93042406273347, 0],
              [-90.67561314617444, 47.93054387268838, 0],
              [-90.67511953540053, 47.9306370231069, 0],
              [-90.67464429607251, 47.93072670281995, 0],
              [-90.67383550509297, 47.93088578273404, 0],
              [-90.67307199549197, 47.93100527321749, 0],
              [-90.67266774552928, 47.93111855309967, 0],
              [-90.67196601486698, 47.93131577299547, 0],
              [-90.67115740444883, 47.93160081351249, 0],
              [-90.67039399456083, 47.93179227334003, 0],
              [-90.66979942392877, 47.93196916329334, 0],
              [-90.66969317479023, 47.93199095324032, 0],
              [-90.66866376386511, 47.9322024235277, 0],
              [-90.6682332642315, 47.93227982340247, 0],
              [-90.66795456371123, 47.93235832339431, 0],
              [-90.66760947409821, 47.93245553381514, 0],
              [-90.66685572379446, 47.93262892400533, 0],
              [-90.66543418297648, 47.93293771374835, 0],
              [-90.66472051280574, 47.93304891415, 0],
              [-90.66427341320401, 47.93306437377838, 0],
              [-90.66416092257086, 47.93306826426422, 0],
              [-90.66375174265389, 47.93307374428746, 0],
              [-90.66310306289901, 47.9330698941273, 0],
              [-90.66271977242855, 47.93303046382443, 0],
              [-90.66241670241124, 47.93293164387683, 0],
              [-90.66223041248256, 47.9328047542082, 0],
              [-90.66219223228636, 47.93265546426991, 0],
              [-90.66227647180212, 47.93246218395173, 0],
              [-90.66235150178962, 47.93237163392355, 0],
              [-90.66254550195835, 47.93213750413319, 0],
              [-90.66262009177136, 47.93200344410075, 0],
              [-90.6626721221926, 47.93182456383381, 0],
              [-90.66267471203557, 47.93165762376795, 0],
              [-90.6625514119746, 47.93144496372653, 0],
              [-90.66230332154764, 47.93106375377848, 0],
              [-90.66202513216878, 47.93065505355988, 0],
              [-90.66168075132653, 47.93052171376927, 0],
              [-90.6614908618485, 47.93050925384971, 0],
              [-90.66119535115432, 47.93048493409565, 0],
              [-90.66102368130689, 47.93044712394283, 0],
              [-90.66090163170081, 47.93042024367484, 0],
              [-90.66068255146764, 47.93031255393078, 0],
              [-90.66062286111196, 47.93026776399344, 0],
              [-90.66049231164666, 47.93016979407118, 0],
              [-90.66026180124982, 47.92991689409768, 0],
              [-90.65982700138095, 47.92968769366318, 0],
              [-90.65961247111467, 47.92960667363371, 0],
              [-90.65923914116406, 47.9296031837595, 0],
              [-90.65894200092598, 47.92961104410188, 0],
              [-90.65878704064113, 47.92956711368699, 0],
              [-90.65860012099344, 47.92951412387227, 0],
              [-90.65813383068227, 47.92941007381069, 0],
              [-90.65776813012337, 47.9293845238324, 0],
              [-90.65745241003025, 47.92939617384882, 0],
              [-90.65695175017633, 47.92948457424428, 0],
              [-90.65654268973528, 47.92964020422211, 0],
              [-90.65605550011904, 47.92979540396947, 0],
              [-90.65569392013235, 47.92990911445729, 0],
              [-90.65526477964977, 47.9299998439518, 0],
              [-90.65482070916715, 47.93007509411078, 0],
              [-90.65377594962712, 47.93018064458312, 0],
              [-90.65344045941123, 47.93020294449367, 0],
              [-90.65270270900099, 47.93025198452067, 0],
              [-90.65201708872499, 47.93030556464699, 0],
              [-90.65147217875848, 47.93033830448569, 0],
              [-90.65079051825627, 47.93036210486795, 0],
              [-90.65053220859463, 47.93031221445817, 0],
              [-90.65027011792398, 47.93022729447548, 0],
              [-90.65010872839666, 47.93009714487846, 0],
              [-90.65001568808606, 47.9299355447651, 0],
              [-90.65002315757762, 47.92973373486878, 0],
              [-90.65007710769866, 47.92954754437104, 0],
              [-90.65024377842154, 47.92942914479553, 0],
              [-90.65029044769717, 47.92931697475251, 0],
              [-90.65027590756598, 47.92904312451919, 0],
              [-90.65013667768008, 47.92888605415973, 0],
              [-90.65012427823424, 47.92887387434011, 0],
              [-90.64967919804525, 47.92843647456166, 0],
              [-90.64957079744158, 47.92830619465556, 0],
              [-90.64946602782832, 47.92818028440846, 0],
              [-90.64926762771131, 47.92784327424832, 0],
              [-90.64924627745194, 47.92750018416, 0],
              [-90.64956042728997, 47.92732048412898, 0],
              [-90.64956425770632, 47.92731828405073, 0],
              [-90.64979047774938, 47.92723458409493, 0],
              [-90.6503164575179, 47.9271113444503, 0],
              [-90.65075132745537, 47.92699117440824, 0],
              [-90.65117439802158, 47.92684179424999, 0],
              [-90.65167189760234, 47.9266105143127, 0],
              [-90.65207081786045, 47.92629563419703, 0],
              [-90.65225420802739, 47.92607139404421, 0],
              [-90.65233505819957, 47.92583772391506, 0],
              [-90.65236627824896, 47.9255639341156, 0],
              [-90.65234429827062, 47.92534213354276, 0],
              [-90.6523430280528, 47.92532934370534, 0],
              [-90.6522202481164, 47.92499253348145, 0],
              [-90.65209788769323, 47.92427157341197, 0],
              [-90.6520532477118, 47.92377802378818, 0],
              [-90.65203240769553, 47.92336087375395, 0],
              [-90.65207556725336, 47.9233387635278, 0],
              [-90.6524116773068, 47.92323316357505, 0],
              [-90.65266353796302, 47.92310334372312, 0],
              [-90.65282351803364, 47.92302562370335, 0],
              [-90.65281615813652, 47.92281852365493, 0],
              [-90.65266355772596, 47.92260394363581, 0],
              [-90.65254861738703, 47.92242613310749, 0],
              [-90.65248761728766, 47.92227641348377, 0],
              [-90.65251832799228, 47.92209708359225, 0],
              [-90.65257169780162, 47.9219902030617, 0],
              [-90.65268632732345, 47.92191606326656, 0],
              [-90.65291461798323, 47.92182624305979, 0],
              [-90.65303313810857, 47.92178878356335, 0],
              [-90.65323546745662, 47.92172483296147, 0],
              [-90.65336556776428, 47.92166000335691, 0],
              [-90.65346614763506, 47.92164078322072, 0],
              [-90.65364048817383, 47.92162060348476, 0],
              [-90.65375946823659, 47.92162732304092, 0],
              [-90.65387602823797, 47.92163887306617, 0],
              [-90.6540827278899, 47.92171519310721, 0],
              [-90.65423961775596, 47.92174023336687, 0],
              [-90.65435753780666, 47.92174763316913, 0],
              [-90.6545624381331, 47.92174747303674, 0],
              [-90.65472239844077, 47.92168803318594, 0],
              [-90.65481431855223, 47.92161359316025, 0],
              [-90.65486174780261, 47.92154143281601, 0],
              [-90.65487598789647, 47.92145242285934, 0],
              [-90.65482281841145, 47.92125746321224, 0],
              [-90.65485346803064, 47.92118161326619, 0],
              [-90.65498213822035, 47.92106805275489, 0],
              [-90.65534092803976, 47.9208725829594, 0],
              [-90.6556087580468, 47.92078343278696, 0],
              [-90.6557552184724, 47.92067298321183, 0],
              [-90.65590375849789, 47.92054802302566, 0],
              [-90.65623488829138, 47.92021921260615, 0],
              [-90.65646210815936, 47.92006345253862, 0],
              [-90.65662128872938, 47.91988846278661, 0],
              [-90.65675572879817, 47.91976299259671, 0],
              [-90.65684506804982, 47.91966992252959, 0],
              [-90.65704963869453, 47.91955457248597, 0],
              [-90.65753576829873, 47.91939680265136, 0],
              [-90.65765327871767, 47.91933159265685, 0],
              [-90.65782113880998, 47.91920500254281, 0],
              [-90.65786079853144, 47.91909211257087, 0],
              [-90.65785280891532, 47.9190021827072, 0],
              [-90.65777518908489, 47.91888320271129, 0],
              [-90.6576299988771, 47.91882233274546, 0],
              [-90.65690258807577, 47.91876114242471, 0],
              [-90.65658609812644, 47.91873843241031, 0],
              [-90.65635539818507, 47.91875204264679, 0],
              [-90.65609762841092, 47.91880544263718, 0],
              [-90.65575360779307, 47.91895064260289, 0],
              [-90.6555703676448, 47.91906829255367, 0],
              [-90.65549465763266, 47.91915637286139, 0],
              [-90.65550199776685, 47.91928143273387, 0],
              [-90.6556250579776, 47.91943545288583, 0],
              [-90.6557697181794, 47.91959022270436, 0],
              [-90.65581430785515, 47.91968119305002, 0],
              [-90.65565438797164, 47.91983048311555, 0],
              [-90.65544920826916, 47.91990735306324, 0],
              [-90.65539579803564, 47.92000081281336, 0],
              [-90.65541742856936, 47.92010928257414, 0],
              [-90.65535663777744, 47.92017982307507, 0],
              [-90.6552500580589, 47.92021825298748, 0],
              [-90.65515123798775, 47.9201850528198, 0],
              [-90.6550132684382, 47.91996594309867, 0],
              [-90.6549372377275, 47.91993282283804, 0],
              [-90.6548303974975, 47.91997122283286, 0],
              [-90.65461720751765, 47.92020518314816, 0],
              [-90.65430401797867, 47.92061304305631, 0],
              [-90.65412765802714, 47.92067257324032, 0],
              [-90.65377601789908, 47.92070118334351, 0],
              [-90.6536472273351, 47.92072101306633, 0],
              [-90.6534783979606, 47.92075914337634, 0],
              [-90.65346475794132, 47.92076222327452, 0],
              [-90.65328113780569, 47.92080796299113, 0],
              [-90.6530679172831, 47.92091608309716, 0],
              [-90.65289256793628, 47.92105646347157, 0],
              [-90.65274774783437, 47.92122446297593, 0],
              [-90.65257945744905, 47.92150446314487, 0],
              [-90.65240222792833, 47.92179135350538, 0],
              [-90.65237429750951, 47.92183683345198, 0],
              [-90.65216050745505, 47.92226422367974, 0],
              [-90.65215185757717, 47.92241304335814, 0],
              [-90.65219727729625, 47.92257909342167, 0],
              [-90.65232013718273, 47.92274948329868, 0],
              [-90.6524863677311, 47.92285593364463, 0],
              [-90.65257219816324, 47.92294845318141, 0],
              [-90.65251051803921, 47.92300608321559, 0],
              [-90.65242412795664, 47.92303172363292, 0],
              [-90.65234092779166, 47.9230565236648, 0],
              [-90.65202251724425, 47.92316220344014, 0],
              [-90.65177779729623, 47.9232646437249, 0],
              [-90.651335947449, 47.92344960351534, 0],
              [-90.65117526759077, 47.92346880371606, 0],
              [-90.65093165706213, 47.92334234352013, 0],
              [-90.65077829757514, 47.92318174386893, 0],
              [-90.65058803709292, 47.92293040378798, 0],
              [-90.65028249670857, 47.92273069338813, 0],
              [-90.64995486675141, 47.92257551337649, 0],
              [-90.64969562643515, 47.92248022340339, 0],
              [-90.6493939865358, 47.9224174535638, 0],
              [-90.64935994667472, 47.92241036388414, 0],
              [-90.6488479662516, 47.92240887394964, 0],
              [-90.6484971768281, 47.92246917382221, 0],
              [-90.64826847653653, 47.92256796379667, 0],
              [-90.64819475629274, 47.92262243380076, 0],
              [-90.64803412674016, 47.92274110360021, 0],
              [-90.64800184667874, 47.92276496346368, 0],
              [-90.64774165594491, 47.92293059401607, 0],
              [-90.64724230583467, 47.9231050238651, 0],
              [-90.64719440586708, 47.92313109405092, 0],
              [-90.64687194571438, 47.92332667390327, 0],
              [-90.6466963762803, 47.92348954377751, 0],
              [-90.64648327613197, 47.92353916385773, 0],
              [-90.64655153641547, 47.9236575341764, 0],
              [-90.6466507256942, 47.92377654412667, 0],
              [-90.64667359590302, 47.92386249384811, 0],
              [-90.64664337567855, 47.92393835431078, 0],
              [-90.64651240580169, 47.92399651418434, 0],
              [-90.64624631583138, 47.92411467396957, 0],
              [-90.64591844602403, 47.92413044387732, 0],
              [-90.64560589608556, 47.92419602405601, 0],
              [-90.64539180599378, 47.92430410397244, 0],
              [-90.64530847557307, 47.92435188424952, 0],
              [-90.64514042593625, 47.92451490439793, 0],
              [-90.6450793153441, 47.92462612411497, 0],
              [-90.64508714595844, 47.92471176421764, 0],
              [-90.64522375545863, 47.92485404432782, 0],
              [-90.64540554572605, 47.92494958395697, 0],
              [-90.64549098628935, 47.92499449407712, 0],
              [-90.64571217576682, 47.9250800143813, 0],
              [-90.6457958161063, 47.92511772431854, 0],
              [-90.64591877570575, 47.92519222431358, 0],
              [-90.6459487363171, 47.92526932406862, 0],
              [-90.64593364641698, 47.92541748438425, 0],
              [-90.64584223565028, 47.92553258418397, 0],
              [-90.64555984574913, 47.92567076452345, 0],
              [-90.64546428566415, 47.92571052428988, 0],
              [-90.64517862589538, 47.92582940431031, 0],
              [-90.64507857603063, 47.92587684427863, 0],
              [-90.64501051607144, 47.92593843430689, 0],
              [-90.64498779588128, 47.92599645468657, 0],
              [-90.64510184598974, 47.92613826414946, 0],
              [-90.64514306608487, 47.92617269449396, 0],
              [-90.64532273632821, 47.92632275437829, 0],
              [-90.64542249603714, 47.92639228416421, 0],
              [-90.64547592603361, 47.92652385464774, 0],
              [-90.64543723649264, 47.92669402446217, 0],
              [-90.64530015627523, 47.92689367441476, 0],
              [-90.6450635463176, 47.9270552846349, 0],
              [-90.6448574359605, 47.92720851477338, 0],
              [-90.64480423593274, 47.92729290459104, 0],
              [-90.6447661356866, 47.92743159488249, 0],
              [-90.64472016619855, 47.92763310436859, 0],
              [-90.64421690572189, 47.92800969452235, 0],
              [-90.64409474562304, 47.92810167454295, 0],
              [-90.64369818613748, 47.92821050472556, 0],
              [-90.64298106553777, 47.92833975497955, 0],
              [-90.6427212556896, 47.92831192498234, 0],
              [-90.64248497541368, 47.92819009460695, 0],
              [-90.64229418582374, 47.92800621477321, 0],
              [-90.64207257503642, 47.92792967467873, 0],
              [-90.64195102489361, 47.92780570474231, 0],
              [-90.64182884503182, 47.92767722483112, 0],
              [-90.64162223521141, 47.92754700501166, 0],
              [-90.64144726495365, 47.92729146475797, 0],
              [-90.64122570537027, 47.92704846465798, 0],
              [-90.640981944823, 47.9269624648519, 0],
              [-90.64089808439628, 47.92691125471686, 0],
              [-90.64085181487094, 47.9268248248958, 0],
              [-90.64092856513219, 47.92666443469849, 0],
              [-90.64091296498897, 47.92652914454766, 0],
              [-90.64076779454412, 47.92639118500827, 0],
              [-90.64070738463788, 47.92635036453095, 0],
              [-90.63959966397618, 47.92564384505361, 0],
              [-90.63929272401666, 47.92533694465067, 0],
              [-90.63912758402303, 47.9252012049743, 0],
              [-90.6387845039413, 47.92483422461677, 0],
              [-90.63847200341014, 47.92453086440594, 0],
              [-90.63798320311462, 47.92429585455173, 0],
              [-90.63768017352149, 47.92411989488887, 0],
              [-90.63767542323026, 47.92382586474888, 0],
              [-90.63765655321941, 47.92265790431772, 0],
              [-90.6430128245763, 47.92267482386982, 0],
              [-90.64373428493718, 47.92267458427751, 0],
              [-90.64417510531507, 47.9224697541435, 0],
              [-90.64495982503826, 47.92215267380609, 0],
              [-90.64538758570859, 47.92193248400385, 0],
              [-90.64567852577458, 47.92179817357352, 0],
              [-90.64594746520096, 47.92167402399232, 0],
              [-90.6461980754023, 47.92153566381291, 0],
              [-90.64634624532191, 47.92093373345812, 0],
              [-90.64649824565788, 47.92044438356221, 0],
              [-90.6466858552117, 47.92006673355321, 0],
              [-90.64687754581185, 47.9198047833172, 0],
              [-90.64712900581944, 47.9195600136054, 0],
              [-90.64749098555644, 47.91924424351256, 0],
              [-90.6478433353536, 47.91904202345554, 0],
              [-90.64820249617723, 47.91886018330449, 0],
              [-90.64820423531562, 47.91819028313602, 0],
              [-90.64809236541835, 47.91465554240018, 0],
              [-90.64798049462276, 47.91112080223707, 0],
              [-90.64796120420034, 47.91051129209836, 0],
              [-90.64758526464382, 47.91047538212641, 0],
              [-90.64722672455605, 47.91045003233742, 0],
              [-90.64686782424386, 47.91046967210258, 0],
              [-90.64647076349839, 47.91055601243676, 0],
              [-90.64624202368095, 47.91058281210617, 0],
              [-90.64560110357353, 47.91062365225151, 0],
              [-90.64497589320375, 47.91070530233896, 0],
              [-90.6447164534615, 47.91074497245011, 0],
              [-90.64441101368848, 47.91074770250502, 0],
              [-90.6438922429001, 47.91073255232401, 0],
              [-90.64350331280627, 47.91080555266068, 0],
              [-90.64317525255609, 47.91095628273295, 0],
              [-90.64273980320527, 47.91109581283521, 0],
              [-90.64264471293917, 47.91112760263747, 0],
              [-90.6424349132012, 47.91123351270713, 0],
              [-90.64208377253641, 47.91148725246778, 0],
              [-90.64183206279718, 47.91174302252997, 0],
              [-90.64149601293086, 47.91205105246495, 0],
              [-90.64129818234575, 47.91207847274176, 0],
              [-90.64116048229077, 47.91205315263952, 0],
              [-90.64098468288799, 47.91196405290039, 0],
              [-90.64058835247285, 47.91175795264225, 0],
              [-90.64010793256057, 47.91165359289783, 0],
              [-90.63954292189128, 47.91156999283604, 0],
              [-90.63887197200219, 47.91147970307622, 0],
              [-90.63861971159568, 47.91138003269976, 0],
              [-90.63813160120628, 47.91131600299803, 0],
              [-90.63731417112865, 47.91126766274854, 0],
              [-90.6373089609, 47.91113416278917, 0],
              [-90.6327337495298, 47.91115425328607, 0],
              [-90.62740443841125, 47.91117741340568, 0],
              [-90.6221339166381, 47.91120008398797, 0],
              [-90.6168633849835, 47.91122252454899, 0],
              [-90.61181628320469, 47.91124602483792, 0],
              [-90.60676918232419, 47.91126930534113, 0],
              [-90.60167580024024, 47.91129258523173, 0],
              [-90.59658244869901, 47.9113156459392, 0],
              [-90.59653545872483, 47.90859399543629, 0],
              [-90.59805827920121, 47.90880503570552, 0],
              [-90.59820201862982, 47.90855122558903, 0],
              [-90.59653782848054, 47.90794355550241, 0],
              [-90.59653245835177, 47.90773614518095, 0],
              [-90.59643984743587, 47.90415664495551, 0],
              [-90.5960153566332, 47.9005716142675, 0],
              [-90.5908518358885, 47.90059727483661, 0],
              [-90.5906921450754, 47.89881301471574, 0],
              [-90.590946274876, 47.89702530402087, 0],
              [-90.59145232462164, 47.89346498399549, 0],
              [-90.58989617305495, 47.88994337333506, 0],
              [-90.58719202216588, 47.88618777278901, 0],
              [-90.58436052071225, 47.88225468273238, 0],
              [-90.58413131017761, 47.87832965200827, 0],
              [-90.58390212928737, 47.87440462156972, 0],
              [-90.57847930714097, 47.8741817521056, 0],
              [-90.57305648589288, 47.8739588624011, 0],
              [-90.56780828455962, 47.8741934326284, 0],
              [-90.56256008232803, 47.87442800299891, 0],
              [-90.55731185135036, 47.874662583756, 0],
              [-90.55206365989856, 47.87489712428562, 0],
              [-90.54678012782517, 47.87492673461457, 0],
              [-90.54149663617596, 47.87495633468333, 0],
              [-90.53621311488234, 47.87498594497848, 0],
              [-90.53092959358875, 47.87501554561597, 0],
              [-90.53128614390816, 47.87880119617491, 0],
              [-90.53164267446463, 47.88258686654905, 0],
              [-90.53199514553437, 47.8863792169547, 0],
              [-90.53241895631236, 47.89012994731817, 0],
              [-90.5325610464341, 47.89357862797503, 0],
              [-90.53270313745418, 47.89702729819994, 0],
              [-90.53284524823718, 47.90047600914309, 0],
              [-90.53298733835892, 47.90392468909041, 0],
              [-90.53311713862928, 47.90750535971081, 0],
              [-90.53324694967942, 47.91108607044556, 0],
              [-90.53337674994975, 47.91466674055875, 0],
              [-90.53350658076282, 47.91824742118415, 0],
              [-90.52802865955016, 47.91818336144902, 0],
              [-90.52255074732065, 47.91811934197153, 0],
              [-90.51707285575237, 47.91805528267987, 0],
              [-90.5115949345397, 47.91799123294162, 0],
              [-90.50937323375543, 47.91800105289919, 0],
              [-90.50937906382163, 47.91854388336038, 0],
              [-90.50698515240413, 47.91820637333043, 0],
              [-90.50622887244454, 47.91818509352652, 0],
              [-90.50462156182243, 47.9181398632278, 0],
              [-90.50237880093462, 47.91831849341806, 0],
              [-90.50144993125275, 47.91805415384659, 0],
              [-90.50086035076211, 47.91805459333901, 0],
              [-90.49545564943162, 47.91810600429445, 0],
              [-90.49005096786408, 47.9181574145968, 0],
              [-90.4847532262395, 47.91823913467501, 0],
              [-90.47945548461496, 47.91832082512415, 0],
              [-90.47415774299039, 47.91840254554629, 0],
              [-90.4688599708231, 47.91848425620675, 0],
              [-90.46347548967137, 47.91842341647556, 0],
              [-90.45809096809542, 47.91836260677486, 0],
              [-90.45270634590815, 47.91830176690062, 0],
              [-90.44732171473774, 47.91824081738311, 0],
              [-90.44735031529974, 47.92188996778643, 0],
              [-90.4473789059803, 47.92553907870192, 0],
              [-90.44740750654232, 47.92918822893766, 0],
              [-90.44743610710432, 47.93283733958906, 0],
              [-90.44737955725888, 47.93645512989263, 0],
              [-90.44732326792486, 47.94007291019778, 0],
              [-90.44732015795735, 47.94027276065007, 0],
              [-90.44714685766769, 47.94041042078134, 0],
              [-90.44693899829072, 47.94046186066993, 0],
              [-90.4467197276147, 47.94043674040972, 0],
              [-90.44649985776239, 47.94037499072265, 0],
              [-90.44623636751652, 47.94034057043499, 0],
              [-90.44603596774967, 47.94030492067673, 0],
              [-90.44568565712822, 47.94030199058327, 0],
              [-90.44551136779342, 47.94033309084816, 0],
              [-90.44507205748351, 47.94041147089477, 0],
              [-90.44462302740222, 47.94042805064908, 0],
              [-90.44432654742585, 47.94049874096662, 0],
              [-90.443918057415, 47.94050308102687, 0],
              [-90.44348966702569, 47.94055132054359, 0],
              [-90.44310676642405, 47.94053409090338, 0],
              [-90.4428960863371, 47.94051158061141, 0],
              [-90.44267164675493, 47.94048841075514, 0],
              [-90.44251154631004, 47.94045875065203, 0],
              [-90.44233055644155, 47.94042522106056, 0],
              [-90.44196835661731, 47.94039263083285, 0],
              [-90.44185605642701, 47.94038253108366, 0],
              [-90.4413857964606, 47.94038393083454, 0],
              [-90.44090768611694, 47.94044642070499, 0],
              [-90.44026021639277, 47.94063313101655, 0],
              [-90.43984093581874, 47.94076080124043, 0],
              [-90.43949796533147, 47.94090851097648, 0],
              [-90.43914829610713, 47.9410160414491, 0],
              [-90.43886538518312, 47.94121264107824, 0],
              [-90.4385386454564, 47.94141718095041, 0],
              [-90.43828808556071, 47.94162904114811, 0],
              [-90.4380969851537, 47.94184075123923, 0],
              [-90.43799385586414, 47.94203259137896, 0],
              [-90.43799478562046, 47.94229189141658, 0],
              [-90.43805891545028, 47.94247309136426, 0],
              [-90.43820758573149, 47.9426081616848, 0],
              [-90.43842855602001, 47.94271629158293, 0],
              [-90.43878325580995, 47.9427639814357, 0],
              [-90.43919372570767, 47.94288183116473, 0],
              [-90.4395811565133, 47.94292311157287, 0],
              [-90.44074199635438, 47.94306794115691, 0],
              [-90.44125476639664, 47.94310949100166, 0],
              [-90.44195849670875, 47.94324287114535, 0],
              [-90.4420360168262, 47.94325757132471, 0],
              [-90.44250092732507, 47.943300291422, 0],
              [-90.44292342746108, 47.94343561111222, 0],
              [-90.44330468773903, 47.9435442014218, 0],
              [-90.44349101719355, 47.94363527104959, 0],
              [-90.44370921707777, 47.9437419112845, 0],
              [-90.44398784752943, 47.9438897310461, 0],
              [-90.44412533737862, 47.94404101100313, 0],
              [-90.44419467743708, 47.94422043149223, 0],
              [-90.44424235731742, 47.94444652151873, 0],
              [-90.44426591743238, 47.94466190148426, 0],
              [-90.44434179812443, 47.94500099113549, 0],
              [-90.44455354810488, 47.94523170142681, 0],
              [-90.4447176882736, 47.94533090162538, 0],
              [-90.44487344805901, 47.9454206515291, 0],
              [-90.44506096778132, 47.94545078113987, 0],
              [-90.44534668863554, 47.94549069117365, 0],
              [-90.44576757809224, 47.94550537145859, 0],
              [-90.44620126854173, 47.94555100144256, 0],
              [-90.4468661287515, 47.94561027126086, 0],
              [-90.44712750885476, 47.94570531102475, 0],
              [-90.44729535906562, 47.94578708144999, 0],
              [-90.44729540937126, 47.94730911152193, 0],
              [-90.44733047959997, 47.9508558719753, 0],
              [-90.44736556060843, 47.95440265253651, 0],
              [-90.44737557053564, 47.95538639272087, 0],
              [-90.44725956030322, 47.95543074278066, 0],
              [-90.44689974011617, 47.95561717276399, 0],
              [-90.44665011985828, 47.95575515239296, 0],
              [-90.44627790022537, 47.95601520297308, 0],
              [-90.44578166008263, 47.95629162296822, 0],
              [-90.44533026024563, 47.95652381272031, 0],
              [-90.44501425987812, 47.95679484272514, 0],
              [-90.44460625944913, 47.95701187313394, 0],
              [-90.44424839938601, 47.95727323306176, 0],
              [-90.44390258932414, 47.95751122309796, 0],
              [-90.44357533935434, 47.95780986293522, 0],
              [-90.44342924005149, 47.95793259326942, 0],
              [-90.44329410917823, 47.95804609328761, 0],
              [-90.44288513946705, 47.95825983323169, 0],
              [-90.44227017977299, 47.95880950331964, 0],
              [-90.442052849458, 47.95904349367724, 0],
              [-90.44200886973832, 47.95908866354131, 0],
              [-90.44187272915867, 47.95922851318927, 0],
              [-90.44166680924442, 47.95946631375009, 0],
              [-90.44153781925445, 47.95974952372801, 0],
              [-90.44147599899323, 47.95997986379501, 0],
              [-90.44146078961715, 47.96015500363514, 0],
              [-90.44151365906488, 47.96031922350271, 0],
              [-90.44156777986582, 47.9604371938179, 0],
              [-90.44164442951575, 47.96051574369553, 0],
              [-90.44190352969483, 47.96070147377711, 0],
              [-90.44201786995914, 47.96074841374882, 0],
              [-90.44204158009275, 47.96075815340264, 0],
              [-90.4422887299836, 47.96080460366378, 0],
              [-90.44253996990395, 47.96085978352163, 0],
              [-90.44289813988584, 47.96093223368917, 0],
              [-90.44324709045793, 47.96098215350385, 0],
              [-90.44361067009446, 47.96094512360037, 0],
              [-90.44394381031759, 47.96095651325511, 0],
              [-90.44481237070455, 47.96091932332219, 0],
              [-90.44534081095864, 47.96086265349822, 0],
              [-90.44578089112474, 47.96083129368652, 0],
              [-90.44610543087734, 47.96080727332834, 0],
              [-90.44663151125718, 47.96073864341425, 0],
              [-90.44700604135701, 47.9607189631805, 0],
              [-90.44742762161816, 47.96066824305215, 0],
              [-90.4474359813402, 47.96149622324837, 0],
              [-90.44752092244019, 47.96508947414794, 0],
              [-90.4476063225793, 47.96868273432489, 0],
              [-90.44769882300243, 47.97225818505489, 0],
              [-90.44779131354409, 47.97583360533825, 0],
              [-90.44243103210776, 47.97584542590045, 0],
              [-90.43707079019731, 47.9758572362366, 0],
              [-90.43173242855224, 47.97586596634583, 0],
              [-90.42639412709428, 47.97587436690218, 0],
              [-90.42635354749797, 47.97963997754471, 0],
              [-90.4263245085581, 47.98340475795811, 0],
              [-90.42628631937872, 47.98717061840632, 0],
              [-90.42619346951096, 47.99094014914934, 0],
              [-90.42626364051105, 47.99444261928164, 0],
              [-90.4263338303758, 47.99794513000492, 0],
              [-90.42640406156302, 48.00144668047837, 0],
              [-90.42647436192051, 48.00494826075287, 0],
              [-90.42657892222633, 48.00844907145795, 0],
              [-90.42669240280291, 48.01195012170159, 0],
              [-90.42671959300993, 48.01370010218859, 0],
              [-90.43010241480795, 48.01558297209704, 0],
              [-90.43222942507644, 48.01676675218211, 0],
              [-90.43776103769534, 48.01984491190338, 0],
              [-90.44315472927369, 48.01955124183503, 0],
              [-90.44854450060416, 48.01925491126241, 0],
              [-90.45395506254357, 48.01977048104275, 0],
              [-90.45936563436443, 48.02028606068848, 0],
              [-90.46477767582913, 48.02080177036864, 0],
              [-90.4701896876494, 48.02131745986882, 0],
              [-90.47040801868762, 48.02488704033107, 0],
              [-90.4706263290646, 48.02845659108211, 0],
              [-90.47084674958418, 48.03204353106808, 0],
              [-90.47117328000343, 48.03561231166693, 0],
              [-90.47633676212057, 48.03528875154846, 0],
              [-90.48150021369499, 48.03496516116607, 0],
              [-90.48644843521555, 48.03460338069272, 0],
              [-90.4913966863805, 48.03424156043635, 0],
              [-90.49632268807248, 48.03408860981836, 0],
              [-90.50124954945223, 48.03394136955097, 0],
              [-90.50663649108954, 48.03382626911352, 0],
              [-90.51189151243244, 48.03371321859896, 0],
              [-90.5171346337928, 48.03374422838841, 0],
              [-90.5223777659329, 48.03377519791244, 0],
              [-90.5276208675303, 48.03380617762976, 0],
              [-90.5328639987721, 48.03383715732841, 0],
              [-90.53327718966683, 48.03768069760305, 0],
              [-90.53369038056154, 48.04152421843614, 0],
              [-90.53380333113209, 48.04420729823815, 0],
              [-90.53673650121466, 48.04387563803846, 0],
              [-90.537901342152, 48.04463079855993, 0],
              [-90.53381259096604, 48.04493823846231, 0],
              [-90.53380331136916, 48.04523062882378, 0],
              [-90.53370877177034, 48.04820792903692, 0],
              [-90.53370318155433, 48.04893705897039, 0],
              [-90.53906989313147, 48.04904472906332, 0],
              [-90.54443657506418, 48.04915239833062, 0],
              [-90.54980198677909, 48.04926000792177, 0],
              [-90.55516735806982, 48.04936765752256, 0],
              [-90.55516373875753, 48.05253059807184, 0],
              [-90.5551601095638, 48.0556935286908, 0],
              [-90.56055752106575, 48.0555456782744, 0],
              [-90.56595490202498, 48.05539756804143, 0],
              [-90.57140094382486, 48.05524785719313, 0],
              [-90.57684696586178, 48.05509791713888, 0],
              [-90.58235787770327, 48.05506791634613, 0],
              [-90.58786876888348, 48.0550376759569, 0],
              [-90.5933110108097, 48.05500753582482, 0],
              [-90.59875325273592, 48.0549771554954, 0],
              [-90.60415971386605, 48.0549485248586, 0],
              [-90.6095661758945, 48.05491960478898, 0],
              [-90.61480037698406, 48.05489139443548, 0],
              [-90.62003461849781, 48.05486294388621, 0],
              [-90.62531418989913, 48.05463628343952, 0],
              [-90.63059373165603, 48.0544093830136, 0],
              [-90.63574271316786, 48.05418785269035, 0],
              [-90.64003566489261, 48.05400297235169, 0],
              [-90.64497877589751, 48.05423992203334, 0],
              [-90.64992190756365, 48.05447667187396, 0],
              [-90.65473067911108, 48.05456456103398, 0],
              [-90.6595394803029, 48.05465226090121, 0],
              [-90.66450373225969, 48.05468173053538, 0],
              [-90.66944334342823, 48.05470381999032, 0],
              [-90.67437217571171, 48.05472017991924, 0],
              [-90.67930100709685, 48.05473654945018, 0],
              [-90.6844492385154, 48.05470690931884, 0],
              [-90.68950877028281, 48.05467380876026, 0],
              [-90.69177385071215, 48.05465891872588, 0],
              [-90.69540964168745, 48.05478097869185, 0],
              [-90.69924359292956, 48.0549095580572, 0],
              [-90.70481202479701, 48.05501955801443, 0],
              [-90.71040174673668, 48.05512972766336, 0],
              [-90.71293756681625, 48.05517961703155, 0],
              [-90.71547335814971, 48.05522945711485, 0],
              [-90.72076895998725, 48.05893763713667, 0],
              [-90.72659740202715, 48.06284136732759, 0],
              [-90.7281860429627, 48.06283780720636, 0],
              [-90.73194749387322, 48.06282372701437, 0],
              [-90.73371070441794, 48.06282258693471, 0],
              [-90.73747215532842, 48.06280850673856, 0],
              [-90.73923533622875, 48.06280736605821, 0],
              [-90.74290822762526, 48.06280459600589, 0],
              [-90.74473621838008, 48.06280320617681, 0],
              [-90.74834432866821, 48.06280048595398, 0],
              [-90.75023706998869, 48.06279834567705, 0],
              [-90.7533640102713, 48.06281675505758, 0],
              [-90.75564020106405, 48.06283015504601, 0],
              [-90.75838364246704, 48.06284631487515, 0],
              [-90.76104334291922, 48.06286240505774, 0],
              [-90.76377917379511, 48.06288936470238, 0],
              [-90.76643686471601, 48.06291524429098, 0],
              [-90.76677119430855, 48.06291743439264, 0],
              [-90.77184555636299, 48.06292877393084, 0],
              [-90.77212669670756, 48.06292902427958, 0],
              [-90.7772077476176, 48.06293338346923, 0],
              [-90.77748216766553, 48.06293363381793, 0],
              [-90.78256993977054, 48.062938023025, 0],
              [-90.78283765928477, 48.06293825296156, 0],
              [-90.78793210138075, 48.06294264276856, 0],
              [-90.78819313114107, 48.06294286309942, 0],
              [-90.79329429263537, 48.06294492232223, 0],
              [-90.7935761830732, 48.06294564275, 0],
              [-90.79866245409336, 48.06295889201547, 0],
              [-90.7989592143441, 48.06295967187834, 0],
              [-90.80403061555134, 48.06297289172275, 0],
              [-90.80434223573351, 48.06297434158284, 0],
              [-90.8093720377566, 48.06299801121884, 0],
              [-90.80972528766567, 48.06299968140884, 0],
              [-90.81471344918207, 48.06302362119316, 0],
              [-90.81505725959413, 48.06302351072775, 0],
              [-90.82005367123809, 48.06302209028642, 0],
              [-90.82038920097986, 48.06302201043911, 0],
              [-90.82539388251432, 48.06302060020383, 0],
              [-90.82572116302684, 48.06302482010322, 0],
              [-90.83073302389707, 48.06308965005763, 0],
              [-90.831053134057, 48.0630937696921, 0],
              [-90.83607215539836, 48.06315462941853, 0],
              [-90.8364736062106, 48.06315409930586, 0],
              [-90.84151912785285, 48.0631473489245, 0],
              [-90.84189404782151, 48.06314684882951, 0],
              [-90.84696606886632, 48.0631400486178, 0],
              [-90.8473145190768, 48.06313957854046, 0],
              [-90.8524130404225, 48.06313274831001, 0],
              [-90.85273496068771, 48.06313229804432, 0],
              [-90.85786001197869, 48.06312941814463, 0],
              [-90.85789959264842, 48.0666787485054, 0],
              [-90.85792705324835, 48.06913943845792, 0],
              [-90.85792839353475, 48.07006539858098, 0],
              [-90.85792842317915, 48.07022808863311, 0],
              [-90.85797516432, 48.07375480919701, 0],
              [-90.85802191444402, 48.07728153954024, 0],
              [-90.85915781525617, 48.07731669981563, 0],
              [-90.86036554535843, 48.0774287993663, 0],
              [-90.86232208592872, 48.07775280959228, 0],
              [-90.86342626632985, 48.0781132792991, 0],
              [-90.86384207671196, 48.07824901933045, 0],
              [-90.86476448660862, 48.07848789921345, 0],
              [-90.86515594725662, 48.07854031968819, 0],
              [-90.86599150713329, 48.07852112910247, 0],
              [-90.86653941747286, 48.0784145991651, 0],
              [-90.8674491476493, 48.07812613934494, 0],
              [-90.8680985873789, 48.07778808898209, 0],
              [-90.86854906823937, 48.0774625989168, 0],
              [-90.86878381778604, 48.07746097901165, 0],
              [-90.86996893819094, 48.07745274864434, 0],
              [-90.86997355822643, 48.07745271923517, 0],
              [-90.87052132842881, 48.07788068878767, 0],
              [-90.87121195860912, 48.07829173878078, 0],
              [-90.87228612899159, 48.07867709869261, 0],
              [-90.87316215976844, 48.07885600874734, 0],
              [-90.87414769967003, 48.07893929859633, 0],
              [-90.8743184496426, 48.07894006861436, 0],
              [-90.87511077989286, 48.07894360901656, 0],
              [-90.87540729041194, 48.07899176902534, 0],
              [-90.87542177035604, 48.07899411868819, 0],
              [-90.8762627309042, 48.07929023896023, 0],
              [-90.87669362040664, 48.07936348854749, 0],
              [-90.87713230099753, 48.07939000863058, 0],
              [-90.87790174127606, 48.07935286862715, 0],
              [-90.87821750089506, 48.07931009844371, 0],
              [-90.87947146189511, 48.07914701818805, 0],
              [-90.87948511179586, 48.0812925386537, 0],
              [-90.87950863238494, 48.08498814925014, 0],
              [-90.87953240270566, 48.088685339512, 0],
              [-90.87955614338199, 48.09238257001147, 0],
              [-90.87966258386169, 48.09587085093327, 0],
              [-90.87976903512119, 48.09935913098448, 0],
              [-90.87987544505816, 48.10284744191448, 0],
              [-90.87998188643617, 48.10633572188727, 0],
              [-90.87994688627607, 48.10989044291404, 0],
              [-90.87991188701429, 48.11344514298875, 0],
              [-90.87987687787103, 48.11699986344911, 0],
              [-90.87984189837219, 48.12055458385391, 0],
              [-90.87974536900502, 48.12435394463888, 0],
              [-90.87964884951931, 48.12815330502257, 0],
              [-90.87955233991508, 48.13195266554633, 0],
              [-90.87945583031085, 48.13575202615189, 0],
              [-90.8794446310142, 48.13606796649324, 0],
              [-90.8790345617651, 48.14221355706771, 0],
              [-90.88286540303972, 48.14219745693702, 0],
              [-90.88844196466047, 48.14217315657378, 0],
              [-90.8902782845946, 48.14216509601265, 0],
              [-90.89187585568239, 48.14215805628309, 0],
              [-90.89983443772122, 48.14247610555478, 0],
              [-90.90020337760505, 48.14249083530532, 0],
              [-90.90025372817672, 48.1425017053346, 0],
              [-90.90025404797696, 48.14255569579004, 0],
              [-90.90010147810911, 48.14262939533752, 0],
              [-90.8998952078519, 48.14274258552801, 0],
              [-90.89977351757192, 48.1428213457469, 0],
              [-90.8996588880501, 48.14299470555844, 0],
              [-90.89957543815345, 48.14318662582956, 0],
              [-90.899574647636, 48.14339823565475, 0],
              [-90.8995756582407, 48.14339969583599, 0],
              [-90.89962860763848, 48.14359248554334, 0],
              [-90.89963629811564, 48.14365111551972, 0],
              [-90.89948359799206, 48.14366631607282, 0],
              [-90.89932304749122, 48.14366788593922, 0],
              [-90.89921651807832, 48.14368392566735, 0],
              [-90.89910238801978, 48.1437628157134, 0],
              [-90.89910206821955, 48.14385279596511, 0],
              [-90.89908679775803, 48.14389749591653, 0],
              [-90.89899538788966, 48.14391382568805, 0],
              [-90.89888844794666, 48.14400184560268, 0],
              [-90.89887283792197, 48.14409603568735, 0],
              [-90.89888114823667, 48.14410140579613, 0],
              [-90.89898744768088, 48.14417010585542, 0],
              [-90.89913296757037, 48.14428973567645, 0],
              [-90.89906361763045, 48.14438294580336, 0],
              [-90.89915556828461, 48.14445660616359, 0],
              [-90.89929273833354, 48.14451310606802, 0],
              [-90.89951401854086, 48.14462961579553, 0],
              [-90.89958258784479, 48.14476133567726, 0],
              [-90.89959014806624, 48.14490543582886, 0],
              [-90.89964370831841, 48.14505487621444, 0],
              [-90.89975776830835, 48.14514244582323, 0],
              [-90.89994852825389, 48.14524490607987, 0],
              [-90.9000942188233, 48.14531954581362, 0],
              [-90.90015453799968, 48.14540612597059, 0],
              [-90.9002617384541, 48.14553854574827, 0],
              [-90.9003380683038, 48.14556243573274, 0],
              [-90.90035304860947, 48.14550422571647, 0],
              [-90.9003608082569, 48.14539639600481, 0],
              [-90.90037585863118, 48.14531569589849, 0],
              [-90.90048272850558, 48.14525016577957, 0],
              [-90.90069693897159, 48.14512811603228, 0],
              [-90.90076744863656, 48.14511531589977, 0],
              [-90.9014384084071, 48.14463057603943, 0],
              [-90.90144056885538, 48.14505060610129, 0],
              [-90.90144103867425, 48.14514190576638, 0],
              [-90.90144141866163, 48.14533901596216, 0],
              [-90.90147670897757, 48.14613274594691, 0],
              [-90.90163656957226, 48.14972686665968, 0],
              [-90.90698192100858, 48.14972224631915, 0],
              [-90.91134441221777, 48.14971848603651, 0],
              [-90.91232730298759, 48.14972107580087, 0],
              [-90.9121996937082, 48.15337285631816, 0],
              [-90.91216474385377, 48.15437228602113, 0],
              [-90.91195221413564, 48.15689740652981, 0],
              [-90.91195212430412, 48.16045579698596, 0],
              [-90.91182583464989, 48.16406835783902, 0],
              [-90.90612689284303, 48.1640622480394, 0],
              [-90.9005744815304, 48.1640563084051, 0],
              [-90.90042729167276, 48.16397646870055, 0],
              [-90.9004279519345, 48.16407052865418, 0],
              [-90.90077384194643, 48.16767816888484, 0],
              [-90.90081527224734, 48.16811011870532, 0],
              [-90.900826272118, 48.1682248290024, 0],
              [-90.90115056303725, 48.17128580937666, 0],
              [-90.90151181334224, 48.1745150595438, 0],
              [-90.90153375379472, 48.17488769980121, 0],
              [-90.90162760348741, 48.1764797600463, 0],
              [-90.90164952417699, 48.17733883002388, 0],
              [-90.9016869938058, 48.17846056028002, 0],
              [-90.90168677461686, 48.17848956004691, 0],
              [-90.89555766195978, 48.17837134095351, 0],
              [-90.89103432111075, 48.17832349088956, 0],
              [-90.89037617041784, 48.17831671129826, 0],
              [-90.8902141206288, 48.17831563128379, 0],
              [-90.89014614061966, 48.1783151814275, 0],
              [-90.88958762027828, 48.17830725113728, 0],
              [-90.888873429983, 48.17829712128142, 0],
              [-90.88799881045945, 48.17828470140815, 0],
              [-90.88772548994943, 48.17828081143657, 0],
              [-90.88604801910698, 48.17825697142742, 0],
              [-90.88539023941829, 48.17825258128004, 0],
              [-90.88470655860502, 48.17824802161235, 0],
              [-90.8847050889612, 48.17824799166181, 0],
              [-90.8840008591858, 48.17824046150026, 0],
              [-90.87926701701454, 48.17818974205072, 0],
              [-90.87390184604813, 48.17828369207613, 0],
              [-90.86853671370926, 48.17837764252842, 0],
              [-90.86317154274286, 48.17847162335788, 0],
              [-90.8578063807596, 48.17856556328262, 0],
              [-90.85769636049348, 48.17493034314067, 0],
              [-90.85763696029365, 48.17296781301263, 0],
              [-90.85767127953075, 48.17236896257621, 0],
              [-90.8576649697642, 48.17129512225848, 0],
              [-90.85752214931213, 48.16765217185545, 0],
              [-90.85737934862298, 48.16400922151503, 0],
              [-90.85729120772395, 48.1603845013373, 0],
              [-90.85720310724908, 48.15675977072411, 0],
              [-90.85711499689273, 48.15313505010021, 0],
              [-90.8570268856381, 48.14951032992887, 0],
              [-90.85164475447912, 48.14949746975593, 0],
              [-90.84626262242183, 48.14948461017913, 0],
              [-90.84088765083567, 48.14946161085156, 0],
              [-90.83551370961713, 48.14945142135618, 0],
              [-90.83550395840473, 48.14518235067667, 0],
              [-90.83549656796488, 48.14148231987112, 0],
              [-90.83548204759663, 48.13770072937807, 0],
              [-90.83546753710985, 48.1339191193201, 0],
              [-90.83593471675314, 48.13017897834587, 0],
              [-90.83640191615936, 48.12643886776172, 0],
              [-90.83686909580265, 48.1226987372585, 0],
              [-90.83178325327889, 48.11893442725006, 0],
              [-90.82623022212869, 48.11891026760129, 0],
              [-90.82067719996164, 48.11888609834587, 0],
              [-90.8151241786929, 48.11886193867439, 0],
              [-90.81514378801724, 48.11542361778177, 0],
              [-90.81516339734158, 48.11198527731073, 0],
              [-90.81518303631032, 48.10854696708606, 0],
              [-90.81520264653297, 48.10510862657065, 0],
              [-90.80975612413441, 48.10527990681655, 0],
              [-90.80430962329544, 48.1054512074868, 0],
              [-90.79886312155814, 48.10562248779083, 0],
              [-90.79341661982087, 48.10579378851909, 0],
              [-90.78804441774072, 48.10584275898712, 0],
              [-90.78267225608477, 48.10589172880861, 0],
              [-90.77997495574806, 48.10589782933798, 0],
              [-90.7801045556941, 48.10632131948071, 0],
              [-90.78013943547994, 48.10634375928019, 0],
              [-90.78019338560095, 48.10638550943411, 0],
              [-90.78022412594997, 48.10647160938432, 0],
              [-90.78026211570334, 48.10668622939031, 0],
              [-90.78027695587184, 48.10678721939078, 0],
              [-90.78026421596448, 48.10684301934017, 0],
              [-90.7802616261215, 48.10685436959335, 0],
              [-90.780192935545, 48.10689773951032, 0],
              [-90.78016961617854, 48.10698305940678, 0],
              [-90.78017789595052, 48.10726234960654, 0],
              [-90.78017136609672, 48.10729167934726, 0],
              [-90.78015499609728, 48.10736518957581, 0],
              [-90.78006280559295, 48.10748533943361, 0],
              [-90.77983351600655, 48.10762476951719, 0],
              [-90.77969611598891, 48.10767123932958, 0],
              [-90.77948536583337, 48.10767579927246, 0],
              [-90.77920129518432, 48.1076121795745, 0],
              [-90.7787579756933, 48.10749561943624, 0],
              [-90.77842393535828, 48.10743545937758, 0],
              [-90.77811438489451, 48.10742368936642, 0],
              [-90.77779619533268, 48.1073731494286, 0],
              [-90.7774691654501, 48.10733592945829, 0],
              [-90.77715605496289, 48.10727570982857, 0],
              [-90.77700379501381, 48.10728619981687, 0],
              [-90.77686600512733, 48.10732845966791, 0],
              [-90.77680105513566, 48.10736195944683, 0],
              [-90.77670597475104, 48.10741099980142, 0],
              [-90.77652307506423, 48.10753731946794, 0],
              [-90.77649209486503, 48.10760026984217, 0],
              [-90.77612230427665, 48.10785825004269, 0],
              [-90.77586781425161, 48.10802828967372, 0],
              [-90.77564427478136, 48.10811502988916, 0],
              [-90.77543805482979, 48.10815552976025, 0],
              [-90.77448589452754, 48.1082047001202, 0],
              [-90.77380586446758, 48.10828752976276, 0],
              [-90.77335267428819, 48.10834060007085, 0],
              [-90.77282981347035, 48.10842906005963, 0],
              [-90.77233407368922, 48.10864892034539, 0],
              [-90.77223763325527, 48.10871285006792, 0],
              [-90.77194550381982, 48.10890652039443, 0],
              [-90.7716881131347, 48.10909791008296, 0],
              [-90.7714031037462, 48.10975101057985, 0],
              [-90.77141810381481, 48.10984076073012, 0],
              [-90.77148696327461, 48.10988754043938, 0],
              [-90.77151783387934, 48.10989727053676, 0],
              [-90.77189151417292, 48.10993598037525, 0],
              [-90.7721664839898, 48.10997251048306, 0],
              [-90.77249478409017, 48.11005192017681, 0],
              [-90.77268648367348, 48.11016284054385, 0],
              [-90.77275436396963, 48.1102001604338, 0],
              [-90.77283805371643, 48.11023776040541, 0],
              [-90.77287639381277, 48.11027020023316, 0],
              [-90.7729372744362, 48.11032500012708, 0],
              [-90.77293726455474, 48.11041051046946, 0],
              [-90.77292948424606, 48.11043752017748, 0],
              [-90.77286800444634, 48.11047247065021, 0],
              [-90.77282213377298, 48.11048940065785, 0],
              [-90.77272953453517, 48.11053338050426, 0],
              [-90.77258609424555, 48.11059721071491, 0],
              [-90.77253275408061, 48.11062728050535, 0],
              [-90.77241806437166, 48.11075162072827, 0],
              [-90.7722725938895, 48.11087962061318, 0],
              [-90.77209033380318, 48.11094278042108, 0],
              [-90.77197084349734, 48.1109709006718, 0],
              [-90.7717936535025, 48.11100915085787, 0],
              [-90.77110244390882, 48.11109529044613, 0],
              [-90.77054163376178, 48.11113346076696, 0],
              [-90.76990851372597, 48.11115716043194, 0],
              [-90.76967897350961, 48.11115273095322, 0],
              [-90.7695277232669, 48.1111764408058, 0],
              [-90.76938914286296, 48.11121456068371, 0],
              [-90.76901494334315, 48.11141880069594, 0],
              [-90.76897755276607, 48.11144586085624, 0],
              [-90.76814925307352, 48.11197741113886, 0],
              [-90.76785576269042, 48.11216994097258, 0],
              [-90.76774867272877, 48.11225332082122, 0],
              [-90.76771100277566, 48.1123472212782, 0],
              [-90.76771092282559, 48.11240548088414, 0],
              [-90.7677563030188, 48.1124291307806, 0],
              [-90.76784172292085, 48.1124350709928, 0],
              [-90.76803203281041, 48.11246152124268, 0],
              [-90.76809324311556, 48.11248526108009, 0],
              [-90.76815334310302, 48.11252214084571, 0],
              [-90.76819164277515, 48.1126490213359, 0],
              [-90.76812285338396, 48.11301601131084, 0],
              [-90.76781706326797, 48.1138517314122, 0],
              [-90.76770444327745, 48.11404751152135, 0],
              [-90.76768824305961, 48.1141943410157, 0],
              [-90.76777081350558, 48.11445352121235, 0],
              [-90.76794605325796, 48.11470361145183, 0],
              [-90.76807656319737, 48.11482798139507, 0],
              [-90.76820080379441, 48.11495351155289, 0],
              [-90.7683434131424, 48.1151532913774, 0],
              [-90.76835586379224, 48.11518353122892, 0],
              [-90.76850452329367, 48.11547141137326, 0],
              [-90.76868029395037, 48.11574447152011, 0],
              [-90.76876355340416, 48.11588387139937, 0],
              [-90.76906732410738, 48.11617322116977, 0],
              [-90.76936695357713, 48.11634302158273, 0],
              [-90.76943514379204, 48.1163396912628, 0],
              [-90.76975538420767, 48.11648060145115, 0],
              [-90.76996126459606, 48.11660451129806, 0],
              [-90.77046480444879, 48.11680668121635, 0],
              [-90.77263918557716, 48.11762303113107, 0],
              [-90.77418793592422, 48.11861103148431, 0],
              [-90.77423972559697, 48.11914856162576, 0],
              [-90.77431760593883, 48.12006059154763, 0],
              [-90.77524074616585, 48.12128128152972, 0],
              [-90.77584772702355, 48.12239412204584, 0],
              [-90.77588158722153, 48.12245620210098, 0],
              [-90.77649190711715, 48.12404309215562, 0],
              [-90.77911642864449, 48.12489759211555, 0],
              [-90.78258016978499, 48.127040881887, 0],
              [-90.78410594032876, 48.12733327177698, 0],
              [-90.78578395105869, 48.12789154191202, 0],
              [-90.7869646014467, 48.12936054175282, 0],
              [-90.7871970719675, 48.13004432210878, 0],
              [-90.78715661184711, 48.13098580216116, 0],
              [-90.78680507143203, 48.13154876248925, 0],
              [-90.78543584130966, 48.13217976245551, 0],
              [-90.7839162314121, 48.13250106252566, 0],
              [-90.78278880081479, 48.13359686287638, 0],
              [-90.78274387157585, 48.13615980310261, 0],
              [-90.78863772264653, 48.13616609247874, 0],
              [-90.7890802336538, 48.13629960260484, 0],
              [-90.79094183397665, 48.13578082225677, 0],
              [-90.79167426366546, 48.13579608269297, 0],
              [-90.7918421138763, 48.13575031276125, 0],
              [-90.79271187441249, 48.13562443234915, 0],
              [-90.7939020747903, 48.13553670202105, 0],
              [-90.79406992500114, 48.13546804256472, 0],
              [-90.79438273455273, 48.1352696822502, 0],
              [-90.79495494521905, 48.13540319230921, 0],
              [-90.79536693506621, 48.13545660211081, 0],
              [-90.7967554852554, 48.13613943201732, 0],
              [-90.79831187577395, 48.13685277189274, 0],
              [-90.79686984618095, 48.13937424231069, 0],
              [-90.79555756565435, 48.13987014277931, 0],
              [-90.794138465559, 48.14049574313442, 0],
              [-90.79277278468031, 48.14102978327669, 0],
              [-90.79259770482808, 48.1411067531856, 0],
              [-90.78693144373126, 48.14300925353528, 0],
              [-90.78117683242792, 48.14454457419811, 0],
              [-90.77806571147748, 48.14597642473501, 0],
              [-90.77765367132463, 48.14780341512194, 0],
              [-90.77867331217271, 48.1497881351288, 0],
              [-90.77890981253589, 48.1502764151108, 0],
              [-90.77897084227965, 48.15049384521388, 0],
              [-90.77890216248292, 48.15097830554998, 0],
              [-90.77843672287634, 48.1529924359592, 0],
              [-90.77813913258228, 48.15451447622639, 0],
              [-90.7772540333126, 48.1580353962847, 0],
              [-90.77668177323896, 48.15993889664442, 0],
              [-90.7764070935779, 48.16059882721178, 0],
              [-90.77623159331411, 48.161884366983, 0],
              [-90.77798631388109, 48.16390231746888, 0],
              [-90.77811415402749, 48.16394914740996, 0],
              [-90.77846900473439, 48.16407911724413, 0],
              [-90.77864244426293, 48.16414264724011, 0],
              [-90.77936723467856, 48.16444781709187, 0],
              [-90.77947405514564, 48.16438678722129, 0],
              [-90.78138141564904, 48.16451267738998, 0],
              [-90.78230458552045, 48.16429524677311, 0],
              [-90.78244956552246, 48.16424006705777, 0],
              [-90.78317487606263, 48.16396398663898, 0],
              [-90.78416227637518, 48.16345448680924, 0],
              [-90.78440272573233, 48.16272362654084, 0],
              [-90.78595155602943, 48.16096507613005, 0],
              [-90.78798863685316, 48.16043485609784, 0],
              [-90.79037666700049, 48.15990462579153, 0],
              [-90.79210090772987, 48.16088881610806, 0],
              [-90.79312323813392, 48.16139616570009, 0],
              [-90.79400827901307, 48.16081252601202, 0],
              [-90.79461101892431, 48.16004578558105, 0],
              [-90.79583175932683, 48.15924853516404, 0],
              [-90.79646499883862, 48.15920657509255, 0],
              [-90.79762464931024, 48.16069429552356, 0],
              [-90.7977238296058, 48.16085450574246, 0],
              [-90.79758647989381, 48.16152969529361, 0],
              [-90.79863933055962, 48.16204467534917, 0],
              [-90.79883769025245, 48.1622926356092, 0],
              [-90.79919628064589, 48.1621743755761, 0],
              [-90.79934887027669, 48.16222015550267, 0],
              [-90.80075267116445, 48.16318145561672, 0],
              [-90.8011341209869, 48.16407407577677, 0],
              [-90.80140875124061, 48.16524517604136, 0],
              [-90.80190460241282, 48.16770562598988, 0],
              [-90.80175198223932, 48.16933828657486, 0],
              [-90.80169091296968, 48.17035298673814, 0],
              [-90.80173668303172, 48.1707230062325, 0],
              [-90.80210288305392, 48.17140201628764, 0],
              [-90.80249197304786, 48.17201617680917, 0],
              [-90.80298787362743, 48.17258074681584, 0],
              [-90.80400247402844, 48.1773070872858, 0],
              [-90.80414742438606, 48.17782587740826, 0],
              [-90.80641335551998, 48.1785277875046, 0],
              [-90.8086182560118, 48.17924876730452, 0],
              [-90.80993051677547, 48.17964548687192, 0],
              [-90.81101389668622, 48.17968364697936, 0],
              [-90.81263134749126, 48.17947384720085, 0],
              [-90.8174989586898, 48.17941664662811, 0],
              [-90.81850600964914, 48.18067929666026, 0],
              [-90.81886458926282, 48.18118282668555, 0],
              [-90.81920787955033, 48.18264002703813, 0],
              [-90.82100838095911, 48.18467705691851, 0],
              [-90.82427382169558, 48.18366999648135, 0],
              [-90.82578445203356, 48.18358226622201, 0],
              [-90.8254030318555, 48.18147276628886, 0],
              [-90.82468341124432, 48.17951657597631, 0],
              [-90.82627938063598, 48.17698888548227, 0],
              [-90.82821081149744, 48.1758423755494, 0],
              [-90.83059124189747, 48.17462551481949, 0],
              [-90.83255966268739, 48.17351164486804, 0],
              [-90.83436781325082, 48.17515576488237, 0],
              [-90.8363972044957, 48.17706309506774, 0],
              [-90.83471854518216, 48.18412017575725, 0],
              [-90.83416916519879, 48.18656916606348, 0],
              [-90.83429119504193, 48.18837349647622, 0],
              [-90.83464195661765, 48.19626980733734, 0],
              [-90.8346571767735, 48.19772699791385, 0],
              [-90.83485544753313, 48.20180103840537, 0],
              [-90.83550378862314, 48.20828211890613, 0],
              [-90.83580127920422, 48.21081503967835, 0],
              [-90.83612162023115, 48.21464113006086, 0],
              [-90.8365339307769, 48.21853314027014, 0],
              [-90.836456731358, 48.21887083044363, 0],
              [-90.8364495906498, 48.21890208058209, 0],
              [-90.83631225081928, 48.21917674053289, 0],
              [-90.83696836143818, 48.22015710044639, 0],
              [-90.83722764217865, 48.2251199512857, 0],
              [-90.83759382243791, 48.22656951142005, 0],
              [-90.83963849312744, 48.22766051118031, 0],
              [-90.83976054363183, 48.22829756182031, 0],
              [-90.83976054363183, 48.22863324151418, 0],
              [-90.83937905338517, 48.22919018165527, 0],
              [-90.8391577632964, 48.23053293201828, 0],
              [-90.83847871329841, 48.23162010198637, 0],
              [-90.83770806388753, 48.23474048246202, 0],
              [-90.83928724556314, 48.23956219335787, 0],
              [-90.84312482689734, 48.24119487328261, 0],
              [-90.84387245697907, 48.24372779362647, 0],
              [-90.84765664874098, 48.2445479528847, 0],
              [-90.86695935291871, 48.23825005070731, 0],
              [-90.87130815470131, 48.23803645032078, 0],
              [-90.87511526607939, 48.23781140030079, 0],
              [-90.87772451714523, 48.23891765999398, 0],
              [-90.88153920850766, 48.24049693027079, 0],
              [-90.88575817049406, 48.24592899068426, 0],
              [-90.88926776074833, 48.2445442898889, 0],
              [-90.90215405397315, 48.23936023830218, 0],
              [-90.90687673547532, 48.23744149776877, 0],
              [-90.908013555264, 48.23656794760431, 0],
              [-90.91150028608925, 48.23370316734218, 0],
              [-90.91505569671125, 48.23074302660739, 0],
              [-90.91736741767012, 48.23102912654389, 0],
              [-90.9184736974341, 48.23069725640524, 0],
              [-90.92432821936332, 48.23001516555659, 0],
              [-90.9264617702654, 48.22976651553815, 0],
              [-90.93615124236335, 48.22785923481456, 0],
              [-90.94787015601183, 48.22547894323117, 0],
              [-90.95823865834487, 48.22332753205668, 0],
              [-90.96397603996104, 48.22219079199569, 0],
              [-90.97699960384611, 48.21955111024051, 0],
              [-90.98134847479898, 48.21691520993396, 0],
              [-90.98626955551985, 48.21388259912276, 0],
              [-90.99187729676582, 48.21050666833125, 0],
              [-90.99856843858376, 48.20641358711008, 0],
              [-91.00011723833815, 48.2054256066937, 0],
              [-91.00406931893846, 48.20298808614798, 0],
              [-91.00279526891372, 48.20069166576379, 0],
              [-91.0122710210258, 48.19841439484151, 0],
              [-91.01519313194889, 48.19616377473486, 0],
              [-91.01978606258805, 48.19407339395359, 0],
              [-91.02031954239087, 48.19317963360272, 0],
              [-91.02131196248921, 48.19311211359958, 0],
              [-91.02209780330988, 48.19282983372704, 0],
              [-91.02270816362966, 48.19230342362255, 0],
              [-91.02306675312478, 48.19188381332615, 0],
              [-91.02373817283275, 48.19046096333654, 0],
              [-91.03113108483888, 48.18875968226121, 0],
              [-91.03113376541168, 48.18876094232085, 0],
              [-91.0338200164704, 48.19001765253238, 0],
              [-91.03450865688237, 48.19059519218929, 0],
              [-91.03642584675163, 48.19010628206205, 0],
              [-91.04201818907698, 48.18970579147882, 0],
              [-91.04557349010449, 48.18946549167393, 0],
              [-91.0468170800546, 48.18915651148092, 0],
              [-91.04784784024925, 48.18893964110249, 0],
              [-91.04864814035273, 48.18877125097308, 0],
              [-91.04991462117289, 48.18878270110257, 0],
              [-91.05205849102263, 48.18803505060575, 0],
              [-91.05259530177852, 48.18807825076269, 0],
              [-91.05537727282237, 48.18830210069261, 0],
              [-91.05601814262415, 48.18806559070633, 0],
              [-91.05750589287183, 48.18705472011858, 0],
              [-91.05791026320877, 48.18671141016296, 0],
              [-91.05927596295207, 48.18530381979395, 0],
              [-91.0628083542449, 48.185528909639, 0],
              [-91.06547111435893, 48.18139004867463, 0],
              [-91.07388636665056, 48.17974981777346, 0],
              [-91.07589289756808, 48.17937980770994, 0],
              [-91.0788378382758, 48.17950570779762, 0],
              [-91.07966179820724, 48.17990243735648, 0],
              [-91.08063072915752, 48.18006647741447, 0],
              [-91.08134023923017, 48.18084466756221, 0],
              [-91.08246937932148, 48.18113458751498, 0],
              [-91.08800839046505, 48.17829653664774, 0],
              [-91.08937409110666, 48.17663336638118, 0],
              [-91.09096868068602, 48.17477946637153, 0],
              [-91.09190712101895, 48.17361600562501, 0],
              [-91.09713330284798, 48.17159428503156, 0],
              [-91.10062758311487, 48.17073220478879, 0],
              [-91.10284774418673, 48.17016383467698, 0],
              [-91.10895891569096, 48.16866091415542, 0],
              [-91.11481834691322, 48.16645609354161, 0],
              [-91.11552789741006, 48.1655329631249, 0],
              [-91.11805331679525, 48.16208455267922, 0],
              [-91.11989203792612, 48.16066933219687, 0],
              [-91.1251181990939, 48.15927703165558, 0],
              [-91.13259504069701, 48.15728584054448, 0],
              [-91.13589858167964, 48.15662212016689, 0],
              [-91.13902665294118, 48.15577529024898, 0],
              [-91.14267353361866, 48.15464999957871, 0],
              [-91.13984927168788, 48.14815261902604, 0],
              [-91.15633050500044, 48.14054357694148, 0],
              [-91.16214672635923, 48.13624952570706, 0],
              [-91.17664032930783, 48.12554457349282, 0],
              [-91.17810518958377, 48.12489991329713, 0],
              [-91.1807526199475, 48.12380513265095, 0],
              [-91.18134772058556, 48.12348852260492, 0],
              [-91.18293466011197, 48.12220681222753, 0],
              [-91.18339243080098, 48.12216867232008, 0],
              [-91.18415536098863, 48.12237467257849, 0],
              [-91.18469704061337, 48.12255014207948, 0],
              [-91.18973237266535, 48.12489999244875, 0],
              [-91.1900528026255, 48.12512887206821, 0],
              [-91.19036561307543, 48.12490000204288, 0],
              [-91.19183812340431, 48.12354581193814, 0],
              [-91.21494810694507, 48.1028363271335, 0],
              [-91.22813941054822, 48.09919726616531, 0],
              [-91.2349372821034, 48.09614178514514, 0],
              [-91.24972337471189, 48.08408383237867, 0],
              [-91.2501201147588, 48.08393506251739, 0],
              [-91.25442316534398, 48.08267242172822, 0],
              [-91.26000799685524, 48.08087955135514, 0],
              [-91.26672962839226, 48.07880057033168, 0],
              [-91.26694324866514, 48.07873954065183, 0],
              [-91.2759384012019, 48.07878531997054, 0],
              [-91.28978035546363, 48.07503505830996, 0],
              [-91.29853916753736, 48.07431409724579, 0],
              [-91.30622981985618, 48.07377241695288, 0],
              [-91.3068325597674, 48.07371519697631, 0],
              [-91.30777100010033, 48.07375716690198, 0],
              [-91.30875522037675, 48.07362364668217, 0],
              [-91.30984625123877, 48.0736541666662, 0],
              [-91.31015144128014, 48.07368086676053, 0],
              [-91.31086099087867, 48.07370375657474, 0],
              [-91.31140268128318, 48.07406614656484, 0],
              [-91.31366867260422, 48.07432173629456, 0],
              [-91.31508777269958, 48.07446287632432, 0],
              [-91.31594229331698, 48.074298846155, 0],
              [-91.3173156233503, 48.07413862629732, 0],
              [-91.31772762307894, 48.07401274616192, 0],
              [-91.3179336238416, 48.07397460589848, 0],
              [-91.31881865394097, 48.07402419609844, 0],
              [-91.31916198375436, 48.07410048612718, 0],
              [-91.32442642572964, 48.07379531572983, 0],
              [-91.32605917574229, 48.07313538509935, 0],
              [-91.32818663606672, 48.07210105482605, 0],
              [-91.32837097665123, 48.07197191514413, 0],
              [-91.32872194663611, 48.07188036474962, 0],
              [-91.32879823606162, 48.07180788483743, 0],
              [-91.32873720631785, 48.07165530507179, 0],
              [-91.32877535597133, 48.07161333463227, 0],
              [-91.329164476508, 48.07139590486607, 0],
              [-91.3293170661388, 48.07137301462549, 0],
              [-91.32959935632692, 48.07139209502891, 0],
              [-91.32983587645302, 48.07131961502927, 0],
              [-91.33019447672794, 48.07129291491027, 0],
              [-91.33069039707041, 48.07115558444413, 0],
              [-91.33097269714003, 48.07104114461018, 0],
              [-91.33111003697057, 48.07100681441114, 0],
              [-91.33158306734128, 48.07101825481206, 0],
              [-91.33191113747296, 48.07099155453668, 0],
              [-91.3325596573277, 48.07087330446235, 0],
              [-91.3334981075421, 48.07075886460094, 0],
              [-91.33375751763994, 48.0706749342307, 0],
              [-91.33458914828559, 48.07035450446384, 0],
              [-91.33634691863293, 48.07055550450306, 0],
              [-91.33636406837003, 48.07107592438226, 0],
              [-91.34001088975869, 48.0735668845176, 0],
              [-91.34603057144449, 48.07254837395998, 0],
              [-91.34856357261067, 48.07218217370626, 0],
              [-91.34972326260818, 48.07164430359893, 0],
              [-91.34996740314284, 48.07194566315116, 0],
              [-91.35046331270553, 48.07191133355555, 0],
              [-91.35089057301424, 48.07176637311612, 0],
              [-91.35198159309647, 48.07140016309555, 0],
              [-91.35258433300771, 48.0712132532602, 0],
              [-91.35334728385662, 48.07091952296999, 0],
              [-91.35839804447359, 48.06921437248523, 0],
              [-91.36183133542089, 48.06810049202688, 0],
              [-91.36499759676012, 48.06709724176349, 0],
              [-91.3708264484318, 48.06971409155384, 0],
              [-91.37512189926966, 48.06748633116198, 0],
              [-91.37839498017765, 48.06590706024578, 0],
              [-91.385177711527, 48.06112347935167, 0],
              [-91.39086176285971, 48.05717530823278, 0],
              [-91.41362820907628, 48.05369632633046, 0],
              [-91.41655794939108, 48.0527464760444, 0],
              [-91.41843481029396, 48.0521590155769, 0],
              [-91.42043375044734, 48.05156011569385, 0],
              [-91.423088981781, 48.05084996499511, 0],
              [-91.43780603616497, 48.05246417436008, 0],
              [-91.43953787664165, 48.05457367472734, 0],
              [-91.44509196960051, 48.06109674512467, 0],
              [-91.4466407100661, 48.06298119524819, 0],
              [-91.446228600743, 48.06771900587957, 0],
              [-91.45004331276668, 48.06906176582073, 0],
              [-91.45748207478489, 48.06794025527098, 0],
              [-91.46471484682026, 48.06687214435858, 0],
              [-91.4882364842383, 48.06839037312093, 0],
              [-91.50012327684371, 48.06512501130995, 0],
              [-91.54171377790517, 48.05386051703981, 0],
              [-91.55212098055895, 48.04977885540371, 0],
              [-91.56756392399812, 48.04377080388885, 0],
              [-91.57536147673409, 48.04896263390315, 0],
              [-91.5726602875905, 48.05739689535162, 0],
              [-91.57531520990369, 48.06668949650713, 0],
              [-91.57375089085446, 48.07410142728212, 0],
              [-91.56937847236303, 48.09373178012308, 0],
              [-91.5528825587821, 48.10323021291555, 0],
              [-91.55911597213188, 48.10859752326449, 0],
              [-91.56156514251575, 48.10838011304971, 0],
              [-91.57556588658036, 48.10690013168691, 0],
              [-91.58881899966492, 48.10247901036099, 0],
              [-91.59482366151919, 48.10240658975417, 0],
              [-91.61353057694934, 48.10326655822579, 0],
              [-91.62512934991175, 48.10015234732059, 0],
              [-91.63993892448177, 48.0970739956607, 0],
              [-91.64695813732969, 48.10378793576222, 0],
              [-91.64792593819935, 48.10589862594594, 0],
              [-91.6480370481219, 48.1064399763552, 0],
              [-91.64817576866301, 48.1065067665026, 0],
              [-91.64874444895025, 48.10661998593665, 0],
              [-91.64962083905323, 48.10724407609465, 0],
              [-91.65316098999348, 48.10979995628408, 0],
              [-91.65133739020378, 48.11199721661593, 0],
              [-91.65142130991931, 48.11226424703394, 0],
              [-91.65112373040503, 48.11299284690051, 0],
              [-91.65180275075862, 48.11400375719369, 0],
              [-91.65332870096545, 48.11435090714144, 0],
              [-91.65464310151613, 48.11392222685168, 0],
              [-91.65528195190517, 48.11371386681372, 0],
              [-91.66191994310269, 48.11196297612555, 0],
              [-91.66227855325906, 48.11163872616379, 0],
              [-91.66739062479249, 48.10869763496792, 0],
              [-91.67110634516682, 48.10865188467183, 0],
              [-91.6768439971759, 48.10749226454939, 0],
              [-91.68091828818072, 48.10833916408529, 0],
              [-91.681849079359, 48.1098192839523, 0],
              [-91.68757532096733, 48.11199129434664, 0],
              [-91.68360367056856, 48.11775389494019, 0],
              [-91.6821004414502, 48.12251845598289, 0],
              [-91.6906535231542, 48.12030218511287, 0],
              [-91.69214898364196, 48.11974143491018, 0],
              [-91.69137498351508, 48.11811062455223, 0],
              [-91.69217197332671, 48.11686895453904, 0],
              [-91.69304941356026, 48.11661719439489, 0],
              [-91.6967117443623, 48.11593439397147, 0],
              [-91.70341841625489, 48.11374862313373, 0],
              [-91.70854562799411, 48.11426747311968, 0],
              [-91.70991898857015, 48.11437811269798, 0],
              [-91.71032335800878, 48.11469092248482, 0],
              [-91.71176539838154, 48.11466041245448, 0],
              [-91.71261227882744, 48.11551873292251, 0],
              [-91.71176529956686, 48.11747186286311, 0],
              [-91.70934657847785, 48.11938682336065, 0],
              [-91.70917870850407, 48.11987892352045, 0],
              [-91.70791966932772, 48.12340752421272, 0],
              [-91.70379951842935, 48.12490285449964, 0],
              [-91.70054902835413, 48.13066304585664, 0],
              [-91.69953421774734, 48.1319791159407, 0],
              [-91.69951113912937, 48.13745322637357, 0],
              [-91.69780954941989, 48.14158454705905, 0],
              [-91.69812991919292, 48.14408318734472, 0],
              [-91.69916753982142, 48.14500635790196, 0],
              [-91.70057905993241, 48.14477367735589, 0],
              [-91.70231865107336, 48.14479276769104, 0],
              [-91.70322658102596, 48.14521621718066, 0],
              [-91.70468381191019, 48.14712358737825, 0],
              [-91.70691922278233, 48.15035085753778, 0],
              [-91.70705654374824, 48.1509879175884, 0],
              [-91.70818567395808, 48.15300591793458, 0],
              [-91.70697251353992, 48.1537650380485, 0],
              [-91.70509543434642, 48.15799552899038, 0],
              [-91.7046833537694, 48.16005928907283, 0],
              [-91.70498088477464, 48.16102822948351, 0],
              [-91.70513337469244, 48.16400370968691, 0],
              [-91.70485847584246, 48.1707099806331, 0],
              [-91.70942863778242, 48.17290350077538, 0],
              [-91.71703556981171, 48.17183164983186, 0],
              [-91.72308609155954, 48.1689783192904, 0],
              [-91.72436784194288, 48.17052328919732, 0],
              [-91.72300200206242, 48.17350638986223, 0],
              [-91.72235329266314, 48.17846933035564, 0],
              [-91.72138425211838, 48.18025842076491, 0],
              [-91.71229692075538, 48.18751009209482, 0],
              [-91.71042745119064, 48.19252641312286, 0],
              [-91.71037400143122, 48.19387301335111, 0],
              [-91.71315109282644, 48.19799294364218, 0],
              [-91.7153865638857, 48.19948453381402, 0],
              [-91.72535860734448, 48.20131573304212, 0],
              [-91.73723806161235, 48.20415786300465, 0],
              [-91.7379094813203, 48.20423035268634, 0],
              [-91.73883268173444, 48.20420747249991, 0],
              [-91.74209058291072, 48.20457755239411, 0],
              [-91.74157195136122, 48.19934755177884, 0],
              [-91.74386090272262, 48.19871816139771, 0],
              [-91.74842351342429, 48.19866863101289, 0],
              [-91.75013255465907, 48.19936674096167, 0],
              [-91.75355823597762, 48.20096136101139, 0],
              [-91.755908006877, 48.20600827165385, 0],
              [-91.7607681881098, 48.2048296008636, 0],
              [-91.7627672881633, 48.20176641054023, 0],
              [-91.76423223916908, 48.20066017040019, 0],
              [-91.78069718333059, 48.20077105911769, 0],
              [-91.78624416432737, 48.19619730818665, 0],
              [-91.78869329518538, 48.19634612792088, 0],
              [-91.7911040769639, 48.20252218838878, 0],
              [-91.7974291094895, 48.20272064798517, 0],
              [-91.79841333964738, 48.20304872820572, 0],
              [-91.8093847732328, 48.20625325760163, 0],
              [-91.81349713483937, 48.20811108758863, 0],
              [-91.81412276472236, 48.20841245768879, 0],
              [-91.81547310596923, 48.2118457077457, 0],
              [-91.83257905108658, 48.20939693647557, 0],
              [-91.8345891016034, 48.20994847607303, 0],
              [-91.83594372152596, 48.21032014636625, 0],
              [-91.84538938456761, 48.20879822544788, 0],
              [-91.864433249976, 48.20699417360762, 0],
              [-91.86757631322135, 48.21921266501756, 0],
              [-91.87513725599966, 48.22288250489613, 0],
              [-91.8842699091654, 48.22739540529975, 0],
              [-91.89312008349677, 48.23799269577448, 0],
              [-91.90237498659287, 48.23714977475595, 0],
              [-91.90598536782204, 48.23734507445346, 0],
              [-91.90630379723405, 48.23757414482196, 0],
              [-91.90653818745463, 48.2377514348197, 0],
              [-91.90658622755939, 48.2377877746611, 0],
              [-91.90721735782685, 48.23819453477186, 0],
              [-91.90763946809403, 48.23833620475276, 0],
              [-91.90969949907662, 48.23834004469399, 0],
              [-91.91068374899744, 48.23811499421458, 0],
              [-91.9111796792214, 48.2381531442846, 0],
              [-91.91314813953718, 48.23839349451599, 0],
              [-91.91343042972534, 48.23880548436063, 0],
              [-91.91475037018635, 48.23887035408335, 0],
              [-91.91657389092433, 48.23849653431923, 0],
              [-91.92121282159424, 48.23679144325778, 0],
              [-91.92889599454001, 48.23594850304585, 0],
              [-91.93756342638977, 48.23424727202416, 0],
              [-91.94209560755951, 48.23037927121164, 0],
              [-91.94515512838173, 48.23036405087616, 0],
              [-91.95125120998581, 48.23338916081345, 0],
              [-91.95254827035656, 48.23312978048336, 0],
              [-91.95834687215934, 48.23307645022141, 0],
              [-91.95976590308442, 48.23679957091976, 0],
              [-91.95703440298652, 48.23883275139651, 0],
              [-91.95825502391313, 48.24380707180139, 0],
              [-91.94964102205984, 48.2444478327003, 0],
              [-91.94807688177534, 48.24588593263588, 0],
              [-91.95407376421922, 48.24941838290423, 0],
              [-91.95411190399123, 48.24990666290016, 0],
              [-91.9542263242056, 48.25140583296322, 0],
              [-91.95409661466509, 48.25175678319207, 0],
              [-91.9540889744936, 48.25221072285373, 0],
              [-91.9569196153612, 48.25223365276854, 0],
              [-91.95906354629639, 48.25361459309, 0],
              [-91.96928740908888, 48.25375204244247, 0],
              [-91.96992830943339, 48.25374442229383, 0],
              [-91.97125455966098, 48.25341431205999, 0],
              [-91.97120114942744, 48.25315109214605, 0],
              [-91.97138427009979, 48.2529985119132, 0],
              [-91.97148344949706, 48.25302521212606, 0],
              [-91.97166657016942, 48.25301377217009, 0],
              [-91.97184204977195, 48.25304047177683, 0],
              [-91.97235323967764, 48.25297563198671, 0],
              [-91.97252109976995, 48.25282685180316, 0],
              [-91.97252109976995, 48.25207536167773, 0],
              [-91.97267370018051, 48.25192659143578, 0],
              [-91.97287970004484, 48.25182741163223, 0],
              [-91.97294448025492, 48.25135624168323, 0],
              [-91.97299414990361, 48.25096911138262, 0],
              [-91.9731009595909, 48.25066393145804, 0],
              [-91.97312384956265, 48.25028628167049, 0],
              [-91.97268132957224, 48.24996584129433, 0],
              [-91.97217013966653, 48.24988955156702, 0],
              [-91.97202516954599, 48.24976748166519, 0],
              [-91.97193360965898, 48.24983232133609, 0],
              [-91.97176575944813, 48.24960726159811, 0],
              [-91.97149871906025, 48.24938219129877, 0],
              [-91.97130035936742, 48.24901217144427, 0],
              [-91.9708273191152, 48.24869555148096, 0],
              [-91.97099517920752, 48.24803943131493, 0],
              [-91.97112488874804, 48.24784870139325, 0],
              [-91.97415390907139, 48.24671577102507, 0],
              [-91.9744655193721, 48.2461718306503, 0],
              [-91.97460407911478, 48.24592995082619, 0],
              [-91.97473378955361, 48.24571633046121, 0],
              [-91.97510764951024, 48.24533106042293, 0],
              [-91.975850649675, 48.24492029028138, 0],
              [-91.97591785982792, 48.24498317031297, 0],
              [-91.97632223016485, 48.24525401061351, 0],
              [-91.97691732990461, 48.24569652034301, 0],
              [-91.977146220639, 48.24581859039053, 0],
              [-91.97718436041102, 48.24622295061371, 0],
              [-91.97700887002867, 48.24641749063875, 0],
              [-91.97690967985163, 48.24647090091405, 0],
              [-91.97686389990814, 48.24657389094769, 0],
              [-91.9767570803394, 48.24664255065549, 0],
              [-91.9767875907197, 48.24672266061024, 0],
              [-91.9767112905144, 48.24684091103953, 0],
              [-91.97665024999085, 48.24702402057856, 0],
              [-91.97713854094164, 48.24739404105927, 0],
              [-91.9774055804312, 48.24753900079031, 0],
              [-91.97783284073991, 48.24759623059671, 0],
              [-91.97806174045743, 48.2475542704531, 0],
              [-91.9782753706118, 48.24756572060348, 0],
              [-91.97877894100723, 48.24763058041378, 0],
              [-91.98060243120247, 48.24792336049196, 0],
              [-91.98198355232424, 48.24990726047474, 0],
              [-91.98923145648058, 48.2603097216438, 0],
              [-92.00014194027226, 48.26371255128905, 0],
              [-92.00652800254161, 48.26543307070428, 0],
              [-92.00701616413501, 48.2749545322967, 0],
              [-92.00726785500963, 48.28056975282779, 0],
              [-92.01192952742926, 48.28697849330926, 0],
              [-92.01195241740103, 48.28700901325632, 0],
              [-92.01212787813895, 48.28804279359033, 0],
              [-92.0130433099225, 48.29752993488104, 0],
              [-92.00922834008233, 48.30447260576389, 0],
              [-92.00921307950227, 48.30444971601477, 0],
              [-92.00014154950512, 48.32087580881446, 0],
              [-92.01192135365851, 48.32297768838945, 0],
              [-92.03080490931458, 48.32573218697102, 0],
              [-92.03531401186636, 48.33050824727813, 0],
              [-92.03769445304619, 48.33308319762872, 0],
              [-92.04691877569338, 48.33478850730607, 0],
              [-92.04752144733266, 48.34010619772362, 0],
              [-92.0478723679102, 48.34359663824628, 0],
              [-92.04511036731346, 48.34575189877084, 0],
              [-92.04588856796262, 48.34786905910792, 0],
              [-92.04881837924432, 48.34858626858477, 0],
              [-92.05525009299811, 48.35936668004669, 0],
              [-92.06282642481557, 48.35942020923174, 0],
              [-92.06703040649629, 48.35947748921755, 0],
              [-92.07054772765188, 48.35899308858069, 0],
              [-92.07119625738811, 48.35892824835722, 0],
              [-92.07813932903255, 48.35807767813712, 0],
              [-92.08356413016753, 48.35372901675522, 0],
              [-92.08596749096348, 48.35394267690097, 0]
            ],
            [
              [-92.08137616920702, 48.35012496692456, 0],
              [-92.0814056788641, 48.35015016686816, 0],
              [-92.08141007881237, 48.35018348658205, 0],
              [-92.08138974903918, 48.35020329679295, 0],
              [-92.08134961860047, 48.35021295682762, 0],
              [-92.08129981869608, 48.3502059068711, 0],
              [-92.08126019939877, 48.35018728647996, 0],
              [-92.08125830934341, 48.3501539864695, 0],
              [-92.08128374873395, 48.3501275567087, 0],
              [-92.08132633875988, 48.35011957661493, 0],
              [-92.08137616920702, 48.35012496692456, 0]
            ],
            [
              [-92.16759787424358, 48.3469774699626, 0],
              [-92.16760863426406, 48.34703613950828, 0],
              [-92.1675896645402, 48.34712191974565, 0],
              [-92.16754744462017, 48.34719582005937, 0],
              [-92.16751153446668, 48.3472424298782, 0],
              [-92.1674641447422, 48.3472749001243, 0],
              [-92.16742282403575, 48.34729255975982, 0],
              [-92.16737004441954, 48.34729607986493, 0],
              [-92.16734392410604, 48.34729202004218, 0],
              [-92.16732919443031, 48.34727591985664, 0],
              [-92.16732962472334, 48.3472499399603, 0],
              [-92.16735348397728, 48.34723346960073, 0],
              [-92.1674006042072, 48.34721818972092, 0],
              [-92.16742640472047, 48.34719867985169, 0],
              [-92.16744237407129, 48.34717163003075, 0],
              [-92.16745466392267, 48.34713656978283, 0],
              [-92.16746720440403, 48.34708588987837, 0],
              [-92.16746829406048, 48.34701949952137, 0],
              [-92.16748070428613, 48.34697662993229, 0],
              [-92.16751031455453, 48.34695730982825, 0],
              [-92.16755724434161, 48.34695374969827, 0],
              [-92.16759787424358, 48.3469774699626, 0]
            ],
            [
              [-92.17469974647068, 48.34637415925161, 0],
              [-92.17473861657304, 48.34638847933875, 0],
              [-92.17478153628068, 48.34643189929905, 0],
              [-92.17480471640826, 48.34648720931933, 0],
              [-92.17480744638843, 48.34650427935028, 0],
              [-92.1748041468764, 48.34652229926905, 0],
              [-92.1747919163138, 48.3465342389095, 0],
              [-92.17477671681918, 48.34654415935272, 0],
              [-92.17474946642504, 48.34655499923784, 0],
              [-92.17471773613258, 48.34656378947783, 0],
              [-92.17467831626128, 48.34658355930298, 0],
              [-92.1746421060705, 48.34659031900159, 0],
              [-92.17454586596084, 48.34658862937554, 0],
              [-92.17447679629528, 48.3465811090463, 0],
              [-92.17440617613752, 48.34657659899756, 0],
              [-92.17437619666156, 48.34657036946968, 0],
              [-92.17435680652613, 48.34656019946827, 0],
              [-92.17434650644309, 48.34654608899098, 0],
              [-92.17434246671925, 48.34651697902926, 0],
              [-92.17434896603034, 48.34648694900891, 0],
              [-92.17435537640822, 48.34646292939804, 0],
              [-92.17436612654721, 48.34644896934854, 0],
              [-92.17438286665254, 48.34643705894315, 0],
              [-92.17442067674284, 48.3464242989429, 0],
              [-92.17447502661416, 48.34641164939246, 0],
              [-92.17453249633448, 48.34639200905902, 0],
              [-92.17459897615707, 48.3463734392171, 0],
              [-92.17465168660299, 48.34636980919227, 0],
              [-92.17469974647068, 48.34637415925161, 0]
            ],
            [
              [-92.19340605194479, 48.34528360756798, 0],
              [-92.19341662152243, 48.34528804787558, 0],
              [-92.19342384218068, 48.34529736792287, 0],
              [-92.19342355202483, 48.34530921769488, 0],
              [-92.19341703205251, 48.34532044772013, 0],
              [-92.19340230147847, 48.34532901785945, 0],
              [-92.19338323204163, 48.34533253750315, 0],
              [-92.1933701121469, 48.345331357721, 0],
              [-92.19335904220766, 48.34532451784987, 0],
              [-92.19335585139177, 48.34531332782827, 0],
              [-92.19335929193932, 48.34529877757245, 0],
              [-92.19337243159697, 48.34528827774223, 0],
              [-92.19338969182684, 48.34528349770962, 0],
              [-92.19340605194479, 48.34528360756798, 0]
            ],
            [
              [-92.29370219703526, 48.19613658017378, 0],
              [-92.29370077679881, 48.19613575023495, 0],
              [-92.2934071867027, 48.19566864044467, 0],
              [-92.29370139663635, 48.19548101053694, 0],
              [-92.29370219703526, 48.19613658017378, 0]
            ]
          ]
        ]
      },
      "id": 0
    }
,

    {
      "type": "Feature",
      "properties": {
        "name": "POINT Boundary Waters Canoe Area Wilderness",
        "description": "© 2026 — Rob Chohan Maps",
        "mapkit:Annotation": {
          "type": "ImageAnnotation",
          "111": "info.bubble.orange.png",
          "1": "⚾-48.png",
          "selected": true,
          "size": { "width": 32, "height": 32 },
          "error": "positionForCallout",
          "url": {
            "1": "walk.png"
          }
        }
      },
      "geometry": {
        "coordinates":  [-91.502522, 47.982469],
        "type": "Point"
      }
    },


    {
      "type": "Feature",
      "properties": {
        "name": "POINT Boundary Waters Canoe Area Wilderness",
        "description": "© 2026 — Rob Chohan Maps",
        "marker-color": "#00ff00"
      },
      "geometry": {
        "coordinates":  [-91.0, 47.0],
        "type": "Point"
      }
    }



  ]
}
