{
"type": "FeatureCollection",
"name": "Minnesota Wildernesses",
"crs": { "type": "name", "properties": { "name": "urn:ogc:def:crs:OGC:1.3:CRS84" } },
"features": [
{ "type": "Feature", "properties": { "id": "ID_00000", "Name": "Agassiz Wilderness", "description": "<html xmlns:fo=\"http://www.w3.org/1999/XSL/Format\" xmlns:msxsl=\"urn:schemas-microsoft-com:xslt\">\n\n<head>\n\n<META http-equiv=\"Content-Type\" content=\"text/html\">\n\n<meta http-equiv=\"content-type\" content=\"text/html; charset=UTF-8\">\n\n</head>\n\n<body style=\"margin:0px 0px 0px 0px;overflow:auto;background:#FFFFFF;\">\n\n<table style=\"font-family:Arial,Verdana,Times;font-size:12px;text-align:left;width:100%;border-collapse:collapse;padding:3px 3px 3px 3px\">\n\n<tr style=\"text-align:center;font-weight:bold;background:#9CBCE2\">\n\n<td>Agassiz Wilderness</td>\n\n</tr>\n\n<tr>\n\n<td>\n\n<table style=\"font-family:Arial,Verdana,Times;font-size:12px;text-align:left;width:100%;border-spacing:0px; padding:3px 3px 3px 3px\">\n\n<tr>\n\n<td>OBJECTID_1</td>\n\n<td>104</td>\n\n</tr>\n\n<tr bgcolor=\"#D4E4F3\">\n\n<td>Website</td>\n\n<td><a target=\"_blank\" href=\"https://wilderness.net/visit-wilderness/?ID=2\">https://wilderness.net/visit-wilderness/?ID=2</a></td>\n\n</tr>\n\n<tr>\n\n<td>Wilderness</td>\n\n<td>Agassiz Wilderness</td>\n\n</tr>\n\n<tr bgcolor=\"#D4E4F3\">\n\n<td>State</td>\n\n<td>MN</td>\n\n</tr>\n\n<tr>\n\n<td>Comment</td>\n\n<td>&lt;Null&gt;</td>\n\n</tr>\n\n<tr bgcolor=\"#D4E4F3\">\n\n<td>Date of Last Update</td>\n\n<td>2/25/2019</td>\n\n</tr>\n\n<tr>\n\n<td>WID</td>\n\n<td>2</td>\n\n</tr>\n\n<tr bgcolor=\"#D4E4F3\">\n\n<td>Abbreviated Name</td>\n\n<td>Agassiz</td>\n\n</tr>\n\n<tr>\n\n<td>Image</td>\n\n<td><a target=\"_blank\" href=\"https://wilderness.net/images/NWPS/Agassiz.jpg\">https://wilderness.net/images/NWPS/Agassiz.jpg</a></td>\n\n</tr>\n\n<tr bgcolor=\"#D4E4F3\">\n\n<td>Acreage</td>\n\n<td>4000</td>\n\n</tr>\n\n<tr>\n\n<td>Description</td>\n\n<td>The Agassiz Wilderness lies within the 61,500-acre Agassiz National Wildlife Refuge. The Agassiz Wilderness is an important breeding and resting area for migratory birds with habitat management focusing...</td>\n\n</tr>\n\n<tr bgcolor=\"#D4E4F3\">\n\n<td>Agency</td>\n\n<td>FWS</td>\n\n</tr>\n\n<tr>\n\n<td>joinerID</td>\n\n<td>2FWS</td>\n\n</tr>\n\n<tr bgcolor=\"#D4E4F3\">\n\n<td>Designated</td>\n\n<td>1976</td>\n\n</tr>\n\n<tr>\n\n<td>ORIG_FID</td>\n\n<td>41350</td>\n\n</tr>\n\n<tr bgcolor=\"#D4E4F3\">\n\n<td>Shape__Length</td>\n\n<td>55090.550176</td>\n\n</tr>\n\n<tr>\n\n<td>Shape__Area</td>\n\n<td>46680364.643922</td>\n\n</tr>\n\n</table>\n\n</td>\n\n</tr>\n\n</table>\n\n</body><script type=\"text/javascript\">\n\n\t\t\t\tfunction changeImage(attElement, nameElement) {\n\n\t\t\t\tdocument.getElementById('imageAttachment').src = attElement;\n\n\t\t\t\tdocument.getElementById('imageName').innerHTML = nameElement;}\n\n\t\t\t</script></html>\n\n", "altitudeMode": "clampToGround", "tessellate": -1, "extrude": 0, "visibility": -1 }, "geometry": { "type": "MultiPolygon", "coordinates": [ [ [ [ -95.980918382404326, 48.368690171553148, 0.0 ], [ -95.986533319155697, 48.368734874090798, 0.0 ], [ -95.991057267265887, 48.368770928038018, 0.0 ], [ -95.996521390355795, 48.368826373747901, 0.0 ], [ -95.996626667517191, 48.368750601669063, 0.0 ], [ -95.99667503730366, 48.368611396259723, 0.0 ], [ -95.996684333968531, 48.368584639487487, 0.0 ], [ -95.996699589158695, 48.368464610111083, 0.0 ], [ -95.996727920226121, 48.368331841453802, 0.0 ], [ -95.996792125514432, 48.368228743538531, 0.0 ], [ -95.996948197015257, 48.368138554548828, 0.0 ], [ -95.997338458412344, 48.367913416175661, 0.0 ], [ -95.997791080856459, 48.367654248209867, 0.0 ], [ -95.998053099661902, 48.367443190905568, 0.0 ], [ -95.998419053545703, 48.367078746162001, 0.0 ], [ -95.998503040634901, 48.366861486878399, 0.0 ], [ -95.998597587420221, 48.366547166218837, 0.0 ], [ -95.998592894621183, 48.366192443685833, 0.0 ], [ -95.998567245024873, 48.366031845680403, 0.0 ], [ -95.99865257329877, 48.365836045211452, 0.0 ], [ -95.998784163013156, 48.3654509986806, 0.0 ], [ -95.998845357148639, 48.365271942810118, 0.0 ], [ -95.999048199434725, 48.364879501509819, 0.0 ], [ -95.99923662376051, 48.364654196537799, 0.0 ], [ -95.999634094137761, 48.364278184894857, 0.0 ], [ -95.9996929355855, 48.364179780639112, 0.0 ], [ -95.999682206107735, 48.363997390545698, 0.0 ], [ -95.999746243411096, 48.363716093302664, 0.0 ], [ -95.999698299426058, 48.363448543394462, 0.0 ], [ -95.999770047867798, 48.36329616066859, 0.0 ], [ -95.999907510767528, 48.36316355878499, 0.0 ], [ -95.999930310009432, 48.363001620256192, 0.0 ], [ -95.999828218274033, 48.362638683610179, 0.0 ], [ -95.999757139975486, 48.362253451158878, 0.0 ], [ -95.999578941172587, 48.361967796153571, 0.0 ], [ -95.999546460786846, 48.361932906641357, 0.0 ], [ -95.999217345016206, 48.361579379126589, 0.0 ], [ -95.998711244964909, 48.361205378319788, 0.0 ], [ -95.998407485041483, 48.360976720578464, 0.0 ], [ -95.998161392467708, 48.360907988281937, 0.0 ], [ -95.997933906698421, 48.360854030314179, 0.0 ], [ -95.997834163159169, 48.360830372615247, 0.0 ], [ -95.997432837212727, 48.360727945324292, 0.0 ], [ -95.997039222404695, 48.360619986571912, 0.0 ], [ -95.99678994440491, 48.360497442280447, 0.0 ], [ -95.996576541524334, 48.360158981448564, 0.0 ], [ -95.996532284225239, 48.359955804190307, 0.0 ], [ -95.996562292447294, 48.359643159353737, 0.0 ], [ -95.996617948469051, 48.359491111439702, 0.0 ], [ -95.996565812046583, 48.359428079234853, 0.0 ], [ -95.996431199501245, 48.359334705165772, 0.0 ], [ -95.996203211573714, 48.35929765727888, 0.0 ], [ -95.995681354174025, 48.359203780386657, 0.0 ], [ -95.995525617744804, 48.359025077404617, 0.0 ], [ -95.995422687881245, 48.358920136533747, 0.0 ], [ -95.995273993345521, 48.358859451219409, 0.0 ], [ -95.995130159593799, 48.358884764432069, 0.0 ], [ -95.995054051627989, 48.358962045220032, 0.0 ], [ -95.995044329161672, 48.359069837371059, 0.0 ], [ -95.99514843222498, 48.359196068525627, 0.0 ], [ -95.995303496714399, 48.359364209513487, 0.0 ], [ -95.995493934164728, 48.359584988399313, 0.0 ], [ -95.995866929043743, 48.360166693163848, 0.0 ], [ -95.996090893417119, 48.360408091346187, 0.0 ], [ -95.996171695978632, 48.360685532536912, 0.0 ], [ -95.996327096437909, 48.361133126585891, 0.0 ], [ -95.996335310632887, 48.361272768453553, 0.0 ], [ -95.996243612405323, 48.361361114536109, 0.0 ], [ -95.995991484949471, 48.361464546871247, 0.0 ], [ -95.995798197144723, 48.361469576666998, 0.0 ], [ -95.995617148885742, 48.361409729407171, 0.0 ], [ -95.995419503353546, 48.36133965653206, 0.0 ], [ -95.995161676087235, 48.361346362942683, 0.0 ], [ -95.995001245960651, 48.361361281659171, 0.0 ], [ -95.99478197528461, 48.36147460586534, 0.0 ], [ -95.994548456429882, 48.361620450611177, 0.0 ], [ -95.994226926033491, 48.361639561625047, 0.0 ], [ -95.993976976992201, 48.361506288729217, 0.0 ], [ -95.993834988380087, 48.361284168649838, 0.0 ], [ -95.993811183025059, 48.361155757527179, 0.0 ], [ -95.993837837836168, 48.361058193005903, 0.0 ], [ -95.993847561200809, 48.360950400884079, 0.0 ], [ -95.993789892952833, 48.36079064167096, 0.0 ], [ -95.993639187089187, 48.360697770878133, 0.0 ], [ -95.993536927368822, 48.360603725859292, 0.0 ], [ -95.993455957720698, 48.360326284819891, 0.0 ], [ -95.993404995396304, 48.360005089509308, 0.0 ], [ -95.993325367831218, 48.359748938554972, 0.0 ], [ -95.993065193267043, 48.359164385418609, 0.0 ], [ -95.992753219148639, 48.358796084567032, 0.0 ], [ -95.99243319792194, 48.358567928748663, 0.0 ], [ -95.99227434883025, 48.358463475798757, 0.0 ], [ -95.992181572624347, 48.358402470597518, 0.0 ], [ -95.99181180090055, 48.358184205526683, 0.0 ], [ -95.991788796842783, 48.358170626529123, 0.0 ], [ -95.991351763762111, 48.3578702193075, 0.0 ], [ -95.991232070437022, 48.35775505158395, 0.0 ], [ -95.991140707281048, 48.357574673359309, 0.0 ], [ -95.990838623613925, 48.357098581634418, 0.0 ], [ -95.990611473814553, 48.356803538592942, 0.0 ], [ -95.990442830391331, 48.356678815306289, 0.0 ], [ -95.990041840414804, 48.356441942652893, 0.0 ], [ -95.989689631653164, 48.356214625720298, 0.0 ], [ -95.989436666069139, 48.356027541497902, 0.0 ], [ -95.989278582342052, 48.355805924621087, 0.0 ], [ -95.989202810346171, 48.355614313531753, 0.0 ], [ -95.989077417210595, 48.355402419571448, 0.0 ], [ -95.988925537248889, 48.355288090341134, 0.0 ], [ -95.988752367214929, 48.35522271114089, 0.0 ], [ -95.988440560183193, 48.355134030273703, 0.0 ], [ -95.988140487843992, 48.354969913642528, 0.0 ], [ -95.987707311230849, 48.354733878318868, 0.0 ], [ -95.987407238891649, 48.354569593253473, 0.0 ], [ -95.987152429066356, 48.354350322615232, 0.0 ], [ -95.986845483716934, 48.35406802055391, 0.0 ], [ -95.986123968558815, 48.35359209544427, 0.0 ], [ -95.98582205197836, 48.353395624525149, 0.0 ], [ -95.985608314026166, 48.353325886267342, 0.0 ], [ -95.985477556151722, 48.353297052393117, 0.0 ], [ -95.98520246236734, 48.353282803494942, 0.0 ], [ -95.984911275264622, 48.353268721742282, 0.0 ], [ -95.984526544794747, 48.353310966391582, 0.0 ], [ -95.983997479313203, 48.353367796570737, 0.0 ], [ -95.983594142038854, 48.353367460481373, 0.0 ], [ -95.983333129346519, 48.35332052256264, 0.0 ], [ -95.983149733789688, 48.353217760796667, 0.0 ], [ -95.982817473915546, 48.353054312563764, 0.0 ], [ -95.982458057970391, 48.352977702758629, 0.0 ], [ -95.982262257577773, 48.3529396485389, 0.0 ], [ -95.982020019674906, 48.352935289488492, 0.0 ], [ -95.98184349712831, 48.352950544969417, 0.0 ], [ -95.98163596114486, 48.3529882636861, 0.0 ], [ -95.981155174719959, 48.353043751650063, 0.0 ], [ -95.980997259876176, 48.353029120622992, 0.0 ], [ -95.980701044004476, 48.353001674526602, 0.0 ], [ -95.980441371598559, 48.35297619362818, 0.0 ], [ -95.980068377617869, 48.352942833952653, 0.0 ], [ -95.980018094419833, 48.352920398749717, 0.0 ], [ -95.979886154362475, 48.352861530024441, 0.0 ], [ -95.979770987648109, 48.352821463935783, 0.0 ], [ -95.979544172022031, 48.352805874113997, 0.0 ], [ -95.979369494615028, 48.352853482901452, 0.0 ], [ -95.979256382347714, 48.352914683985809, 0.0 ], [ -95.979181739534127, 48.35295507176609, 0.0 ], [ -95.979043102536323, 48.353066216049967, 0.0 ], [ -95.978887702077017, 48.353166965756117, 0.0 ], [ -95.978506660089707, 48.353273584003702, 0.0 ], [ -95.978299795147734, 48.353322031085987, 0.0 ], [ -95.97805621695845, 48.35329604830234, 0.0 ], [ -95.977859241569462, 48.353236704231449, 0.0 ], [ -95.977646006673851, 48.353177694988133, 0.0 ], [ -95.977387675452647, 48.353173672048733, 0.0 ], [ -95.977197574870544, 48.353232345206443, 0.0 ], [ -95.976973274527253, 48.353259669995097, 0.0 ], [ -95.976683260624299, 48.353267046067778, 0.0 ], [ -95.976437335137177, 48.353198146964772, 0.0 ], [ -95.976242037801129, 48.353170989889968, 0.0 ], [ -95.975946491174355, 48.353081974136202, 0.0 ], [ -95.975695536918266, 48.352927076420357, 0.0 ], [ -95.975670181071067, 48.352887773904342, 0.0 ], [ -95.975606856131733, 48.352789613295037, 0.0 ], [ -95.975528568853036, 48.352555087162507, 0.0 ], [ -95.9754690581604, 48.352487025842358, 0.0 ], [ -95.975493364775375, 48.352487194188463, 0.0 ], [ -95.975411557897388, 48.35236951238133, 0.0 ], [ -95.975375850763157, 48.35227060515254, 0.0 ], [ -95.975413737210275, 48.352149737979019, 0.0 ], [ -95.97557249018223, 48.352045803179813, 0.0 ], [ -95.975795114269189, 48.352010096176627, 0.0 ], [ -95.97607356146456, 48.351902975017033, 0.0 ], [ -95.97623281749307, 48.351808929880868, 0.0 ], [ -95.976344966766391, 48.351676329137781, 0.0 ], [ -95.976524841825622, 48.351422022179889, 0.0 ], [ -95.976640010336624, 48.351339040684103, 0.0 ], [ -95.97682742944761, 48.351214486101327, 0.0 ], [ -95.976952152439978, 48.351041482606618, 0.0 ], [ -95.976990708131979, 48.350930673593659, 0.0 ], [ -95.976962377962863, 48.350701680789918, 0.0 ], [ -95.976998420168684, 48.350550973904433, 0.0 ], [ -95.977127332903535, 48.3504477086585, 0.0 ], [ -95.977197405987283, 48.350366068818822, 0.0 ], [ -95.977220875372382, 48.350255595641087, 0.0 ], [ -95.977176450986633, 48.350007155485663, 0.0 ], [ -95.977241998357968, 48.349845720793823, 0.0 ], [ -95.977281058004834, 48.34974480273268, 0.0 ], [ -95.977256750491563, 48.349585713442977, 0.0 ], [ -95.977278542722047, 48.349445233579573, 0.0 ], [ -95.977332522487472, 48.34934397980345, 0.0 ], [ -95.977505693419744, 48.349229818469802, 0.0 ], [ -95.977526312450451, 48.349069388474611, 0.0 ], [ -95.977581297430689, 48.348728580669963, 0.0 ], [ -95.977635947339294, 48.348637217445898, 0.0 ], [ -95.977754467464621, 48.348614251389911, 0.0 ], [ -95.977890254108033, 48.34863067951207, 0.0 ], [ -95.977967368186967, 48.348668565606062, 0.0 ], [ -95.978019167741195, 48.348787086408628, 0.0 ], [ -95.978051019306221, 48.349075758591823, 0.0 ], [ -95.978064430255102, 48.349305087654088, 0.0 ], [ -95.978164007606026, 48.349472222493027, 0.0 ], [ -95.978323431619501, 48.34963784934547, 0.0 ], [ -95.978433905534828, 48.349734911568703, 0.0 ], [ -95.978650996897954, 48.349859131267408, 0.0 ], [ -95.978822992833841, 48.349984524367748, 0.0 ], [ -95.978949057010922, 48.350090974353371, 0.0 ], [ -95.978968670826831, 48.350170435587273, 0.0 ], [ -95.978974537723943, 48.350270179704637, 0.0 ], [ -95.978970012011558, 48.350449887693173, 0.0 ], [ -95.978963809144517, 48.350599924453341, 0.0 ], [ -95.978984094001945, 48.350689275874267, 0.0 ], [ -95.979033044100092, 48.350757839875101, 0.0 ], [ -95.979099763772865, 48.350876023891693, 0.0 ], [ -95.979075624244572, 48.350976439435307, 0.0 ], [ -95.979022314622341, 48.351087750415857, 0.0 ], [ -95.978879654968694, 48.351211132826229, 0.0 ], [ -95.978732300719372, 48.351254885974981, 0.0 ], [ -95.978508503432664, 48.351270811777511, 0.0 ], [ -95.978253694505682, 48.351267291946947, 0.0 ], [ -95.978108854640851, 48.351350942780023, 0.0 ], [ -95.977932834252513, 48.35141548400636, 0.0 ], [ -95.977799897963507, 48.351448844084828, 0.0 ], [ -95.977546093353013, 48.351465439642638, 0.0 ], [ -95.977426567114577, 48.351468456799147, 0.0 ], [ -95.97732347016435, 48.351501147027463, 0.0 ], [ -95.977222887598629, 48.351573733598947, 0.0 ], [ -95.977110234370429, 48.351696445019698, 0.0 ], [ -95.977044185739146, 48.351847821910219, 0.0 ], [ -95.977049885549633, 48.35194756692318, 0.0 ], [ -95.977128842073213, 48.352015460019267, 0.0 ], [ -95.977266976912773, 48.352071787197971, 0.0 ], [ -95.977465962731344, 48.352146553112632, 0.0 ], [ -95.977632259755055, 48.352172202176106, 0.0 ], [ -95.977841807964751, 48.352166670002873, 0.0 ], [ -95.977976420510089, 48.352163316790381, 0.0 ], [ -95.978097790989807, 48.35219013890211, 0.0 ], [ -95.97825201824935, 48.352265911739153, 0.0 ], [ -95.978498948951298, 48.35238929308769, 0.0 ], [ -95.978772870434241, 48.352462215683289, 0.0 ], [ -95.978968502841866, 48.352476968058461, 0.0 ], [ -95.979221637309152, 48.352450480999167, 0.0 ], [ -95.979443087298051, 48.352394824639767, 0.0 ], [ -95.979621956244159, 48.352380240587323, 0.0 ], [ -95.979833180710173, 48.352404715884489, 0.0 ], [ -95.980045578375965, 48.352449139602328, 0.0 ], [ -95.980225621420132, 48.352454503995688, 0.0 ], [ -95.98050926536942, 48.352437070013622, 0.0 ], [ -95.980804978184551, 48.352369511784353, 0.0 ], [ -95.981155845761478, 48.352220648514617, 0.0 ], [ -95.981313927691915, 48.352106654809127, 0.0 ], [ -95.981369583713658, 48.352035408613673, 0.0 ], [ -95.981379307078285, 48.351945219604687, 0.0 ], [ -95.981343599944054, 48.351846313343223, 0.0 ], [ -95.981276209229748, 48.351718237813103, 0.0 ], [ -95.980866334016767, 48.351369382456461, 0.0 ], [ -95.980506079943424, 48.351099150503458, 0.0 ], [ -95.980365599602663, 48.3510029254698, 0.0 ], [ -95.980152027838813, 48.350938552669078, 0.0 ], [ -95.979892021259602, 48.350845513474063, 0.0 ], [ -95.979670907240632, 48.350651388297592, 0.0 ], [ -95.979478122492452, 48.350426753504188, 0.0 ], [ -95.979403020639751, 48.350169094727349, 0.0 ], [ -95.979335630823755, 48.350041018563637, 0.0 ], [ -95.979311490397137, 48.349881930795704, 0.0 ], [ -95.97925482826227, 48.349424110253857, 0.0 ], [ -95.979222306554036, 48.349125379210463, 0.0 ], [ -95.979138320363191, 48.34896779962434, 0.0 ], [ -95.979002030663224, 48.348816422536352, 0.0 ], [ -95.978874960373034, 48.348690023574157, 0.0 ], [ -95.978669436615789, 48.348505621589922, 0.0 ], [ -95.978588131896075, 48.348397830371241, 0.0 ], [ -95.978567343982064, 48.348298588265841, 0.0 ], [ -95.978561645069917, 48.348198844468563, 0.0 ], [ -95.978541361110786, 48.348109492262999, 0.0 ], [ -95.978507498217851, 48.348040426183829, 0.0 ], [ -95.978440107503545, 48.347912350043373, 0.0 ], [ -95.978335836455258, 48.347665419095513, 0.0 ], [ -95.978250508181361, 48.347487891195449, 0.0 ], [ -95.97792881069833, 48.347366521320382, 0.0 ], [ -95.977701493812319, 48.347322432285956, 0.0 ], [ -95.977463950505111, 48.347358474523659, 0.0 ], [ -95.977243673715975, 48.347434079615219, 0.0 ], [ -95.976768587999885, 48.347506331672783, 0.0 ], [ -95.97628998088787, 48.347518736169178, 0.0 ], [ -95.97584121311462, 48.347530303626527, 0.0 ], [ -95.975524713283832, 48.347498619235168, 0.0 ], [ -95.975342322043488, 48.34745335774636, 0.0 ], [ -95.975087010059966, 48.34744011440543, 0.0 ], [ -95.974818286229237, 48.34745704560607, 0.0 ], [ -95.974672273164657, 48.347520748757688, 0.0 ], [ -95.974571019557402, 48.347583277472957, 0.0 ], [ -95.974501449530223, 48.347674975728303, 0.0 ], [ -95.974494074361729, 48.347804894889961, 0.0 ], [ -95.974457864170944, 48.347955601538366, 0.0 ], [ -95.974390641441602, 48.348087197620622, 0.0 ], [ -95.974319898214659, 48.34815894665617, 0.0 ], [ -95.97422048795039, 48.348251314927907, 0.0 ], [ -95.974074307799143, 48.348315017683802, 0.0 ], [ -95.973825197784336, 48.348411409585367, 0.0 ], [ -95.973360504677743, 48.348663033649473, 0.0 ], [ -95.973245505050016, 48.348745847562419, 0.0 ], [ -95.973208289644433, 48.348876604590117, 0.0 ], [ -95.973261765454978, 48.349025133152878, 0.0 ], [ -95.973268806450179, 48.349144657895813, 0.0 ], [ -95.973261431281685, 48.349274745846593, 0.0 ], [ -95.973251539932093, 48.349364767046623, 0.0 ], [ -95.973213653485004, 48.349485633661892, 0.0 ], [ -95.973220695378515, 48.349605328068407, 0.0 ], [ -95.973335862092881, 48.34978201816034, 0.0 ], [ -95.97350735587051, 48.349897353157402, 0.0 ], [ -95.97375076697314, 48.349961056243671, 0.0 ], [ -95.973962996653952, 48.350005479703917, 0.0 ], [ -95.974268098660431, 48.3500973461339, 0.0 ], [ -95.974589125101943, 48.350208992756983, 0.0 ], [ -95.975198490088403, 48.350382833082328, 0.0 ], [ -95.975352045408115, 48.350448882949237, 0.0 ], [ -95.975400996404588, 48.350517446676513, 0.0 ], [ -95.975420107163941, 48.350586849088423, 0.0 ], [ -95.975378198060994, 48.350637810874289, 0.0 ], [ -95.975259677935682, 48.350660944967437, 0.0 ], [ -95.975139983712268, 48.350663962171573, 0.0 ], [ -95.974957593370235, 48.350618867667308, 0.0 ], [ -95.974655509703126, 48.350576623174042, 0.0 ], [ -95.97441729625271, 48.350602773905727, 0.0 ], [ -95.974038433578272, 48.350657592252887, 0.0 ], [ -95.973427560320445, 48.350713248121849, 0.0 ], [ -95.972844683058455, 48.350738394045187, 0.0 ], [ -95.972455762846081, 48.350748452172247, 0.0 ], [ -95.972287118524548, 48.350682905361737, 0.0 ], [ -95.972040354909254, 48.350559524060408, 0.0 ], [ -95.971870537387943, 48.350474028406033, 0.0 ], [ -95.971580523484988, 48.350381659984023, 0.0 ], [ -95.970879126097685, 48.350170101267793, 0.0 ], [ -95.97057536527592, 48.350098015967809, 0.0 ], [ -95.97028937492712, 48.350075553244267, 0.0 ], [ -95.970020148039836, 48.35008242650683, 0.0 ], [ -95.969647992187319, 48.35012198849347, 0.0 ], [ -95.969322271150105, 48.350190385500987, 0.0 ], [ -95.969010464118384, 48.350238329260193, 0.0 ], [ -95.968710223794218, 48.350226092585281, 0.0 ], [ -95.968570413596666, 48.350139926538162, 0.0 ], [ -95.968502352739151, 48.350001792625633, 0.0 ], [ -95.968471171317333, 48.349754190620473, 0.0 ], [ -95.968488270748779, 48.349534082554662, 0.0 ], [ -95.968526827339076, 48.349423273248888, 0.0 ], [ -95.968640653767039, 48.34932051138437, 0.0 ], [ -95.968720617302054, 48.349148682347327, 0.0 ], [ -95.968713576306868, 48.349028988062308, 0.0 ], [ -95.968679043270711, 48.34895003131588, 0.0 ], [ -95.968613999854242, 48.34886185296368, 0.0 ], [ -95.968505202195246, 48.348794798054243, 0.0 ], [ -95.968368912495279, 48.34876831146908, 0.0 ], [ -95.968233124953571, 48.348751883391287, 0.0 ], [ -95.968022572427387, 48.348737298296143, 0.0 ], [ -95.967870692465667, 48.348701256436577, 0.0 ], [ -95.967627784419562, 48.348647612108188, 0.0 ], [ -95.967565088300944, 48.348599332522653, 0.0 ], [ -95.967336765301823, 48.348535294597959, 0.0 ], [ -95.967078937137188, 48.348482153381781, 0.0 ], [ -95.966792443731819, 48.348449631367203, 0.0 ], [ -95.966626649764677, 48.348433873639458, 0.0 ], [ -95.966477117100794, 48.348437729190628, 0.0 ], [ -95.966358596975454, 48.348460695326168, 0.0 ], [ -95.966226329931345, 48.34850411352101, 0.0 ], [ -95.966047460086898, 48.348518698682852, 0.0 ], [ -95.965748896917404, 48.348536468335737, 0.0 ], [ -95.96546525296813, 48.348553734696253, 0.0 ], [ -95.965309684523845, 48.348582736628408, 0.0 ], [ -95.965198264682527, 48.348578135413099, 0.0 ], [ -95.965159480818457, 48.348576533614562, 0.0 ], [ -95.964946580096111, 48.348522218703302, 0.0 ], [ -95.964811967550787, 48.348525571558348, 0.0 ], [ -95.964557659883752, 48.348532277267779, 0.0 ], [ -95.96421484031346, 48.348560943688121, 0.0 ], [ -95.963797085977092, 48.348591788609347, 0.0 ], [ -95.963615868834822, 48.348566475655822, 0.0 ], [ -95.963478405935092, 48.348520039586212, 0.0 ], [ -95.963217729212701, 48.348416942763343, 0.0 ], [ -95.962973815053488, 48.348343349894847, 0.0 ], [ -95.962607860271362, 48.348233043677318, 0.0 ], [ -95.962347854590476, 48.348139836555383, 0.0 ], [ -95.962030180661614, 48.348088036438597, 0.0 ], [ -95.961637235996776, 48.348028357938993, 0.0 ], [ -95.961244292230248, 48.34796851100846, 0.0 ], [ -95.960835926186917, 48.347899275779959, 0.0 ], [ -95.96050383519605, 48.347857869644997, 0.0 ], [ -95.960219186031964, 48.347855187803461, 0.0 ], [ -95.959997568058114, 48.347869437025388, 0.0 ], [ -95.959999411401071, 48.347866419058811, 0.0 ], [ -95.959553662865517, 48.347768015935813, 0.0 ], [ -95.95938032484662, 48.347625691018713, 0.0 ], [ -95.959231797397536, 48.34727515983365, 0.0 ], [ -95.959331709820077, 48.347101486823483, 0.0 ], [ -95.959324668824877, 48.346979445556201, 0.0 ], [ -95.959317460743037, 48.346857405787823, 0.0 ], [ -95.959256942140655, 48.346761181700131, 0.0 ], [ -95.959160550215728, 48.346678200973088, 0.0 ], [ -95.95893507757097, 48.346586166581311, 0.0 ], [ -95.958545654302057, 48.346510562619997, 0.0 ], [ -95.958082470365156, 48.346424731799033, 0.0 ], [ -95.957635881904807, 48.34631409066629, 0.0 ], [ -95.957265569395233, 48.346250220624889, 0.0 ], [ -95.957024002533885, 48.346195402910098, 0.0 ], [ -95.956816299463767, 48.346090796826452, 0.0 ], [ -95.956588143551286, 48.345949980743427, 0.0 ], [ -95.956248676493615, 48.34578753970726, 0.0 ], [ -95.955836789054374, 48.345639347998869, 0.0 ], [ -95.955597402404194, 48.345620906846023, 0.0 ], [ -95.955195406314559, 48.345643538707662, 0.0 ], [ -95.954904554283445, 48.345687626806267, 0.0 ], [ -95.954798942050431, 48.345763734705002, 0.0 ], [ -95.954661647135666, 48.345926175817027, 0.0 ], [ -95.954615210523684, 48.346074032942177, 0.0 ], [ -95.954564584169219, 48.346148632125278, 0.0 ], [ -95.954369621006478, 48.346263632044668, 0.0 ], [ -95.954155547084369, 48.346366896813542, 0.0 ], [ -95.954034344589601, 48.346492290148298, 0.0 ], [ -95.954057646888089, 48.346577114841118, 0.0 ], [ -95.954135766181835, 48.346660766208849, 0.0 ], [ -95.954285801902273, 48.346717930982543, 0.0 ], [ -95.954413207264068, 48.34670250825571, 0.0 ], [ -95.954575144763695, 48.346649366919493, 0.0 ], [ -95.954718811428791, 48.346596896004897, 0.0 ], [ -95.95493707599168, 48.346566889316193, 0.0 ], [ -95.955248379966861, 48.346558841796231, 0.0 ], [ -95.955614500937315, 48.346549455110953, 0.0 ], [ -95.956057401813439, 48.346599075204203, 0.0 ], [ -95.956427043281479, 48.34665070787203, 0.0 ], [ -95.956687553815556, 48.346717259910129, 0.0 ], [ -95.957075635899784, 48.346768389751468, 0.0 ], [ -95.957373360941133, 48.346846342077811, 0.0 ], [ -95.95744946890693, 48.346893279989857, 0.0 ], [ -95.957772674661328, 48.34709277011153, 0.0 ], [ -95.957891697843209, 48.347248504692317, 0.0 ], [ -95.957974845905909, 48.347417485132631, 0.0 ], [ -95.95815170442242, 48.347620661647227, 0.0 ], [ -95.958353205523807, 48.347933306828672, 0.0 ], [ -95.958453788089528, 48.348089545713833, 0.0 ], [ -95.958403162633374, 48.348164312098241, 0.0 ], [ -95.958312972677163, 48.348190966760583, 0.0 ], [ -95.958184897172174, 48.348194319040388, 0.0 ], [ -95.957961602942007, 48.348138998932328, 0.0 ], [ -95.957775021959179, 48.348082672182542, 0.0 ], [ -95.957591290432433, 48.348075128789837, 0.0 ], [ -95.957387106961605, 48.348031543062753, 0.0 ], [ -95.957273616503542, 48.347973371984637, 0.0 ], [ -95.957040263837143, 48.347899946836819, 0.0 ], [ -95.956702976092359, 48.347774051283508, 0.0 ], [ -95.956327634813832, 48.347624852790183, 0.0 ], [ -95.956065616008388, 48.347533824909291, 0.0 ], [ -95.955769902294946, 48.347492586243007, 0.0 ], [ -95.955640988661784, 48.347483701832388, 0.0 ], [ -95.955382658338905, 48.347453693874741, 0.0 ], [ -95.954842528308021, 48.347308687403597, 0.0 ], [ -95.95436090375496, 48.347223192265602, 0.0 ], [ -95.953938455721229, 48.34720961333187, 0.0 ], [ -95.953645425275568, 48.347217157449748, 0.0 ], [ -95.953301095637272, 48.347287230047961, 0.0 ], [ -95.953085010387255, 48.347353782448899, 0.0 ], [ -95.952856184331566, 48.347518570194786, 0.0 ], [ -95.952789967715333, 48.347642455586723, 0.0 ], [ -95.952670273491933, 48.347792156128122, 0.0 ], [ -95.952511855591581, 48.347906317697223, 0.0 ], [ -95.952370370036022, 48.347995501301043, 0.0 ], [ -95.952264086761488, 48.348059371543307, 0.0 ], [ -95.952086557203458, 48.348161630272799, 0.0 ], [ -95.951929648472799, 48.348300099325932, 0.0 ], [ -95.951868460625533, 48.348509479523749, 0.0 ], [ -95.951824707281304, 48.348706118536832, 0.0 ], [ -95.951812134460582, 48.348804187311053, 0.0 ], [ -95.951761829702974, 48.348870533552173, 0.0 ], [ -95.95172697506996, 48.348916504825738, 0.0 ], [ -95.951737535664449, 48.34909939786894, 0.0 ], [ -95.951744576659635, 48.349221438835642, 0.0 ], [ -95.951939539822376, 48.34942428040106, 0.0 ], [ -95.95220859872471, 48.349637348458039, 0.0 ], [ -95.952425522102871, 48.34990070771299, 0.0 ], [ -95.952512190663171, 48.350130707672299, 0.0 ], [ -95.952507329879182, 48.350363053985042, 0.0 ], [ -95.952536834146372, 48.350557848893779, 0.0 ], [ -95.952487548976634, 48.350656755865167, 0.0 ], [ -95.952452344898944, 48.35068223672954, 0.0 ], [ -95.952396688877215, 48.350671339813957, 0.0 ], [ -95.952375565891629, 48.350623060951612, 0.0 ], [ -95.952343212168358, 48.35037948154342, 0.0 ], [ -95.952315049085868, 48.350208994547998, 0.0 ], [ -95.95217557395992, 48.350017048984853, 0.0 ], [ -95.951926967001668, 48.349840190756012, 0.0 ], [ -95.951572076768898, 48.34972703469515, 0.0 ], [ -95.951203775587246, 48.349699877561349, 0.0 ], [ -95.950984002752975, 48.349705410002443, 0.0 ], [ -95.950857267534374, 48.349733237568991, 0.0 ], [ -95.950750314116661, 48.34978487004652, 0.0 ], [ -95.950609498704296, 48.349886123543662, 0.0 ], [ -95.950502378199914, 48.349937755866307, 0.0 ], [ -95.950394083597473, 48.349965080630753, 0.0 ], [ -95.950285622806703, 48.34999223881718, 0.0 ], [ -95.950160228772816, 48.350044373706773, 0.0 ], [ -95.950037685093335, 48.350145291771639, 0.0 ], [ -95.949972306605275, 48.35028141400975, 0.0 ], [ -95.949866526387297, 48.350357522212327, 0.0 ], [ -95.949722190477345, 48.350397755009432, 0.0 ], [ -95.949553881227402, 48.350341092855878, 0.0 ], [ -95.949527227314604, 48.350195080896533, 0.0 ], [ -95.949525048001718, 48.350158536200588, 0.0 ], [ -95.949467380652067, 48.350111093846138, 0.0 ], [ -95.949315164720431, 48.350017216742067, 0.0 ], [ -95.949052475771779, 48.34991395220554, 0.0 ], [ -95.948573030531591, 48.349865168755422, 0.0 ], [ -95.948042120808807, 48.349878748175577, 0.0 ], [ -95.947715394556809, 48.349936080082237, 0.0 ], [ -95.947394870273556, 48.350103046885778, 0.0 ], [ -95.9470907743802, 48.350233134181011, 0.0 ], [ -95.946944929300557, 48.350249060302872, 0.0 ], [ -95.94685557837083, 48.350288120085153, 0.0 ], [ -95.946734376774387, 48.350413344971003, 0.0 ], [ -95.946668159259829, 48.35053723048982, 0.0 ], [ -95.94660563022785, 48.350722134954367, 0.0 ], [ -95.946652066839846, 48.350892120551897, 0.0 ], [ -95.946693640871189, 48.350976608980339, 0.0 ], [ -95.946661956392802, 48.351062943157451, 0.0 ], [ -95.946575958874021, 48.351163023422757, 0.0 ], [ -95.946528181975623, 48.351286404456893, 0.0 ], [ -95.946572437478096, 48.351419677225117, 0.0 ], [ -95.946636475679767, 48.351576921486043, 0.0 ], [ -95.946790032796116, 48.351695274339548, 0.0 ], [ -95.946883741453306, 48.351729472395917, 0.0 ], [ -95.94697527259423, 48.351727125067363, 0.0 ], [ -95.947083064140116, 48.351687730287622, 0.0 ], [ -95.94717107388513, 48.35162436307283, 0.0 ], [ -95.947296299934052, 48.351572227411793, 0.0 ], [ -95.947418842715223, 48.351471309187893, 0.0 ], [ -95.947628725996509, 48.351294786139441, 0.0 ], [ -95.947718915054423, 48.35126813250352, 0.0 ], [ -95.947792172665828, 48.351266120063023, 0.0 ], [ -95.947900635253248, 48.351238963152433, 0.0 ], [ -95.948082187467094, 48.351209794381631, 0.0 ], [ -95.948244292951699, 48.351156820125993, 0.0 ], [ -95.948368847959102, 48.351092446922728, 0.0 ], [ -95.948617454917354, 48.350951630928691, 0.0 ], [ -95.948796995803292, 48.350885917222172, 0.0 ], [ -95.949015931407715, 48.350868147194547, 0.0 ], [ -95.949218773693801, 48.350887425817596, 0.0 ], [ -95.949406192804801, 48.350955990148819, 0.0 ], [ -95.949466710508872, 48.351052214077107, 0.0 ], [ -95.949472242334366, 48.351149779254847, 0.0 ], [ -95.949442067025672, 48.351260588388342, 0.0 ], [ -95.949358248819763, 48.351397046137528, 0.0 ], [ -95.949290019078987, 48.351484384922841, 0.0 ], [ -95.949265376494125, 48.351692759257709, 0.0 ], [ -95.94926956713492, 48.3517660171592, 0.0 ], [ -95.949274429715558, 48.351851512436816, 0.0 ], [ -95.949242745237171, 48.35193784632559, 0.0 ], [ -95.949268226848517, 48.352059384406758, 0.0 ], [ -95.949332264151863, 48.352216628484548, 0.0 ], [ -95.949336455690968, 48.352289886229848, 0.0 ], [ -95.949230843457968, 48.352365994417561, 0.0 ], [ -95.949069575203211, 48.352431205355387, 0.0 ], [ -95.948760450540902, 48.352475796202327, 0.0 ], [ -95.948747375561936, 48.352480155292056, 0.0 ], [ -95.948497929577229, 48.352498428601713, 0.0 ], [ -95.948356275138394, 48.352525920339012, 0.0 ], [ -95.94818528441732, 48.352661539538872, 0.0 ], [ -95.94797976066009, 48.352821801222653, 0.0 ], [ -95.9477076834184, 48.35306722432405, 0.0 ], [ -95.947584134524135, 48.353094213707053, 0.0 ], [ -95.94738816524827, 48.353111145417053, 0.0 ], [ -95.947050207360277, 48.353143667441607, 0.0 ], [ -95.946803443744997, 48.353209716714787, 0.0 ], [ -95.946543772237376, 48.353359417617021, 0.0 ], [ -95.946211849231489, 48.353499059900322, 0.0 ], [ -95.945929546466928, 48.353565947440629, 0.0 ], [ -95.945512797345373, 48.353630320503846, 0.0 ], [ -95.945228315267954, 48.353661500832033, 0.0 ], [ -95.94492807674041, 48.353728723649169, 0.0 ], [ -95.944757588177595, 48.353876245929342, 0.0 ], [ -95.944532282619505, 48.354001303804623, 0.0 ], [ -95.944341343909215, 48.354101550818243, 0.0 ], [ -95.944111008683862, 48.354143125593303, 0.0 ], [ -95.943826526606415, 48.354174305607657, 0.0 ], [ -95.943558640005548, 48.354181178914288, 0.0 ], [ -95.943237781549001, 48.354201296195107, 0.0 ], [ -95.942990346892202, 48.354255443279591, 0.0 ], [ -95.942869480367349, 48.354330041828767, 0.0 ], [ -95.942677701732293, 48.354418386818978, 0.0 ], [ -95.942375450978517, 48.354449903344097, 0.0 ], [ -95.941829789122124, 48.354606980062968, 0.0 ], [ -95.941355037579299, 48.354750311034607, 0.0 ], [ -95.941130906119298, 48.354899173480213, 0.0 ], [ -95.940978355116044, 48.355046192134218, 0.0 ], [ -95.940827983425692, 48.355228917524293, 0.0 ], [ -95.940798312071863, 48.355337044099521, 0.0 ], [ -95.940714492967643, 48.355434609430162, 0.0 ], [ -95.940557918410249, 48.355510046142619, 0.0 ], [ -95.940347532970705, 48.355586992393569, 0.0 ], [ -95.940086520278385, 48.355712888343959, 0.0 ], [ -95.939934640316679, 48.355871809271491, 0.0 ], [ -95.939834895879088, 48.356005585197757, 0.0 ], [ -95.939797762220209, 48.356141175437337, 0.0 ], [ -95.939775719359758, 48.356221670666997, 0.0 ], [ -95.939736659712892, 48.356473127229663, 0.0 ], [ -95.939745544949361, 48.356627857771379, 0.0 ], [ -95.939770187534236, 48.356746545704617, 0.0 ], [ -95.939884349033804, 48.356862886269482, 0.0 ], [ -95.939975377118174, 48.357045443379199, 0.0 ], [ -95.939980740958731, 48.357140662537553, 0.0 ], [ -95.939949895506842, 48.357224816479672, 0.0 ], [ -95.939798015545108, 48.357383737466357, 0.0 ], [ -95.939593832972605, 48.357567971824317, 0.0 ], [ -95.939353271326041, 48.35774097464877, 0.0 ], [ -95.939198038851686, 48.357840384003751, 0.0 ], [ -95.939134839676498, 48.357985055487028, 0.0 ], [ -95.939108016880425, 48.358140791998203, 0.0 ], [ -95.939120254629543, 48.358355032934071, 0.0 ], [ -95.939256377242856, 48.358542451827688, 0.0 ], [ -95.939426696922425, 48.358705061121903, 0.0 ], [ -95.939489896995923, 48.358870351755989, 0.0 ], [ -95.939559299038137, 48.359142764134063, 0.0 ], [ -95.939582601336625, 48.35954761001782, 0.0 ], [ -95.939538008965911, 48.359703849106488, 0.0 ], [ -95.939491238180636, 48.359824213092118, 0.0 ], [ -95.939476821118646, 48.359884226955053, 0.0 ], [ -95.939535159509816, 48.359966201915753, 0.0 ], [ -95.939671952266352, 48.360165523872098, 0.0 ], [ -95.93973095990242, 48.360259400782653, 0.0 ], [ -95.939808577037894, 48.360364677922277, 0.0 ], [ -95.939834058649254, 48.36049526785358, 0.0 ], [ -95.939841602701009, 48.360626192894742, 0.0 ], [ -95.939849815997647, 48.360769021076621, 0.0 ], [ -95.939865574244365, 48.361042942340013, 0.0 ], [ -95.939954590102502, 48.361189792853899, 0.0 ], [ -95.940030865154952, 48.361271264940576, 0.0 ], [ -95.940204035188927, 48.361481482962013, 0.0 ], [ -95.940302942396642, 48.361645936139503, 0.0 ], [ -95.940361950931035, 48.361739813306151, 0.0 ], [ -95.94038458218796, 48.361822626260057, 0.0 ], [ -95.940465048779558, 48.361975680087767, 0.0 ], [ -95.940549538026957, 48.362199980458819, 0.0 ], [ -95.940555740894013, 48.36230710026301, 0.0 ], [ -95.940579042294161, 48.362401983106807, 0.0 ], [ -95.940658167701017, 48.362531064936292, 0.0 ], [ -95.940752213226432, 48.362612202430427, 0.0 ], [ -95.940864864657996, 48.362704738479927, 0.0 ], [ -95.940921358807898, 48.362751006441677, 0.0 ], [ -95.940997634758688, 48.362832478418682, 0.0 ], [ -95.941036024262331, 48.362879249409048, 0.0 ], [ -95.941058655519299, 48.362962062301087, 0.0 ], [ -95.941080782821373, 48.363033141021219, 0.0 ], [ -95.941138451069364, 48.36310321395402, 0.0 ], [ -95.941214055080295, 48.363172783051859, 0.0 ], [ -95.941292342358977, 48.363289962430038, 0.0 ], [ -95.941407845043287, 48.363430108089538, 0.0 ], [ -95.941673719417921, 48.363697658094559, 0.0 ], [ -95.941719658363226, 48.363748029026198, 0.0 ], [ -95.941769273214689, 48.363802432154742, 0.0 ], [ -95.941861977555391, 48.363859764509513, 0.0 ], [ -95.942009833962956, 48.363939392274972, 0.0 ], [ -95.942084600744039, 48.363997060494839, 0.0 ], [ -95.942143106221863, 48.364079035402114, 0.0 ], [ -95.94225709973648, 48.36419537533628, 0.0 ], [ -95.942482574177845, 48.364380448080041, 0.0 ], [ -95.942581479588938, 48.364544901447331, 0.0 ], [ -95.942604948974065, 48.364639616591283, 0.0 ], [ -95.942665298693157, 48.364757298108373, 0.0 ], [ -95.942817178654863, 48.364908508473782, 0.0 ], [ -95.942997223495695, 48.36523774906891, 0.0 ], [ -95.943083891157656, 48.365497923633257, 0.0 ], [ -95.943186317964688, 48.365721888600028, 0.0 ], [ -95.943210290406356, 48.365828506237378, 0.0 ], [ -95.943239124530336, 48.366018607167909, 0.0 ], [ -95.943426041483093, 48.36646687171794, 0.0 ], [ -95.94354489668001, 48.366666696410419, 0.0 ], [ -95.943573059762471, 48.366844727439933, 0.0 ], [ -95.943579932772721, 48.366963918546233, 0.0 ], [ -95.943718066713956, 48.367186877426938, 0.0 ], [ -95.943734315440821, 48.367229962764867, 0.0 ], [ -95.943802723946334, 48.367411344631329, 0.0 ], [ -95.943810939039608, 48.367554172288273, 0.0 ], [ -95.943966841657172, 48.367776795574571, 0.0 ], [ -95.944065245808346, 48.367929178621488, 0.0 ], [ -95.944322234946497, 48.368041831746623, 0.0 ], [ -95.944615769347052, 48.368165548480377, 0.0 ], [ -95.944630518785701, 48.368174653677308, 0.0 ], [ -95.944722218809915, 48.368231262578348, 0.0 ], [ -95.944722386794865, 48.368234615330103, 0.0 ], [ -95.953673088894746, 48.368408622722953, 0.0 ], [ -95.965464753504833, 48.368584641874612, 0.0 ], [ -95.971316199602541, 48.368647119676808, 0.0 ], [ -95.977082912111044, 48.368708693277902, 0.0 ], [ -95.979335801503666, 48.368677679709407, 0.0 ], [ -95.97934317757047, 48.368678517591668, 0.0 ], [ -95.979349212452547, 48.3686776797094, 0.0 ], [ -95.980918382404326, 48.368690171553148, 0.0 ] ] ], [ [ [ -95.953934840002219, 48.397866051804243, 0.0 ], [ -95.95429989287581, 48.397867663385327, 0.0 ], [ -95.959817701982033, 48.397843523064452, 0.0 ], [ -95.965235262695813, 48.397832961297667, 0.0 ], [ -95.970764079757544, 48.397811549080217, 0.0 ], [ -95.970862705792584, 48.397811167954643, 0.0 ], [ -95.970858021078385, 48.397730917984447, 0.0 ], [ -95.970829345956204, 48.39723968983413, 0.0 ], [ -95.971233857328642, 48.397240360241057, 0.0 ], [ -95.971414235444428, 48.397258800006107, 0.0 ], [ -95.9714139461869, 48.397267171141898, 0.0 ], [ -95.971413732387873, 48.397273384927438, 0.0 ], [ -95.9716330030639, 48.397299871940362, 0.0 ], [ -95.971849424283803, 48.397278245970547, 0.0 ], [ -95.972069868159593, 48.397119493010308, 0.0 ], [ -95.972220238951635, 48.397002984947093, 0.0 ], [ -95.972379998036715, 48.396837694012881, 0.0 ], [ -95.972543278517705, 48.396736943007078, 0.0 ], [ -95.972780988013241, 48.396666367618927, 0.0 ], [ -95.973102853481222, 48.396585565911323, 0.0 ], [ -95.973453050016644, 48.396576513511498, 0.0 ], [ -95.973795869586937, 48.396547511465563, 0.0 ], [ -95.974225861672394, 48.396455813500843, 0.0 ], [ -95.974534651263127, 48.396359254836931, 0.0 ], [ -95.974660379470279, 48.396235201613713, 0.0 ], [ -95.974842266755743, 48.396037221507562, 0.0 ], [ -95.975132950801907, 48.395836390726629, 0.0 ], [ -95.975343672211366, 48.395718206639977, 0.0 ], [ -95.975517681271782, 48.395592980393047, 0.0 ], [ -95.975719685429723, 48.395531289590963, 0.0 ], [ -95.975900900775372, 48.395526595391871, 0.0 ], [ -95.976022439240054, 48.395539671150942, 0.0 ], [ -95.976160070124735, 48.395616617171257, 0.0 ], [ -95.976251097310779, 48.395726923382632, 0.0 ], [ -95.976393756964413, 48.395892382549512, 0.0 ], [ -95.97651831197183, 48.395953569499419, 0.0 ], [ -95.976652423257221, 48.395974189204033, 0.0 ], [ -95.976784354331429, 48.395954743337612, 0.0 ], [ -95.976949142185461, 48.395877965434877, 0.0 ], [ -95.977050731762631, 48.395754583254053, 0.0 ], [ -95.977197414072108, 48.395573534380922, 0.0 ], [ -95.977239994216561, 48.395266421563228, 0.0 ], [ -95.977281233176313, 48.395144716371547, 0.0 ], [ -95.977373099388856, 48.395061735120962, 0.0 ], [ -95.977493463755451, 48.394949920176977, 0.0 ], [ -95.977654563126947, 48.3948087691167, 0.0 ], [ -95.977711057276835, 48.394533507258281, 0.0 ], [ -95.977735532775071, 48.394331671435097, 0.0 ], [ -95.977835780269203, 48.394184150008407, 0.0 ], [ -95.977882215982874, 48.394150622270438, 0.0 ], [ -95.97799034260035, 48.394139893318027, 0.0 ], [ -95.978099977489208, 48.394153137045407, 0.0 ], [ -95.978297287949786, 48.394220360107617, 0.0 ], [ -95.978471129025252, 48.39429646708367, 0.0 ], [ -95.978683358706078, 48.394411802102788, 0.0 ], [ -95.97889609144346, 48.394535016350481, 0.0 ], [ -95.979020143394294, 48.39458832485586, 0.0 ], [ -95.979311330496998, 48.39460492127121, 0.0 ], [ -95.97952674560382, 48.394567034743922, 0.0 ], [ -95.979800164030223, 48.394487574763843, 0.0 ], [ -95.98001239371105, 48.394393361902353, 0.0 ], [ -95.980186904929724, 48.394276183115061, 0.0 ], [ -95.980365941860782, 48.394029923065908, 0.0 ], [ -95.980572471731136, 48.393839317698493, 0.0 ], [ -95.980779505556342, 48.393656760049552, 0.0 ], [ -95.981036159622917, 48.393497169051919, 0.0 ], [ -95.981324161299625, 48.393356855612907, 0.0 ], [ -95.981619371956498, 48.393236491544727, 0.0 ], [ -95.981869656069378, 48.393173626965478, 0.0 ], [ -95.982098146155153, 48.393151498782117, 0.0 ], [ -95.982339545929889, 48.39314529642305, 0.0 ], [ -95.982607934689014, 48.393186702732763, 0.0 ], [ -95.982879172904219, 48.393276221632433, 0.0 ], [ -95.983138340456946, 48.393366075603574, 0.0 ], [ -95.983338166200312, 48.393473699499729, 0.0 ], [ -95.983537487988812, 48.393573276513237, 0.0 ], [ -95.98374552702883, 48.393616191594198, 0.0 ], [ -95.983854155804565, 48.39361334156532, 0.0 ], [ -95.984045934439621, 48.393584172602417, 0.0 ], [ -95.984224301227499, 48.393531198272832, 0.0 ], [ -95.984495707427669, 48.393419551755002, 0.0 ], [ -95.98471665436, 48.393268845388427, 0.0 ], [ -95.985026281180552, 48.392978999191108, 0.0 ], [ -95.985084284500132, 48.392937089268152, 0.0 ], [ -95.985167265476178, 48.392910770582382, 0.0 ], [ -95.985324677263421, 48.392914793365939, 0.0 ], [ -95.985504385236013, 48.392885960427662, 0.0 ], [ -95.985669676146614, 48.392817228248852, 0.0 ], [ -95.985711921219462, 48.392711448536737, 0.0 ], [ -95.985707060435459, 48.392631150556753, 0.0 ], [ -95.985665318419166, 48.392535596302523, 0.0 ], [ -95.985623911474462, 48.392448089299528, 0.0 ], [ -95.985463649332829, 48.392395786047473, 0.0 ], [ -95.985230966809624, 48.392345494155776, 0.0 ], [ -95.984818578110449, 48.392324037277007, 0.0 ], [ -95.98454968629477, 48.392274584597843, 0.0 ], [ -95.984340138983384, 48.392207528372737, 0.0 ], [ -95.984121538450566, 48.39218908856644, 0.0 ], [ -95.98375642269491, 48.392150196318831, 0.0 ], [ -95.983261053019703, 48.392155058447898, 0.0 ], [ -95.982705667798669, 48.392169474231402, 0.0 ], [ -95.982449850961942, 48.392135779336847, 0.0 ], [ -95.982373073751234, 48.392065371746483, 0.0 ], [ -95.982380448919727, 48.39198457048635, 0.0 ], [ -95.982510871722567, 48.391940984745538, 0.0 ], [ -95.98272678898762, 48.391911144346778, 0.0 ], [ -95.98316197782701, 48.391907959580337, 0.0 ], [ -95.983690708236949, 48.391853980174901, 0.0 ], [ -95.983968484390772, 48.39184677134417, 0.0 ], [ -95.984090189942094, 48.391859679236511, 0.0 ], [ -95.984337288628993, 48.391950036180603, 0.0 ], [ -95.98449889195534, 48.392026312381923, 0.0 ], [ -95.984706427938804, 48.392061180084013, 0.0 ], [ -95.984953693712328, 48.392050787121647, 0.0 ], [ -95.985106411802221, 48.391974344530936, 0.0 ], [ -95.985261478088233, 48.391937966407163, 0.0 ], [ -95.985395253403723, 48.391950707253713, 0.0 ], [ -95.98554243876977, 48.391987084175362, 0.0 ], [ -95.985703707024513, 48.392055313426113, 0.0 ], [ -95.986025069435939, 48.392175844924353, 0.0 ], [ -95.986357160426806, 48.392271900918963, 0.0 ], [ -95.986793187394355, 48.39228480929993, 0.0 ], [ -95.987335496738112, 48.392254635059523, 0.0 ], [ -95.987642777159138, 48.392133934936389, 0.0 ], [ -95.988103278726626, 48.391944671770922, 0.0 ], [ -95.988335290208298, 48.391777703715192, 0.0 ], [ -95.988429502820352, 48.391734957089511, 0.0 ], [ -95.988537294366239, 48.391716013059167, 0.0 ], [ -95.988777352057937, 48.391685670861378, 0.0 ], [ -95.989006681170181, 48.391679635943703, 0.0 ], [ -95.98926853109235, 48.391608389620771, 0.0 ], [ -95.989552175041624, 48.391496407818167, 0.0 ], [ -95.989868674872426, 48.391327092787748, 0.0 ], [ -95.98998132810064, 48.391187282791243, 0.0 ], [ -95.989959367885191, 48.391018639010703, 0.0 ], [ -95.989881751648014, 48.390932137520089, 0.0 ], [ -95.989720986449825, 48.390871955636293, 0.0 ], [ -95.989488807881486, 48.39082971052175, 0.0 ], [ -95.989271549431706, 48.39083524267177, 0.0 ], [ -95.989088656033118, 48.390807749538517, 0.0 ], [ -95.98881875810433, 48.390742371787333, 0.0 ], [ -95.988608372664771, 48.390659222891799, 0.0 ], [ -95.98835155061326, 48.390609601567661, 0.0 ], [ -95.988169495342831, 48.39059820256724, 0.0 ], [ -95.98798542874448, 48.390552604750383, 0.0 ], [ -95.98792340276907, 48.390524106914349, 0.0 ], [ -95.987840757762939, 48.390405418949449, 0.0 ], [ -95.987698432282571, 48.390298465623673, 0.0 ], [ -95.98758997059349, 48.390250856637842, 0.0 ], [ -95.987454183051767, 48.39025437675744, 0.0 ], [ -95.987396181528823, 48.390296118879299, 0.0 ], [ -95.98735494256907, 48.390367701095229, 0.0 ], [ -95.987330634157473, 48.390468953865749, 0.0 ], [ -95.987305153444453, 48.390550258017747, 0.0 ], [ -95.987251844720547, 48.390672298708722, 0.0 ], [ -95.987091750563863, 48.390777239772667, 0.0 ], [ -95.986867785292176, 48.390823340853288, 0.0 ], [ -95.986626387314089, 48.390829542898899, 0.0 ], [ -95.986442151832449, 48.390909841932377, 0.0 ], [ -95.986192707644378, 48.391037079241208, 0.0 ], [ -95.98592683326973, 48.391144703291388, 0.0 ], [ -95.985657103325892, 48.391181918897693, 0.0 ], [ -95.98517346834322, 48.391184433222861, 0.0 ], [ -95.984554212905479, 48.391190301174163, 0.0 ], [ -95.984328403392524, 48.391206226421957, 0.0 ], [ -95.984120700322421, 48.391272108230872, 0.0 ], [ -95.983822974382747, 48.39135022749133, 0.0 ], [ -95.983553077352255, 48.391387443543827, 0.0 ], [ -95.983311678475843, 48.391393813141647, 0.0 ], [ -95.983096934410554, 48.391338995084951, 0.0 ], [ -95.982897109565485, 48.391283675298183, 0.0 ], [ -95.982683036541701, 48.391238916203093, 0.0 ], [ -95.982260420523033, 48.391249980413583, 0.0 ], [ -95.981928496618821, 48.391258529703791, 0.0 ], [ -95.981644014541374, 48.391306138343339, 0.0 ], [ -95.981421893510969, 48.391382414316908, 0.0 ], [ -95.98128476568283, 48.391365818639969, 0.0 ], [ -95.981190721055739, 48.391307815749123, 0.0 ], [ -95.981169766953428, 48.39120773561288, 0.0 ], [ -95.9812515738314, 48.391054681354532, 0.0 ], [ -95.981443183583195, 48.390843290356287, 0.0 ], [ -95.981658431603364, 48.39064648351146, 0.0 ], [ -95.981810311565084, 48.390400893094757, 0.0 ], [ -95.981839647847323, 48.390128481475386, 0.0 ], [ -95.981919109224094, 48.389935027364551, 0.0 ], [ -95.98212094449876, 48.389768730378393, 0.0 ], [ -95.982249020902074, 48.389634618990243, 0.0 ], [ -95.982344070743977, 48.389451056001249, 0.0 ], [ -95.982330659795096, 48.389219882996251, 0.0 ], [ -95.982294568181928, 48.389103641394229, 0.0 ], [ -95.982256228983914, 48.388980159866108, 0.0 ], [ -95.982148604524667, 48.388690984813778, 0.0 ], [ -95.982155478433228, 48.388550001320702, 0.0 ], [ -95.982285397281203, 48.388445897993009, 0.0 ], [ -95.982432080488977, 48.388371633961462, 0.0 ], [ -95.982688734555552, 48.388364928723433, 0.0 ], [ -95.98290113311964, 48.388379680842519, 0.0 ], [ -95.983115877184957, 48.388434497911319, 0.0 ], [ -95.983283012336827, 48.388450255794318, 0.0 ], [ -95.983551736167556, 48.388392923682943, 0.0 ], [ -95.983739658335082, 48.388247078651723, 0.0 ], [ -95.983835380116815, 48.388073573942947, 0.0 ], [ -95.983848288009142, 48.387907108610342, 0.0 ], [ -95.983781400351404, 48.387798143808801, 0.0 ], [ -95.983589789701298, 48.387621956628102, 0.0 ], [ -95.983430700759413, 48.387485164002911, 0.0 ], [ -95.983370687010236, 48.387235047703697, 0.0 ], [ -95.983392646327346, 48.387093562044207, 0.0 ], [ -95.983463390452613, 48.387011083694013, 0.0 ], [ -95.983565984346257, 48.386958109680108, 0.0 ], [ -95.983776035612507, 48.386932628466553, 0.0 ], [ -95.983968148420857, 48.386857191758139, 0.0 ], [ -95.984161939282174, 48.386811761804744, 0.0 ], [ -95.984306944437009, 48.386707322631239, 0.0 ], [ -95.984425297475696, 48.386664072415947, 0.0 ], [ -95.984561755160598, 48.386670610838117, 0.0 ], [ -95.984862329658057, 48.38664261433459, 0.0 ], [ -95.985070033626457, 48.386576900731193, 0.0 ], [ -95.985155361900354, 48.386484029830662, 0.0 ], [ -95.985130216258909, 48.386313541362739, 0.0 ], [ -95.985062824646306, 48.386194518443013, 0.0 ], [ -95.984785383564073, 48.386101143332858, 0.0 ], [ -95.984326727136192, 48.386012295489977, 0.0 ], [ -95.984237329494064, 48.385992592866671, 0.0 ], [ -95.983836887489858, 48.38590433664195, 0.0 ], [ -95.98346992839123, 48.385833258821073, 0.0 ], [ -95.983265577833791, 48.385697638445812, 0.0 ], [ -95.983195838923336, 48.385538382822602, 0.0 ], [ -95.983150912379344, 48.385287931815583, 0.0 ], [ -95.983127107922627, 48.385137560512163, 0.0 ], [ -95.98307363121377, 48.384998085498957, 0.0 ], [ -95.98297606608908, 48.384879732458998, 0.0 ], [ -95.982679346262529, 48.384716285588567, 0.0 ], [ -95.982384302692296, 48.384583013420958, 0.0 ], [ -95.982009464470323, 48.384502211615207, 0.0 ], [ -95.981740908624545, 48.384433647688162, 0.0 ], [ -95.981543599062292, 48.384287802645879, 0.0 ], [ -95.981213351414382, 48.384132737313557, 0.0 ], [ -95.980924510711191, 48.384039530838777, 0.0 ], [ -95.980692390533349, 48.384010259738233, 0.0 ], [ -95.980677244039356, 48.384008350610152, 0.0 ], [ -95.980300729561066, 48.3840306456419, 0.0 ], [ -95.979803681832891, 48.383930230817811, 0.0 ], [ -95.979433537308253, 48.383738620520603, 0.0 ], [ -95.979430686953876, 48.383688329618678, 0.0 ], [ -95.979486510960555, 48.383674247918563, 0.0 ], [ -95.979788258657763, 48.383666368536609, 0.0 ], [ -95.98009151732127, 48.38368380256999, 0.0 ], [ -95.980260495816111, 48.383666703829462, 0.0 ], [ -95.980440244212872, 48.383624782657201, 0.0 ], [ -95.980502732820682, 48.383610209335203, 0.0 ], [ -95.980680358498432, 48.383611785571389, 0.0 ], [ -95.980861814592572, 48.383613394620923, 0.0 ], [ -95.981079073042352, 48.383614065803997, 0.0 ], [ -95.981281412271898, 48.383520690732503, 0.0 ], [ -95.981449050480308, 48.383478613725103, 0.0 ], [ -95.981694137839284, 48.38347224373311, 0.0 ], [ -95.982129493765314, 48.383486157245457, 0.0 ], [ -95.982622013984454, 48.38351113545388, 0.0 ], [ -95.983204557073165, 48.383458329620382, 0.0 ], [ -95.984035874206754, 48.383461850209827, 0.0 ], [ -95.984998451373045, 48.383449444322068, 0.0 ], [ -95.985337919329027, 48.383440727265949, 0.0 ], [ -95.985773276153381, 48.383454473139793, 0.0 ], [ -95.985979973110346, 48.383436536086244, 0.0 ], [ -95.986394206949129, 48.383413234313998, 0.0 ], [ -95.986787988843801, 48.383365290154643, 0.0 ], [ -95.987157128153612, 48.383217266207858, 0.0 ], [ -95.987393497362746, 48.383060188815953, 0.0 ], [ -95.98749558909816, 48.382868745875527, 0.0 ], [ -95.987523752180635, 48.382704460861959, 0.0 ], [ -95.987491063385761, 48.382602034008727, 0.0 ], [ -95.987504474334642, 48.38260370991155, 0.0 ], [ -95.987502797179999, 48.382268768693969, 0.0 ], [ -95.987641769249407, 48.381882530849843, 0.0 ], [ -95.987882162012681, 48.381696787856313, 0.0 ], [ -95.988145522002853, 48.381594360765227, 0.0 ], [ -95.988377198412934, 48.381564353805508, 0.0 ], [ -95.98876745891171, 48.381482378405181, 0.0 ], [ -95.989027969445786, 48.381332175445422, 0.0 ], [ -95.989134753980238, 48.381317422476791, 0.0 ], [ -95.989312618609873, 48.381288756587963, 0.0 ], [ -95.989571318140335, 48.381208260399553, 0.0 ], [ -95.989647727041771, 48.381184485668427, 0.0 ], [ -95.989946793267833, 48.381081053406682, 0.0 ], [ -95.990101858655549, 48.380969238765999, 0.0 ], [ -95.990297659946464, 48.380940237370297, 0.0 ], [ -95.990513577211516, 48.380946607679107, 0.0 ], [ -95.990783811110234, 48.380963538484757, 0.0 ], [ -95.991050689801369, 48.380920623472619, 0.0 ], [ -95.991244311779397, 48.380855915575133, 0.0 ], [ -95.991593670186646, 48.380840827157002, 0.0 ], [ -95.991843116171381, 48.380810317382149, 0.0 ], [ -95.992038246420762, 48.380769414112628, 0.0 ], [ -95.992333960134204, 48.380606134228962, 0.0 ], [ -95.992651131006511, 48.380401857180132, 0.0 ], [ -95.992662697714096, 48.380394407472536, 0.0 ], [ -95.993125714564357, 48.380023424259043, 0.0 ], [ -95.994314939371762, 48.379179199154343, 0.0 ], [ -95.995022707611085, 48.378694221558384, 0.0 ], [ -95.995154135628724, 48.378487523914977, 0.0 ], [ -95.995193195275604, 48.378235396773697, 0.0 ], [ -95.995259244805169, 48.378137830959432, 0.0 ], [ -95.995385643155544, 48.377997014538039, 0.0 ], [ -95.995575912620936, 48.377872459495258, 0.0 ], [ -95.995885875411403, 48.377649165525391, 0.0 ], [ -95.996151581801101, 48.377283379687611, 0.0 ], [ -95.996453330396591, 48.3769167552651, 0.0 ], [ -95.996916011276952, 48.376234803438429, 0.0 ], [ -95.997491680457102, 48.375185221027671, 0.0 ], [ -95.997688487861112, 48.374869055996832, 0.0 ], [ -95.997827962088763, 48.374494720157962, 0.0 ], [ -95.997898705315706, 48.374170005243769, 0.0 ], [ -95.997817402392599, 48.373810749997872, 0.0 ], [ -95.99780181123252, 48.373741857196563, 0.0 ], [ -95.997631658639605, 48.37329174894198, 0.0 ], [ -95.997329071017617, 48.372725634584533, 0.0 ], [ -95.996890194593988, 48.3722825678297, 0.0 ], [ -95.996620967706718, 48.371978640097737, 0.0 ], [ -95.996137164739096, 48.371686112000312, 0.0 ], [ -95.995517238259836, 48.371448232593067, 0.0 ], [ -95.994868982509786, 48.371106252069801, 0.0 ], [ -95.994580811949803, 48.370784889016399, 0.0 ], [ -95.994112598345609, 48.370453133723139, 0.0 ], [ -95.993589567746142, 48.370145350114967, 0.0 ], [ -95.992861347562766, 48.369970001156346, 0.0 ], [ -95.992360445163712, 48.369848462833851, 0.0 ], [ -95.991884688406088, 48.369771181852521, 0.0 ], [ -95.991409936863278, 48.369708652913552, 0.0 ], [ -95.990959995890279, 48.36969054809817, 0.0 ], [ -95.990623043217113, 48.369684345863632, 0.0 ], [ -95.990066484796301, 48.369758609113298, 0.0 ], [ -95.989244555057425, 48.369899593335667, 0.0 ], [ -95.988863681055051, 48.369909484165767, 0.0 ], [ -95.9884077060983, 48.369786772450567, 0.0 ], [ -95.988198157888604, 48.369657691106127, 0.0 ], [ -95.987883668487427, 48.369650986386603, 0.0 ], [ -95.987501956356894, 48.36964595620524, 0.0 ], [ -95.98718646174089, 48.369624164515713, 0.0 ], [ -95.986643482253939, 48.369548559526542, 0.0 ], [ -95.986533878806128, 48.369541307552637, 0.0 ], [ -95.985832616166093, 48.36949491566277, 0.0 ], [ -95.985221575821626, 48.369406066285322, 0.0 ], [ -95.984793259992472, 48.369372371238917, 0.0 ], [ -95.984187415503612, 48.369373209706481, 0.0 ], [ -95.983223161182707, 48.369383268332257, 0.0 ], [ -95.98200812148896, 48.369325097759017, 0.0 ], [ -95.981524987766221, 48.369243122940439, 0.0 ], [ -95.980909769357382, 48.369238199541662, 0.0 ], [ -95.979346027026551, 48.369225688735561, 0.0 ], [ -95.977092300404081, 48.369256870260962, 0.0 ], [ -95.977084086209132, 48.369255864097603, 0.0 ], [ -95.977077380285522, 48.369256870260969, 0.0 ], [ -95.971301772659061, 48.369195166628707, 0.0 ], [ -95.965448883867026, 48.369132539111071, 0.0 ], [ -95.953651743126954, 48.368956574966496, 0.0 ], [ -95.944726578333999, 48.368783126839389, 0.0 ], [ -95.944727081390539, 48.368860240431417, 0.0 ], [ -95.944779048031407, 48.369286711410481, 0.0 ], [ -95.944812911822666, 48.369518052532527, 0.0 ], [ -95.944851636397956, 48.369717207015889, 0.0 ], [ -95.945004354487821, 48.36999548549074, 0.0 ], [ -95.945133938264192, 48.37034719056085, 0.0 ], [ -95.945337116520193, 48.370788078685209, 0.0 ], [ -95.945503915702147, 48.371311779614132, 0.0 ], [ -95.945595111771496, 48.371709919811238, 0.0 ], [ -95.94559997345381, 48.372028432950003, 0.0 ], [ -95.945603661038049, 48.372328671938483, 0.0 ], [ -95.945494193235831, 48.372682053235259, 0.0 ], [ -95.945388748987781, 48.372985143134457, 0.0 ], [ -95.945237540067595, 48.373207431186287, 0.0 ], [ -95.94492590012247, 48.37372526531464, 0.0 ], [ -95.94473697184182, 48.374003041526919, 0.0 ], [ -95.944439917841976, 48.37430194058178, 0.0 ], [ -95.944115690703114, 48.374589962193383, 0.0 ], [ -95.944102127040637, 48.37460201221274, 0.0 ], [ -95.943958294187254, 48.374714833170131, 0.0 ], [ -95.943894759042138, 48.374798484290793, 0.0 ], [ -95.94390062593925, 48.374898396201978, 0.0 ], [ -95.943904314421829, 48.374962099654446, 0.0 ], [ -95.943962986986278, 48.375033345413442, 0.0 ], [ -95.943968184638521, 48.375124205421223, 0.0 ], [ -95.943973549377404, 48.375215232344409, 0.0 ], [ -95.943912696601743, 48.375344146248047, 0.0 ], [ -95.943651012867903, 48.375664838477739, 0.0 ], [ -95.943253711373927, 48.376121148686067, 0.0 ], [ -95.942820365877495, 48.3766601057984, 0.0 ], [ -95.942579973114206, 48.376994040915648, 0.0 ], [ -95.942459274574304, 48.377270141116661, 0.0 ], [ -95.94239993007001, 48.37766308420948, 0.0 ], [ -95.942354165397873, 48.378055693116252, 0.0 ], [ -95.94230538238638, 48.378157114180169, 0.0 ], [ -95.942170097901197, 48.37817873873017, 0.0 ], [ -95.942017882867887, 48.378146217174461, 0.0 ], [ -95.941932388405661, 48.378084693768663, 0.0 ], [ -95.941674728225976, 48.377882020009061, 0.0 ], [ -95.94146115736045, 48.377732654302442, 0.0 ], [ -95.941337271597931, 48.377717733817931, 0.0 ], [ -95.941205005452133, 48.377793842205421, 0.0 ], [ -95.941227636709073, 48.377948068832268, 0.0 ], [ -95.941387060722533, 48.378107827928829, 0.0 ], [ -95.941729713206215, 48.378362973055587, 0.0 ], [ -95.94191444994776, 48.378485683793123, 0.0 ], [ -95.941920819901441, 48.378594817102197, 0.0 ], [ -95.941857789609514, 48.378687519818683, 0.0 ], [ -95.941601135542953, 48.378739488111513, 0.0 ], [ -95.941288322398094, 48.378765806966527, 0.0 ], [ -95.940912142093083, 48.37887544325838, 0.0 ], [ -95.940439067704901, 48.379083314150819, 0.0 ], [ -95.94005584640469, 48.379311637620567, 0.0 ], [ -95.939689054392716, 48.37958488756427, 0.0 ], [ -95.939526123356387, 48.379753363389852, 0.0 ], [ -95.939418152147425, 48.379865010655728, 0.0 ], [ -95.939239784461265, 48.380087969733033, 0.0 ], [ -95.939124281776969, 48.380218391554948, 0.0 ], [ -95.938936862665983, 48.380286955790403, 0.0 ], [ -95.938732345021876, 48.380292152578107, 0.0 ], [ -95.938486586621394, 48.380298355310501, 0.0 ], [ -95.938188023451872, 48.38033339154596, 0.0 ], [ -95.937853752249808, 48.380460293732142, 0.0 ], [ -95.937614365599643, 48.380575628489943, 0.0 ], [ -95.937510933577826, 48.380678390556909, 0.0 ], [ -95.937342456342932, 48.380837480008417, 0.0 ], [ -95.937053281466461, 48.381035962557107, 0.0 ], [ -95.936906933330249, 48.381103353897153, 0.0 ], [ -95.936704258130789, 48.381144928113947, 0.0 ], [ -95.936473420747177, 48.381169068004723, 0.0 ], [ -95.936161613715427, 48.38121349169807, 0.0 ], [ -95.936000514343959, 48.38126311263791, 0.0 ], [ -95.935827344309985, 48.381340394076737, 0.0 ], [ -95.935721899163639, 48.381406777897183, 0.0 ], [ -95.935631542120788, 48.381500152670228, 0.0 ], [ -95.935556440268087, 48.381620348804191, 0.0 ], [ -95.93549609054898, 48.3817584829022, 0.0 ], [ -95.935503466615785, 48.381885719823437, 0.0 ], [ -95.935485529954505, 48.382050006286313, 0.0 ], [ -95.935346892956701, 48.382253854311983, 0.0 ], [ -95.935128125337243, 48.382487037949687, 0.0 ], [ -95.934788993351177, 48.382768670024177, 0.0 ], [ -95.934581122296123, 48.382956089173867, 0.0 ], [ -95.934545930794869, 48.383056985000557, 0.0 ], [ -95.934528148643821, 48.383107970387307, 0.0 ], [ -95.934524963217811, 48.383106293307897, 0.0 ], [ -95.934412645959526, 48.383261861131032, 0.0 ], [ -95.934283229269823, 48.383354900189211, 0.0 ], [ -95.934087427978909, 48.3834675531944, 0.0 ], [ -95.933865307846816, 48.383589929459191, 0.0 ], [ -95.933682078478313, 48.383684477331769, 0.0 ], [ -95.933449061781815, 48.383851947436028, 0.0 ], [ -95.933280920516822, 48.383972982209862, 0.0 ], [ -95.93312652706895, 48.384102734236627, 0.0 ], [ -95.933001804076582, 48.38427640759879, 0.0 ], [ -95.932913290376689, 48.384377493509533, 0.0 ], [ -95.932796279421041, 48.384452259738467, 0.0 ], [ -95.9325756675603, 48.384601457773307, 0.0 ], [ -95.932456644378419, 48.384640517467638, 0.0 ], [ -95.932246929980408, 48.384744620823867, 0.0 ], [ -95.932027993477661, 48.384920808420212, 0.0 ], [ -95.931772681494138, 48.38516958302916, 0.0 ], [ -95.93156816295172, 48.385363372639809, 0.0 ], [ -95.931394154789615, 48.3856191889492, 0.0 ], [ -95.931214446817023, 48.385776432645763, 0.0 ], [ -95.931069607850503, 48.385833932957773, 0.0 ], [ -95.930862741111937, 48.385870645950988, 0.0 ], [ -95.930540709455613, 48.385896797059416, 0.0 ], [ -95.930143239078376, 48.386014814843222, 0.0 ], [ -95.929878034846936, 48.386093269099192, 0.0 ], [ -95.929722300214337, 48.386196030765447, 0.0 ], [ -95.9295135901328, 48.386318072353539, 0.0 ], [ -95.929291973057246, 48.386449331910057, 0.0 ], [ -95.929007322994877, 48.386654186033681, 0.0 ], [ -95.928621923280105, 48.386987283037968, 0.0 ], [ -95.928469708246766, 48.387152741990242, 0.0 ], [ -95.928397287865209, 48.387298252502447, 0.0 ], [ -95.92827390695588, 48.387498914153497, 0.0 ], [ -95.92801289426356, 48.387882638439713, 0.0 ], [ -95.927851793993767, 48.388129066640893, 0.0 ], [ -95.927577872510795, 48.388522177657329, 0.0 ], [ -95.927364469630234, 48.388796936337492, 0.0 ], [ -95.927134303288113, 48.389130368891152, 0.0 ], [ -95.927006897926333, 48.389259449785278, 0.0 ], [ -95.926891396140363, 48.389361038823168, 0.0 ], [ -95.926630885606286, 48.389520294415433, 0.0 ], [ -95.926356461965071, 48.389671001743388, 0.0 ], [ -95.926116739344977, 48.389721963801691, 0.0 ], [ -95.925903503551041, 48.389763369914519, 0.0 ], [ -95.925744583492445, 48.389812152739793, 0.0 ], [ -95.925520284047479, 48.389898821970583, 0.0 ], [ -95.92541785634215, 48.3899911897282, 0.0 ], [ -95.925303359770993, 48.390110715592222, 0.0 ], [ -95.92520495651813, 48.390274834129713, 0.0 ], [ -95.925110072864555, 48.390501647699679, 0.0 ], [ -95.925069220180376, 48.390650823825148, 0.0 ], [ -95.925043185206817, 48.390745897241707, 0.0 ], [ -95.924963892713322, 48.391008251204163, 0.0 ], [ -95.924849898300394, 48.391136829241553, 0.0 ], [ -95.924641190015492, 48.39149222207395, 0.0 ], [ -95.924428791451405, 48.391784917924262, 0.0 ], [ -95.924265177695432, 48.391986586090333, 0.0 ], [ -95.924142802000915, 48.392205186488489, 0.0 ], [ -95.923946832725051, 48.392430157205119, 0.0 ], [ -95.923692022899772, 48.392687984587148, 0.0 ], [ -95.923488007413894, 48.392890658449389, 0.0 ], [ -95.923321710390198, 48.393047568307843, 0.0 ], [ -95.923183911520553, 48.393230628601323, 0.0 ], [ -95.923101936657631, 48.393448223338083, 0.0 ], [ -95.92292893460862, 48.393721976583272, 0.0 ], [ -95.922718548270765, 48.39405054653254, 0.0 ], [ -95.922605727955926, 48.394197062676142, 0.0 ], [ -95.922546048380013, 48.394333184708707, 0.0 ], [ -95.922510341245797, 48.394414824469813, 0.0 ], [ -95.922516041954594, 48.394513562780929, 0.0 ], [ -95.92255158020555, 48.394665275893807, 0.0 ], [ -95.922571865961274, 48.394781448722512, 0.0 ], [ -95.922525094277702, 48.394908350675102, 0.0 ], [ -95.922437586690933, 48.395027206482517, 0.0 ], [ -95.922359970453755, 48.395083029797661, 0.0 ], [ -95.922283192344736, 48.395156790752523, 0.0 ], [ -95.922262405329064, 48.395265084872669, 0.0 ], [ -95.922267099924738, 48.395345885695157, 0.0 ], [ -95.922232398005306, 48.395445462623456, 0.0 ], [ -95.922155787881252, 48.395519223649373, 0.0 ], [ -95.922023688822094, 48.39556750409961, 0.0 ], [ -95.921930984481406, 48.395596840725617, 0.0 ], [ -95.921784971416798, 48.395636402556157, 0.0 ], [ -95.921569557208301, 48.395641934780087, 0.0 ], [ -95.921481756770746, 48.395649064936038, 0.0 ], [ -95.92124752465368, 48.39566808683206, 0.0 ], [ -95.921027750022802, 48.395714020050143, 0.0 ], [ -95.920803954532687, 48.395809406097108, 0.0 ], [ -95.920699850571026, 48.395874952101757, 0.0 ], [ -95.920536738075, 48.39585215287866, 0.0 ], [ -95.920467000961182, 48.39580906969136, 0.0 ], [ -95.920336579056666, 48.395650819739238, 0.0 ], [ -95.920222248673809, 48.395536994205393, 0.0 ], [ -95.920055951650099, 48.395460382683368, 0.0 ], [ -95.919906418986216, 48.39543724925209, 0.0 ], [ -95.919731907767556, 48.395450660249359, 0.0 ], [ -95.919666194207906, 48.395479325916128, 0.0 ], [ -95.91962780470422, 48.395516206716167, 0.0 ], [ -95.919605006360641, 48.395588459175023, 0.0 ], [ -95.919653118330615, 48.395721898759838, 0.0 ], [ -95.91972855525492, 48.395863720097751, 0.0 ], [ -95.919910275453745, 48.39597587003464, 0.0 ], [ -95.920087301056896, 48.396240570939192, 0.0 ], [ -95.92010574077473, 48.396329922229299, 0.0 ], [ -95.920041536384744, 48.396385410098951, 0.0 ], [ -95.919921004033171, 48.3963974800103, 0.0 ], [ -95.919798796323619, 48.396382727829732, 0.0 ], [ -95.919646580391998, 48.396314667214853, 0.0 ], [ -95.919435355925955, 48.396158428309462, 0.0 ], [ -95.919153389131324, 48.395941169042409, 0.0 ], [ -95.918960772368109, 48.395874282273333, 0.0 ], [ -95.918852981720548, 48.39587696397286, 0.0 ], [ -95.918745860317841, 48.395888699388948, 0.0 ], [ -95.918667741922434, 48.395935469841461, 0.0 ], [ -95.918618455854372, 48.396017612234701, 0.0 ], [ -95.918596662725562, 48.396107968952663, 0.0 ], [ -95.918602362536049, 48.396206539951578, 0.0 ], [ -95.918556597863898, 48.396351380401107, 0.0 ], [ -95.918463390466655, 48.396605016308271, 0.0 ], [ -95.918388288613968, 48.396705766382468, 0.0 ], [ -95.918296087329821, 48.396743988313197, 0.0 ], [ -95.918134484901771, 48.396748178993477, 0.0 ], [ -95.918037254848684, 48.396696714004037, 0.0 ], [ -95.917925942805212, 48.396636699980938, 0.0 ], [ -95.917755622227332, 48.396488340059143, 0.0 ], [ -95.917654201533452, 48.396365293971243, 0.0 ], [ -95.91755428911091, 48.396269069152481, 0.0 ], [ -95.917372066753842, 48.396148034991121, 0.0 ], [ -95.917231921484685, 48.396052815991723, 0.0 ], [ -95.917069312045228, 48.396038902336123, 0.0 ], [ -95.916921287652698, 48.396042758459593, 0.0 ], [ -95.916801091271054, 48.396063713339252, 0.0 ], [ -95.916697491264287, 48.396138144486727, 0.0 ], [ -95.916651390622221, 48.396273931484437, 0.0 ], [ -95.916619203985576, 48.39641843534033, 0.0 ], [ -95.916626915123985, 48.396552881354488, 0.0 ], [ -95.91665943773053, 48.396650949276847, 0.0 ], [ -95.916721463705954, 48.396792938610467, 0.0 ], [ -95.916720289607881, 48.397008521197549, 0.0 ], [ -95.916686091643328, 48.397116983153531, 0.0 ], [ -95.916625909010861, 48.39724422044862, 0.0 ], [ -95.918277815596952, 48.397280933560538, 0.0 ], [ -95.921462877776733, 48.397328992250273, 0.0 ], [ -95.925854723234494, 48.397395261575042, 0.0 ], [ -95.92720630146151, 48.397423711425837, 0.0 ], [ -95.938136219406061, 48.397653784896647, 0.0 ], [ -95.948233069400544, 48.397866323184459, 0.0 ], [ -95.950009866065614, 48.397848721041818, 0.0 ], [ -95.953934840002219, 48.397866051804243, 0.0 ] ] ] ] } },
{ "type": "Feature", "properties": { "id": "ID_00001", "Name": "Tamarac Wilderness", "description": "<html xmlns:fo=\"http://www.w3.org/1999/XSL/Format\" xmlns:msxsl=\"urn:schemas-microsoft-com:xslt\">\n\n<head>\n\n<META http-equiv=\"Content-Type\" content=\"text/html\">\n\n<meta http-equiv=\"content-type\" content=\"text/html; charset=UTF-8\">\n\n</head>\n\n<body style=\"margin:0px 0px 0px 0px;overflow:auto;background:#FFFFFF;\">\n\n<table style=\"font-family:Arial,Verdana,Times;font-size:12px;text-align:left;width:100%;border-collapse:collapse;padding:3px 3px 3px 3px\">\n\n<tr style=\"text-align:center;font-weight:bold;background:#9CBCE2\">\n\n<td>Tamarac Wilderness</td>\n\n</tr>\n\n<tr>\n\n<td>\n\n<table style=\"font-family:Arial,Verdana,Times;font-size:12px;text-align:left;width:100%;border-spacing:0px; padding:3px 3px 3px 3px\">\n\n<tr>\n\n<td>OBJECTID_1</td>\n\n<td>105</td>\n\n</tr>\n\n<tr bgcolor=\"#D4E4F3\">\n\n<td>Website</td>\n\n<td><a target=\"_blank\" href=\"https://wilderness.net/visit-wilderness/?ID=593\">https://wilderness.net/visit-wilderness/?ID=593</a></td>\n\n</tr>\n\n<tr>\n\n<td>Wilderness</td>\n\n<td>Tamarac Wilderness</td>\n\n</tr>\n\n<tr bgcolor=\"#D4E4F3\">\n\n<td>State</td>\n\n<td>MN</td>\n\n</tr>\n\n<tr>\n\n<td>Comment</td>\n\n<td>&lt;Null&gt;</td>\n\n</tr>\n\n<tr bgcolor=\"#D4E4F3\">\n\n<td>Date of Last Update</td>\n\n<td>2/25/2019</td>\n\n</tr>\n\n<tr>\n\n<td>WID</td>\n\n<td>593</td>\n\n</tr>\n\n<tr bgcolor=\"#D4E4F3\">\n\n<td>Abbreviated Name</td>\n\n<td>Tamarac</td>\n\n</tr>\n\n<tr>\n\n<td>Image</td>\n\n<td><a target=\"_blank\" href=\"https://wilderness.net/images/NWPS/Tamarac.jpg\">https://wilderness.net/images/NWPS/Tamarac.jpg</a></td>\n\n</tr>\n\n<tr bgcolor=\"#D4E4F3\">\n\n<td>Acreage</td>\n\n<td>2180</td>\n\n</tr>\n\n<tr>\n\n<td>Description</td>\n\n<td>There is a special feeling of wildness about this place, Tamarac, best expressed by the eerie howl of a wolf, mournful wail of a loon, or the drumming of a ruffed grouse from deep within the forest. Tamarac...</td>\n\n</tr>\n\n<tr bgcolor=\"#D4E4F3\">\n\n<td>Agency</td>\n\n<td>FWS</td>\n\n</tr>\n\n<tr>\n\n<td>joinerID</td>\n\n<td>593FWS</td>\n\n</tr>\n\n<tr bgcolor=\"#D4E4F3\">\n\n<td>Designated</td>\n\n<td>1976</td>\n\n</tr>\n\n<tr>\n\n<td>ORIG_FID</td>\n\n<td>41351</td>\n\n</tr>\n\n<tr bgcolor=\"#D4E4F3\">\n\n<td>Shape__Length</td>\n\n<td>24913.163851</td>\n\n</tr>\n\n<tr>\n\n<td>Shape__Area</td>\n\n<td>18726921.072663</td>\n\n</tr>\n\n</table>\n\n</td>\n\n</tr>\n\n</table>\n\n</body><script type=\"text/javascript\">\n\n\t\t\t\tfunction changeImage(attElement, nameElement) {\n\n\t\t\t\tdocument.getElementById('imageAttachment').src = attElement;\n\n\t\t\t\tdocument.getElementById('imageName').innerHTML = nameElement;}\n\n\t\t\t</script></html>\n\n", "altitudeMode": "clampToGround", "tessellate": -1, "extrude": 0, "visibility": -1 }, "geometry": { "type": "MultiPolygon", "coordinates": [ [ [ [ -95.676541726002583, 46.921622567553342, 0.0 ], [ -95.676300328024496, 46.922035628972267, 0.0 ], [ -95.676776084782119, 46.922670977170483, 0.0 ], [ -95.67724346025814, 46.924988238474867, 0.0 ], [ -95.677521237310287, 46.925292166366063, 0.0 ], [ -95.680597563814842, 46.924417094605701, 0.0 ], [ -95.681198377738113, 46.92394971999223, 0.0 ], [ -95.681320084187746, 46.923536323621327, 0.0 ], [ -95.680445515868158, 46.922872477864459, 0.0 ], [ -95.678292035841508, 46.922674497024637, 0.0 ], [ -95.676901477917681, 46.921513100715487, 0.0 ], [ -95.676541726002583, 46.921622567553342, 0.0 ] ] ], [ [ [ -95.674003183129415, 46.926690099942057, 0.0 ], [ -95.673643600097591, 46.926799567858048, 0.0 ], [ -95.672202246936024, 46.927788800193312, 0.0 ], [ -95.672357480308676, 46.928671582140723, 0.0 ], [ -95.672915211929237, 46.928838382322688, 0.0 ], [ -95.673756923469, 46.928068252997157, 0.0 ], [ -95.675073720724839, 46.92804377783775, 0.0 ], [ -95.675396423422683, 46.927355287928748, 0.0 ], [ -95.674763925021026, 46.926140414678841, 0.0 ], [ -95.674325048597396, 46.926139408545467, 0.0 ], [ -95.674003183129415, 46.926690099942057, 0.0 ] ] ], [ [ [ -95.677404059268, 46.932902264221511, 0.0 ], [ -95.676079885945356, 46.934388208237557, 0.0 ], [ -95.673799504511777, 46.935568548996997, 0.0 ], [ -95.673986421464519, 46.938105917888223, 0.0 ], [ -95.674503250095242, 46.938493162473222, 0.0 ], [ -95.67483064738876, 46.936839413066721, 0.0 ], [ -95.677990457925915, 46.935385319268967, 0.0 ], [ -95.678949515492903, 46.93511190117416, 0.0 ], [ -95.68042992740304, 46.934288128010373, 0.0 ], [ -95.68303166945141, 46.932639574460772, 0.0 ], [ -95.681754435797302, 46.932691877821163, 0.0 ], [ -95.678166979574172, 46.931939016125654, 0.0 ], [ -95.677404059268, 46.932902264221511, 0.0 ] ] ], [ [ [ -95.569202900475716, 47.065009298714799, 0.0 ], [ -95.569198709834907, 47.065629056290312, 0.0 ], [ -95.568772740405279, 47.06666053327347, 0.0 ], [ -95.568587165535575, 47.067568796271424, 0.0 ], [ -95.569000897216085, 47.068396426378278, 0.0 ], [ -95.570132789745443, 47.069308880369157, 0.0 ], [ -95.57168243571283, 47.070428870468341, 0.0 ], [ -95.572588892428371, 47.07082914547069, 0.0 ], [ -95.572665298634874, 47.070862884594888, 0.0 ], [ -95.572821820191649, 47.071472589667771, 0.0 ], [ -95.572887918230265, 47.071730064654503, 0.0 ], [ -95.572889009683323, 47.071734313789861, 0.0 ], [ -95.572931173009493, 47.071898552860667, 0.0 ], [ -95.572840145823449, 47.072653539728648, 0.0 ], [ -95.572747608569401, 47.07342104204244, 0.0 ], [ -95.57276252868796, 47.074267279033897, 0.0 ], [ -95.572872415105081, 47.07473348194268, 0.0 ], [ -95.573134853423753, 47.075142853095869, 0.0 ], [ -95.573288927969713, 47.075294622037227, 0.0 ], [ -95.573304516434831, 47.075309976019483, 0.0 ], [ -95.573717228527514, 47.07571651019893, 0.0 ], [ -95.574547372461353, 47.076604153932188, 0.0 ], [ -95.575085491164316, 47.077571424850703, 0.0 ], [ -95.575528391142086, 47.078229908319607, 0.0 ], [ -95.575798791229147, 47.078512377916702, 0.0 ], [ -95.576459017030373, 47.078789112125747, 0.0 ], [ -95.577331004490148, 47.079053681011182, 0.0 ], [ -95.577913043623965, 47.079243112243098, 0.0 ], [ -95.578251343770077, 47.079458862216853, 0.0 ], [ -95.579285664886513, 47.08007878823274, 0.0 ], [ -95.580300210490321, 47.080660324424173, 0.0 ], [ -95.581014851739852, 47.081282262467177, 0.0 ], [ -95.581485579728522, 47.082605764064972, 0.0 ], [ -95.58100093773443, 47.083471950499877, 0.0 ], [ -95.580756187243693, 47.084256161706527, 0.0 ], [ -95.580871185973109, 47.085041545569482, 0.0 ], [ -95.581011667212181, 47.085650240040088, 0.0 ], [ -95.581220376395393, 47.085930089688901, 0.0 ], [ -95.58167165855312, 47.08592483060557, 0.0 ], [ -95.582570637692228, 47.085911558727169, 0.0 ], [ -95.586694928027441, 47.08585516146443, 0.0 ], [ -95.587492636491319, 47.085844253040463, 0.0 ], [ -95.588941955912844, 47.085824433271178, 0.0 ], [ -95.594093978221878, 47.085779319918331, 0.0 ], [ -95.605196315208815, 47.085685927724768, 0.0 ], [ -95.608678661357175, 47.085662810402042, 0.0 ], [ -95.610550675849098, 47.085649590449997, 0.0 ], [ -95.615303049366346, 47.085616206891153, 0.0 ], [ -95.615309933156382, 47.082200245884167, 0.0 ], [ -95.615317631718341, 47.078398046242789, 0.0 ], [ -95.615304731012571, 47.07128398798725, 0.0 ], [ -95.615298393398234, 47.067806000458027, 0.0 ], [ -95.615291478167165, 47.063967592206168, 0.0 ], [ -95.615186703164014, 47.056676676440667, 0.0 ], [ -95.615173626388412, 47.054818407750233, 0.0 ], [ -95.61395791565316, 47.05532450729077, 0.0 ], [ -95.611381150362959, 47.05608659073318, 0.0 ], [ -95.606432305411602, 47.057643110149918, 0.0 ], [ -95.600474783550197, 47.05958150982277, 0.0 ], [ -95.594067152730872, 47.064096842715117, 0.0 ], [ -95.588668198821566, 47.064129197056531, 0.0 ], [ -95.583520535138263, 47.064160043011597, 0.0 ], [ -95.578249993602213, 47.064191558993727, 0.0 ], [ -95.572709386152368, 47.064224751598033, 0.0 ], [ -95.569566842133298, 47.064223349705991, 0.0 ], [ -95.569202900475716, 47.065009298714799, 0.0 ] ] ] ] } },
{ "type": "Feature", "properties": { "id": "ID_00002", "Name": "Boundary Waters Canoe Area Wilderness", "description": "<html xmlns:fo=\"http://www.w3.org/1999/XSL/Format\" xmlns:msxsl=\"urn:schemas-microsoft-com:xslt\">\n\n<head>\n\n<META http-equiv=\"Content-Type\" content=\"text/html\">\n\n<meta http-equiv=\"content-type\" content=\"text/html; charset=UTF-8\">\n\n</head>\n\n<body style=\"margin:0px 0px 0px 0px;overflow:auto;background:#FFFFFF;\">\n\n<table style=\"font-family:Arial,Verdana,Times;font-size:12px;text-align:left;width:100%;border-collapse:collapse;padding:3px 3px 3px 3px\">\n\n<tr style=\"text-align:center;font-weight:bold;background:#9CBCE2\">\n\n<td>Boundary Waters Canoe Area Wilderness</td>\n\n</tr>\n\n<tr>\n\n<td>\n\n<table style=\"font-family:Arial,Verdana,Times;font-size:12px;text-align:left;width:100%;border-spacing:0px; padding:3px 3px 3px 3px\">\n\n<tr>\n\n<td>OBJECTID_1</td>\n\n<td>503</td>\n\n</tr>\n\n<tr bgcolor=\"#D4E4F3\">\n\n<td>Website</td>\n\n<td><a target=\"_blank\" href=\"https://wilderness.net/visit-wilderness/?ID=70\">https://wilderness.net/visit-wilderness/?ID=70</a></td>\n\n</tr>\n\n<tr>\n\n<td>Wilderness</td>\n\n<td>Boundary Waters Canoe Area Wilderness</td>\n\n</tr>\n\n<tr bgcolor=\"#D4E4F3\">\n\n<td>State</td>\n\n<td>MN</td>\n\n</tr>\n\n<tr>\n\n<td>Comment</td>\n\n<td>&lt;Null&gt;</td>\n\n</tr>\n\n<tr bgcolor=\"#D4E4F3\">\n\n<td>Date of Last Update</td>\n\n<td>12/27/2021</td>\n\n</tr>\n\n<tr>\n\n<td>WID</td>\n\n<td>70</td>\n\n</tr>\n\n<tr bgcolor=\"#D4E4F3\">\n\n<td>Abbreviated Name</td>\n\n<td>Boundary_Waters_Canoe_Area</td>\n\n</tr>\n\n<tr>\n\n<td>Image</td>\n\n<td><a target=\"_blank\" href=\"https://wilderness.net/images/NWPS/BoundaryWatersCanoeArea.jpg\">https://wilderness.net/images/NWPS/BoundaryWatersCanoeArea.jpg</a></td>\n\n</tr>\n\n<tr bgcolor=\"#D4E4F3\">\n\n<td>Acreage</td>\n\n<td>816244</td>\n\n</tr>\n\n<tr>\n\n<td>Description</td>\n\n<td>The Boundary Waters Canoe Area Wilderness (BWCAW) is a unique natural area located in the northern third of the Superior National Forest in northeastern Minnesota. It extends nearly 199 miles along the...</td>\n\n</tr>\n\n<tr bgcolor=\"#D4E4F3\">\n\n<td>Agency</td>\n\n<td>FS</td>\n\n</tr>\n\n<tr>\n\n<td>joinerID</td>\n\n<td>70FS</td>\n\n</tr>\n\n<tr bgcolor=\"#D4E4F3\">\n\n<td>Designated</td>\n\n<td>1964</td>\n\n</tr>\n\n<tr>\n\n<td>ORIG_FID</td>\n\n<td>44340</td>\n\n</tr>\n\n<tr bgcolor=\"#D4E4F3\">\n\n<td>Shape__Length</td>\n\n<td>1362707.450233</td>\n\n</tr>\n\n<tr>\n\n<td>Shape__Area</td>\n\n<td>9935515006.295279</td>\n\n</tr>\n\n</table>\n\n</td>\n\n</tr>\n\n</table>\n\n</body><script type=\"text/javascript\">\n\n\t\t\t\tfunction changeImage(attElement, nameElement) {\n\n\t\t\t\tdocument.getElementById('imageAttachment').src = attElement;\n\n\t\t\t\tdocument.getElementById('imageName').innerHTML = nameElement;}\n\n\t\t\t</script></html>\n\n", "altitudeMode": "clampToGround", "tessellate": -1, "extrude": 0, "visibility": -1 }, "geometry": { "type": "MultiPolygon", "coordinates": [ [ [ [ -90.144035742448324, 48.11256820557842, 0.0 ], [ -90.144299423137042, 48.112477585714359, 0.0 ], [ -90.144540283024284, 48.112116015729981, 0.0 ], [ -90.144648112299421, 48.111877875620777, 0.0 ], [ -90.145007032374551, 48.111548815411048, 0.0 ], [ -90.145413742822797, 48.111495555283597, 0.0 ], [ -90.145762113083251, 48.111470415078358, 0.0 ], [ -90.145990092925928, 48.111340885396459, 0.0 ], [ -90.146629223589329, 48.111077925187011, 0.0 ], [ -90.147131293798267, 48.110978994920274, 0.0 ], [ -90.15083923476223, 48.110277124973692, 0.0 ], [ -90.164206098816294, 48.1096325334955, 0.0 ], [ -90.166243168860206, 48.110101743710857, 0.0 ], [ -90.170332570426424, 48.110975333764991, 0.0 ], [ -90.176428512791617, 48.112321943540152, 0.0 ], [ -90.183958844578328, 48.109625022651912, 0.0 ], [ -90.18858995541369, 48.107935152108418, 0.0 ], [ -90.195006347501987, 48.108263261337363, 0.0 ], [ -90.203505610238992, 48.107206650885551, 0.0 ], [ -90.210593402272323, 48.106283540287563, 0.0 ], [ -90.216468103956103, 48.106485759812443, 0.0 ], [ -90.225081786907452, 48.108179529513258, 0.0 ], [ -90.233931998968089, 48.107199208669037, 0.0 ], [ -90.238853020400128, 48.105955657761839, 0.0 ], [ -90.250091273387866, 48.103167196600282, 0.0 ], [ -90.253806924591913, 48.102198296405412, 0.0 ], [ -90.260734676367505, 48.102713336114917, 0.0 ], [ -90.264419808208075, 48.103346605761011, 0.0 ], [ -90.274628310707527, 48.103152135229372, 0.0 ], [ -90.289246794751989, 48.099043853326293, 0.0 ], [ -90.292794595745207, 48.098971403282633, 0.0 ], [ -90.297797688159946, 48.102507463385379, 0.0 ], [ -90.305803171239759, 48.105124582965793, 0.0 ], [ -90.310045262149771, 48.105506082702917, 0.0 ], [ -90.313959293707896, 48.10509794238164, 0.0 ], [ -90.317392653825493, 48.103732322058349, 0.0 ], [ -90.322535065957638, 48.102896951491623, 0.0 ], [ -90.325838716534719, 48.102858831442987, 0.0 ], [ -90.328219177477465, 48.102523161433538, 0.0 ], [ -90.330103708196248, 48.102286660784152, 0.0 ], [ -90.336924659267709, 48.099555419853282, 0.0 ], [ -90.337693729440332, 48.097730789855007, 0.0 ], [ -90.337723159147345, 48.097611339537373, 0.0 ], [ -90.338076759399371, 48.096175629397422, 0.0 ], [ -90.343135241036208, 48.095511919206153, 0.0 ], [ -90.34331073052023, 48.095099938847731, 0.0 ], [ -90.34414237104734, 48.094382779112337, 0.0 ], [ -90.346034531157827, 48.093966998940971, 0.0 ], [ -90.348521802686165, 48.094295078537201, 0.0 ], [ -90.350719152838039, 48.094623158440058, 0.0 ], [ -90.351993303474103, 48.094779578396093, 0.0 ], [ -90.353885463584589, 48.094943618263471, 0.0 ], [ -90.356136224868308, 48.094554548088261, 0.0 ], [ -90.357471415129609, 48.094413407979488, 0.0 ], [ -90.358913425857963, 48.094871187641061, 0.0 ], [ -90.36748155793623, 48.094711037251408, 0.0 ], [ -90.368718078145008, 48.094295146936147, 0.0 ], [ -90.368992128087072, 48.094006396970762, 0.0 ], [ -90.369129568528905, 48.093951937274547, 0.0 ], [ -90.369862018878962, 48.093978647234657, 0.0 ], [ -90.37035794910291, 48.094173196868987, 0.0 ], [ -90.370525799313768, 48.094070196707243, 0.0 ], [ -90.370876769298633, 48.094016796668008, 0.0 ], [ -90.371365069232581, 48.093997727054813, 0.0 ], [ -90.372242479821708, 48.094051136713773, 0.0 ], [ -90.372639219868631, 48.094142696857134, 0.0 ], [ -90.373112260120834, 48.094211366557687, 0.0 ], [ -90.37336403992866, 48.094218996652117, 0.0 ], [ -90.373653970288316, 48.09416177661646, 0.0 ], [ -90.373898119806114, 48.094024456790997, 0.0 ], [ -90.374096490278731, 48.093658246796927, 0.0 ], [ -90.374180419875728, 48.093295856810322, 0.0 ], [ -90.374134649813683, 48.092944906395282, 0.0 ], [ -90.3739896895746, 48.092529106797073, 0.0 ], [ -90.373791320000308, 48.092147636753431, 0.0 ], [ -90.373684499533226, 48.092025566389843, 0.0 ], [ -90.373478509550367, 48.09162502631775, 0.0 ], [ -90.373493769232113, 48.091529656345386, 0.0 ], [ -90.373631099181182, 48.091403776159417, 0.0 ], [ -90.373783689710265, 48.091350366150778, 0.0 ], [ -90.374157549666904, 48.091296966287118, 0.0 ], [ -90.374844220073456, 48.091350376351237, 0.0 ], [ -90.375386750402768, 48.09168132634359, 0.0 ], [ -90.37713869068395, 48.092674446145843, 0.0 ], [ -90.378724151583413, 48.092657576271073, 0.0 ], [ -90.381025052334692, 48.093373555865419, 0.0 ], [ -90.382630442358732, 48.094524816287347, 0.0 ], [ -90.383573952783109, 48.095448666037953, 0.0 ], [ -90.38411828333625, 48.097212666243891, 0.0 ], [ -90.385034963778054, 48.098666676787907, 0.0 ], [ -90.387687015075585, 48.099496686733453, 0.0 ], [ -90.389890405499415, 48.100581826383213, 0.0 ], [ -90.394776407906761, 48.1026832263004, 0.0 ], [ -90.398802779181068, 48.104552636684517, 0.0 ], [ -90.403241780801338, 48.10514444627141, 0.0 ], [ -90.410734122834683, 48.105049145764731, 0.0 ], [ -90.438483320014683, 48.098709402679432, 0.0 ], [ -90.443564661978883, 48.100693062947521, 0.0 ], [ -90.44757785406965, 48.103458732569152, 0.0 ], [ -90.452285345958657, 48.10505329263318, 0.0 ], [ -90.46195976858067, 48.106502952067437, 0.0 ], [ -90.465324430036901, 48.108589592392882, 0.0 ], [ -90.467476001143581, 48.108753642181021, 0.0 ], [ -90.471283231997575, 48.10593082137234, 0.0 ], [ -90.477707433140651, 48.105244240775122, 0.0 ], [ -90.479065533136634, 48.103527650776442, 0.0 ], [ -90.480240513358581, 48.102062830138578, 0.0 ], [ -90.483071144344734, 48.100422549865982, 0.0 ], [ -90.483689144836006, 48.100094489570573, 0.0 ], [ -90.486710515106424, 48.099091259595838, 0.0 ], [ -90.489914976404776, 48.099041698958423, 0.0 ], [ -90.493653497817647, 48.101402999362641, 0.0 ], [ -90.495429668356977, 48.09975813859073, 0.0 ], [ -90.496877848714718, 48.10079737865351, 0.0 ], [ -90.503007520123887, 48.100100028660208, 0.0 ], [ -90.506723151564998, 48.099366027798503, 0.0 ], [ -90.507409821971549, 48.099236327824528, 0.0 ], [ -90.507783681928174, 48.099098998154233, 0.0 ], [ -90.509843712012454, 48.097691387479571, 0.0 ], [ -90.51040068186164, 48.097328997719998, 0.0 ], [ -90.516946914644492, 48.099339327236223, 0.0 ], [ -90.556644165939034, 48.095970983825467, 0.0 ], [ -90.564456919067908, 48.098790014053833, 0.0 ], [ -90.565441129462855, 48.099747494084653, 0.0 ], [ -90.567447709787714, 48.101616674085527, 0.0 ], [ -90.567656259969127, 48.101613134044072, 0.0 ], [ -90.568148500812214, 48.101780623750159, 0.0 ], [ -90.568661150480253, 48.101908753960771, 0.0 ], [ -90.569195161187409, 48.101906573917127, 0.0 ], [ -90.570001451257198, 48.1018614636709, 0.0 ], [ -90.570629551507238, 48.10180607404623, 0.0 ], [ -90.571253581490694, 48.101756823776583, 0.0 ], [ -90.571964492036884, 48.101717673446963, 0.0 ], [ -90.572906132168839, 48.101642543796359, 0.0 ], [ -90.57344406222559, 48.101578113356538, 0.0 ], [ -90.573973241793155, 48.101491423299457, 0.0 ], [ -90.57493255268507, 48.101379883109423, 0.0 ], [ -90.576773973253367, 48.101278693512967, 0.0 ], [ -90.5772406731963, 48.101298473117687, 0.0 ], [ -90.577735892852871, 48.101275983122839, 0.0 ], [ -90.578165393559885, 48.101240062940967, 0.0 ], [ -90.578954173668137, 48.101166702928452, 0.0 ], [ -90.579372474180204, 48.101136262856848, 0.0 ], [ -90.580317084142493, 48.101008743231411, 0.0 ], [ -90.581184244055933, 48.100928812638152, 0.0 ], [ -90.581669394496473, 48.100865103000423, 0.0 ], [ -90.581732434669846, 48.10081915255973, 0.0 ], [ -90.581967184216523, 48.100646532833551, 0.0 ], [ -90.582356364940324, 48.100636722995588, 0.0 ], [ -90.58282165452826, 48.100615033000523, 0.0 ], [ -90.583111664837944, 48.100553642855829, 0.0 ], [ -90.583493124541874, 48.10038621274353, 0.0 ], [ -90.583805995178935, 48.100302822639819, 0.0 ], [ -90.584548795019373, 48.10021490239248, 0.0 ], [ -90.584645175266203, 48.100203492480709, 0.0 ], [ -90.585095155765075, 48.100185962762232, 0.0 ], [ -90.585499865665184, 48.100113492730877, 0.0 ], [ -90.586056395339895, 48.099954232160407, 0.0 ], [ -90.586278035771642, 48.099936392195758, 0.0 ], [ -90.586575565878576, 48.099965142390317, 0.0 ], [ -90.586735325861952, 48.100103472218237, 0.0 ], [ -90.586827546010724, 48.100303362568461, 0.0 ], [ -90.586918505823121, 48.100566212330619, 0.0 ], [ -90.587101336339643, 48.100642032258683, 0.0 ], [ -90.587231756447522, 48.100689762209022, 0.0 ], [ -90.587590316298247, 48.100688292414468, 0.0 ], [ -90.587872355856419, 48.100653732432761, 0.0 ], [ -90.588170115932073, 48.100605992250323, 0.0 ], [ -90.588391556039497, 48.100520662368027, 0.0 ], [ -90.588475026597379, 48.100441442519887, 0.0 ], [ -90.588604626543429, 48.100273202148728, 0.0 ], [ -90.588825886089481, 48.099958422034533, 0.0 ], [ -90.589047756489933, 48.099810112041482, 0.0 ], [ -90.5892454963452, 48.09971079232897, 0.0 ], [ -90.589634686950475, 48.09961098228279, 0.0 ], [ -90.589700756243005, 48.099603242001741, 0.0 ], [ -90.590165006480134, 48.09954957234131, 0.0 ], [ -90.590771917269251, 48.099490902207457, 0.0 ], [ -90.591406976767786, 48.099468641795049, 0.0 ], [ -90.592224097824939, 48.099407861611184, 0.0 ], [ -90.592703817949612, 48.099324351733898, 0.0 ], [ -90.593117667309414, 48.099315361750968, 0.0 ], [ -90.593680248035881, 48.099330101482607, 0.0 ], [ -90.594442617674787, 48.099329161989097, 0.0 ], [ -90.594806588078455, 48.099295391804567, 0.0 ], [ -90.594808248165108, 48.099162801770582, 0.0 ], [ -90.595370238698422, 48.099155731548329, 0.0 ], [ -90.595600988047138, 48.099016301288017, 0.0 ], [ -90.595817088568509, 48.098971941425397, 0.0 ], [ -90.596074408286711, 48.098940391371457, 0.0 ], [ -90.596798888783567, 48.098941411263617, 0.0 ], [ -90.597471679320662, 48.098964741590713, 0.0 ], [ -90.597844448722554, 48.098928501227469, 0.0 ], [ -90.598064968955114, 48.098802251594087, 0.0 ], [ -90.598263729296576, 48.098788581401116, 0.0 ], [ -90.598469049136213, 48.098870291136762, 0.0 ], [ -90.598721899735878, 48.098878991427831, 0.0 ], [ -90.598880588927443, 48.098837821315868, 0.0 ], [ -90.599178409190216, 48.098691721266739, 0.0 ], [ -90.599316439825202, 48.098590670964597, 0.0 ], [ -90.599416269602713, 48.098574311180762, 0.0 ], [ -90.599461699203275, 48.098615531298726, 0.0 ], [ -90.599499329630532, 48.098814071574509, 0.0 ], [ -90.599568569975986, 48.098927881492877, 0.0 ], [ -90.599728719828207, 48.099057311074311, 0.0 ], [ -90.59974431008996, 48.099100611378617, 0.0 ], [ -90.599800010129158, 48.099255371497513, 0.0 ], [ -90.599942859327342, 48.099555111489607, 0.0 ], [ -90.600070629405124, 48.099720951501418, 0.0 ], [ -90.600309269555297, 48.099862131634012, 0.0 ], [ -90.600391099789476, 48.099999221095842, 0.0 ], [ -90.600462230190317, 48.100174231285763, 0.0 ], [ -90.600431910252837, 48.100872331364897, 0.0 ], [ -90.60051487056765, 48.101006861306097, 0.0 ], [ -90.600612730339748, 48.101072891226501, 0.0 ], [ -90.600842840087992, 48.101104861709373, 0.0 ], [ -90.600874040374421, 48.101151091453133, 0.0 ], [ -90.600829390511549, 48.101200261315213, 0.0 ], [ -90.600835860178222, 48.101281551480668, 0.0 ], [ -90.600866140589815, 48.10140285178533, 0.0 ], [ -90.600804550297298, 48.101477781417337, 0.0 ], [ -90.600614590750695, 48.101577471457389, 0.0 ], [ -90.600499670174727, 48.101610981583548, 0.0 ], [ -90.600382330435664, 48.101585531790818, 0.0 ], [ -90.600156480498526, 48.101577031726407, 0.0 ], [ -90.600025900490508, 48.101623771564952, 0.0 ], [ -90.599911870144965, 48.101729131614903, 0.0 ], [ -90.599835489989616, 48.101763451512127, 0.0 ], [ -90.599706100249364, 48.101779151587174, 0.0 ], [ -90.599629720094029, 48.101754761907557, 0.0 ], [ -90.599591000010321, 48.101690411395687, 0.0 ], [ -90.599576270334609, 48.101569191557047, 0.0 ], [ -90.599401719590062, 48.101453501377748, 0.0 ], [ -90.599263839872052, 48.101386941627531, 0.0 ], [ -90.599127829548138, 48.101346611596163, 0.0 ], [ -90.598996259596689, 48.101309721410928, 0.0 ], [ -90.598721479324311, 48.101150941475453, 0.0 ], [ -90.59840194947607, 48.101026521632917, 0.0 ], [ -90.597917159259964, 48.100884031486537, 0.0 ], [ -90.597752949022635, 48.100824921938411, 0.0 ], [ -90.597498088891697, 48.100806271791022, 0.0 ], [ -90.597364488747701, 48.100799051816097, 0.0 ], [ -90.596552469223042, 48.10088805150923, 0.0 ], [ -90.596240258847729, 48.10093287165175, 0.0 ], [ -90.595973888603041, 48.100953892009748, 0.0 ], [ -90.595706578720581, 48.101011771589206, 0.0 ], [ -90.59542846839345, 48.101124192047607, 0.0 ], [ -90.595058848484967, 48.101240922011648, 0.0 ], [ -90.594894388516011, 48.101290742089333, 0.0 ], [ -90.594670178902561, 48.101358661956311, 0.0 ], [ -90.594464848283124, 48.10140971173076, 0.0 ], [ -90.594037428074316, 48.101511892114956, 0.0 ], [ -90.593600987881729, 48.101561232005267, 0.0 ], [ -90.593365667904848, 48.101538461969099, 0.0 ], [ -90.592591697422364, 48.101535622012918, 0.0 ], [ -90.59222595733759, 48.1014962819443, 0.0 ], [ -90.591810407466937, 48.101488062021609, 0.0 ], [ -90.591745567968033, 48.101498082264357, 0.0 ], [ -90.591496857703532, 48.101536492476903, 0.0 ], [ -90.591238547143575, 48.101574562514131, 0.0 ], [ -90.591070387013971, 48.101607962259649, 0.0 ], [ -90.590617767264803, 48.101686742379883, 0.0 ], [ -90.590260677057898, 48.101756832175248, 0.0 ], [ -90.58985482719568, 48.101788592266573, 0.0 ], [ -90.589549206861307, 48.101790752518362, 0.0 ], [ -90.589365576844187, 48.101778152148043, 0.0 ], [ -90.589094687175319, 48.101727742237188, 0.0 ], [ -90.588909966603438, 48.101624702617862, 0.0 ], [ -90.588715646634441, 48.101483482332732, 0.0 ], [ -90.588673666564574, 48.101453372397692, 0.0 ], [ -90.588497986637719, 48.101170752324677, 0.0 ], [ -90.58842168643244, 48.100935202314894, 0.0 ], [ -90.588261506037497, 48.100805872247747, 0.0 ], [ -90.587910496526746, 48.100771502518221, 0.0 ], [ -90.587696825948214, 48.100780512643603, 0.0 ], [ -90.58743006583471, 48.100990862238717, 0.0 ], [ -90.587254746132274, 48.101131142616786, 0.0 ], [ -90.58677388604552, 48.101395472318657, 0.0 ], [ -90.58641508634463, 48.101545402883843, 0.0 ], [ -90.58592709543116, 48.101728592901111, 0.0 ], [ -90.585430265993594, 48.101836122584572, 0.0 ], [ -90.585376915947208, 48.101847652714433, 0.0 ], [ -90.584996415643985, 48.101911492512947, 0.0 ], [ -90.584881865173912, 48.101981172869351, 0.0 ], [ -90.584881545373662, 48.102079082629992, 0.0 ], [ -90.584972245572942, 48.102162513045052, 0.0 ], [ -90.585105595985311, 48.102197712704111, 0.0 ], [ -90.585209445723734, 48.102244372791738, 0.0 ], [ -90.585354525438746, 48.102530322976477, 0.0 ], [ -90.585430176162077, 48.102693702828553, 0.0 ], [ -90.585559485952274, 48.102759013111452, 0.0 ], [ -90.585735265592135, 48.10288477311547, 0.0 ], [ -90.585881895799318, 48.102973942565662, 0.0 ], [ -90.58588200629211, 48.103063072868423, 0.0 ], [ -90.585707186052986, 48.103204802917112, 0.0 ], [ -90.585644866328451, 48.103247352869637, 0.0 ], [ -90.585553275898718, 48.103286452843612, 0.0 ], [ -90.585359156254029, 48.103282542787547, 0.0 ], [ -90.585162785431237, 48.103283152871491, 0.0 ], [ -90.584842515371207, 48.103289482866863, 0.0 ], [ -90.584614025285418, 48.103315973217221, 0.0 ], [ -90.584510535771429, 48.103348953111492, 0.0 ], [ -90.584330665203765, 48.103418933261153, 0.0 ], [ -90.584087895498243, 48.10343557284898, 0.0 ], [ -90.584049035277374, 48.103443962827313, 0.0 ], [ -90.583973435757997, 48.103464723008713, 0.0 ], [ -90.583934925880072, 48.103495222889563, 0.0 ], [ -90.583897505658612, 48.103512282970833, 0.0 ], [ -90.583836685222295, 48.103587532864672, 0.0 ], [ -90.583797845662659, 48.103663413123719, 0.0 ], [ -90.583699645429078, 48.103814043132473, 0.0 ], [ -90.583599895601608, 48.103870593159087, 0.0 ], [ -90.583584365526974, 48.103938063307957, 0.0 ], [ -90.583629705295991, 48.10398348306844, 0.0 ], [ -90.583660655850792, 48.104006722925327, 0.0 ], [ -90.583675825700993, 48.104029523061712, 0.0 ], [ -90.583735585226961, 48.104065893001582, 0.0 ], [ -90.583828805200625, 48.104131903395938, 0.0 ], [ -90.583966175573877, 48.104121272992778, 0.0 ], [ -90.584026405817028, 48.104064483291239, 0.0 ], [ -90.584102845261199, 48.104011743299303, 0.0 ], [ -90.584225626095915, 48.103964892855032, 0.0 ], [ -90.58437438531034, 48.10393375318273, 0.0 ], [ -90.584728075393883, 48.103867002883, 0.0 ], [ -90.585193755748975, 48.103791752798422, 0.0 ], [ -90.585376956371377, 48.10378659323078, 0.0 ], [ -90.585515015752449, 48.103803002945611, 0.0 ], [ -90.585682896506015, 48.103802073131931, 0.0 ], [ -90.585797556570569, 48.103835702983602, 0.0 ], [ -90.585873756164546, 48.103877942876302, 0.0 ], [ -90.585933585759093, 48.103928152718737, 0.0 ], [ -90.586010736668939, 48.104065272729038, 0.0 ], [ -90.585927055905287, 48.104203003046507, 0.0 ], [ -90.585835285812493, 48.104241622993662, 0.0 ], [ -90.585628706534806, 48.104291312989837, 0.0 ], [ -90.585446166174137, 48.104341373059953, 0.0 ], [ -90.585133766254287, 48.104634553211831, 0.0 ], [ -90.584757256267579, 48.104959053121028, 0.0 ], [ -90.584569195759471, 48.105131443014457, 0.0 ], [ -90.584500395588506, 48.105273403106082, 0.0 ], [ -90.584478175759955, 48.105687523216773, 0.0 ], [ -90.584431775978899, 48.105769633488791, 0.0 ], [ -90.584302026014186, 48.105860553112556, 0.0 ], [ -90.584576605962255, 48.106055223346033, 0.0 ], [ -90.585009306468308, 48.106230213518337, 0.0 ], [ -90.58547016646358, 48.106344343534253, 0.0 ], [ -90.585713176917608, 48.106371283397309, 0.0 ], [ -90.585865586885333, 48.106410703114094, 0.0 ], [ -90.58623949624932, 48.106387073242132, 0.0 ], [ -90.586456186963844, 48.106391613503988, 0.0 ], [ -90.58668247707547, 48.1063963631129, 0.0 ], [ -90.587032856867211, 48.106363512941947, 0.0 ], [ -90.58736919688937, 48.106276073343487, 0.0 ], [ -90.587465836749317, 48.106204972961422, 0.0 ], [ -90.587726187383282, 48.106013412938417, 0.0 ], [ -90.587848236989359, 48.105768052865898, 0.0 ], [ -90.587811077279312, 48.105381323082447, 0.0 ], [ -90.587886366879914, 48.105316212886159, 0.0 ], [ -90.58802370671043, 48.105259233148622, 0.0 ], [ -90.588192307014538, 48.105280862997489, 0.0 ], [ -90.588424707466743, 48.105353713254829, 0.0 ], [ -90.589291387679822, 48.105609972939838, 0.0 ], [ -90.58974912782611, 48.105673472745217, 0.0 ], [ -90.590047077446272, 48.105765202945811, 0.0 ], [ -90.590306417475531, 48.105748143012427, 0.0 ], [ -90.590665337550675, 48.105634042865269, 0.0 ], [ -90.59092156761244, 48.105626172721927, 0.0 ], [ -90.590943108314619, 48.105626622615837, 0.0 ], [ -90.591191368523184, 48.105631832986717, 0.0 ], [ -90.591420897959736, 48.105721902856352, 0.0 ], [ -90.591557878464144, 48.105890982588477, 0.0 ], [ -90.591738677889808, 48.105966352569993, 0.0 ], [ -90.592297158705307, 48.106163292843597, 0.0 ], [ -90.592698558313614, 48.106430012861779, 0.0 ], [ -90.592704798909878, 48.106434562717347, 0.0 ], [ -90.59516536981306, 48.106390442597529, 0.0 ], [ -90.600684600952377, 48.106312851991532, 0.0 ], [ -90.606203852752955, 48.106235242073062, 0.0 ], [ -90.611723084790583, 48.106157631437597, 0.0 ], [ -90.617242315929914, 48.106080051277438, 0.0 ], [ -90.617720165762151, 48.102473150583783, 0.0 ], [ -90.61819805512026, 48.098866269756343, 0.0 ], [ -90.618675934596894, 48.095259399249599, 0.0 ], [ -90.619153794310606, 48.091652498913973, 0.0 ], [ -90.619388803470386, 48.087970678390548, 0.0 ], [ -90.619523103401988, 48.085866758014113, 0.0 ], [ -90.619254233145881, 48.085850648019523, 0.0 ], [ -90.619255013781867, 48.085714947848459, 0.0 ], [ -90.619519153509685, 48.085683648299067, 0.0 ], [ -90.619517663204647, 48.085613537791303, 0.0 ], [ -90.619482483381475, 48.084288827713763, 0.0 ], [ -90.619314432846323, 48.080711397611893, 0.0 ], [ -90.613788470630581, 48.080846337993172, 0.0 ], [ -90.608245949769184, 48.080981448461984, 0.0 ], [ -90.603353927751144, 48.081188328609201, 0.0 ], [ -90.598384206850895, 48.081398299252037, 0.0 ], [ -90.592439454541278, 48.081398299252037, 0.0 ], [ -90.586950422965174, 48.081256909983281, 0.0 ], [ -90.581771421553185, 48.081123269991743, 0.0 ], [ -90.576775869596943, 48.080994130747833, 0.0 ], [ -90.574999418783236, 48.080947010866943, 0.0 ], [ -90.57228458872207, 48.080874830596393, 0.0 ], [ -90.57104095834778, 48.080841740861743, 0.0 ], [ -90.566008636550336, 48.080707800917338, 0.0 ], [ -90.560600064379287, 48.080563441404067, 0.0 ], [ -90.555241503216735, 48.080420442031773, 0.0 ], [ -90.55542859264601, 48.076743201165698, 0.0 ], [ -90.550077251243408, 48.076851831642763, 0.0 ], [ -90.544725899060992, 48.076960502103347, 0.0 ], [ -90.539345948113223, 48.077058522531097, 0.0 ], [ -90.534818746305092, 48.077141023038102, 0.0 ], [ -90.533965965724406, 48.07713080298636, 0.0 ], [ -90.530700084813432, 48.077153053263153, 0.0 ], [ -90.52864209480316, 48.077180573202583, 0.0 ], [ -90.523318192440911, 48.077251823561021, 0.0 ], [ -90.517964631301226, 48.077369324347323, 0.0 ], [ -90.512611039618818, 48.077486794855929, 0.0 ], [ -90.507621677953225, 48.077492065096543, 0.0 ], [ -90.502405426101333, 48.07749786530151, 0.0 ], [ -90.499361505422343, 48.07749980570518, 0.0 ], [ -90.499186775913074, 48.077157475468489, 0.0 ], [ -90.497203514954663, 48.076596265284437, 0.0 ], [ -90.49692064445486, 48.076737155395662, 0.0 ], [ -90.49526218465877, 48.077563246002221, 0.0 ], [ -90.491524873276589, 48.077547845827937, 0.0 ], [ -90.49127534285023, 48.073793465821197, 0.0 ], [ -90.49115616246317, 48.072000265600749, 0.0 ], [ -90.48600761034605, 48.072005175652599, 0.0 ], [ -90.480795118841968, 48.072009906229077, 0.0 ], [ -90.480579458495072, 48.069277775575792, 0.0 ], [ -90.478838948377586, 48.069328705929671, 0.0 ], [ -90.47521661686018, 48.069326116312901, 0.0 ], [ -90.474516116889845, 48.069325616277993, 0.0 ], [ -90.469990695542592, 48.068792436380441, 0.0 ], [ -90.470032045893433, 48.070206536479184, 0.0 ], [ -90.464560623991844, 48.070183657114733, 0.0 ], [ -90.459630322064584, 48.070162807260822, 0.0 ], [ -90.454219420562012, 48.070140177590311, 0.0 ], [ -90.45154889002076, 48.070128927880901, 0.0 ], [ -90.451500070178341, 48.070192637784231, 0.0 ], [ -90.451499709953893, 48.070300638000653, 0.0 ], [ -90.451529729854073, 48.070359258002277, 0.0 ], [ -90.451584149793987, 48.07046550808564, 0.0 ], [ -90.451707219886217, 48.07063156797151, 0.0 ], [ -90.451766440423, 48.070711477831608, 0.0 ], [ -90.45176690036044, 48.070837457883407, 0.0 ], [ -90.451621589778384, 48.070960167994393, 0.0 ], [ -90.451461739963477, 48.071019317876598, 0.0 ], [ -90.451314010218354, 48.071053528014943, 0.0 ], [ -90.451247620227292, 48.071068907923348, 0.0 ], [ -90.451064089923165, 48.071114578216807, 0.0 ], [ -90.450858990170758, 48.071177208231838, 0.0 ], [ -90.450607300194449, 48.071257207883818, 0.0 ], [ -90.450433439356061, 48.07127992830258, 0.0 ], [ -90.450241999385852, 48.07124909837686, 0.0 ], [ -90.450002399834958, 48.071158927896271, 0.0 ], [ -90.449728969730444, 48.071043468224516, 0.0 ], [ -90.449424368983912, 48.070956958388031, 0.0 ], [ -90.44903830900742, 48.070928958510663, 0.0 ], [ -90.448549929123431, 48.070919138201077, 0.0 ], [ -90.448453858795375, 48.070918518128899, 0.0 ], [ -90.448505569416383, 48.07204898854102, 0.0 ], [ -90.445666318196771, 48.07201550836907, 0.0 ], [ -90.443875387439007, 48.071994358531619, 0.0 ], [ -90.440980517028606, 48.071960108801903, 0.0 ], [ -90.440436426325633, 48.071953659100892, 0.0 ], [ -90.432647454297268, 48.071861099649468, 0.0 ], [ -90.431215154357119, 48.071844029666238, 0.0 ], [ -90.427209093093097, 48.071796169696107, 0.0 ], [ -90.422006081510176, 48.071722660229533, 0.0 ], [ -90.416745639732852, 48.071648100812077, 0.0 ], [ -90.411131987572347, 48.071568260835541, 0.0 ], [ -90.405369825929029, 48.071486031712951, 0.0 ], [ -90.405587916218778, 48.073293981441878, 0.0 ], [ -90.405802966609571, 48.075076922121497, 0.0 ], [ -90.402410785264621, 48.074945932237767, 0.0 ], [ -90.401530415624947, 48.075043632387228, 0.0 ], [ -90.401193315628035, 48.075053192016519, 0.0 ], [ -90.400920965298525, 48.07502912217862, 0.0 ], [ -90.400563395391245, 48.075052541983389, 0.0 ], [ -90.40032309515442, 48.075089272143451, 0.0 ], [ -90.399632934793004, 48.075194762193682, 0.0 ], [ -90.399161734290502, 48.075246392542191, 0.0 ], [ -90.398283334656242, 48.075288832385752, 0.0 ], [ -90.397796644503273, 48.075390192573131, 0.0 ], [ -90.397361424222851, 48.075506292519407, 0.0 ], [ -90.396827964182961, 48.075621452877229, 0.0 ], [ -90.396262123470336, 48.075782552822403, 0.0 ], [ -90.395892393967387, 48.075952562903922, 0.0 ], [ -90.394999993191092, 48.076489523092512, 0.0 ], [ -90.394457563473082, 48.076815893197349, 0.0 ], [ -90.389426412180441, 48.07683239314705, 0.0 ], [ -90.383965790723536, 48.076860793742888, 0.0 ], [ -90.378666088975024, 48.077010553974517, 0.0 ], [ -90.3733663575821, 48.077160334776927, 0.0 ], [ -90.368337116107767, 48.077573455164668, 0.0 ], [ -90.36406372430001, 48.077926225196791, 0.0 ], [ -90.363001603918761, 48.077683665375098, 0.0 ], [ -90.359021012587974, 48.077629595318811, 0.0 ], [ -90.357246901885588, 48.072327945108647, 0.0 ], [ -90.356696640654931, 48.070683324752807, 0.0 ], [ -90.356676751056227, 48.070492934958793, 0.0 ], [ -90.356568940645715, 48.069459634477603, 0.0 ], [ -90.356112280274402, 48.066077134172303, 0.0 ], [ -90.355673599683513, 48.06241682383223, 0.0 ], [ -90.355679479157047, 48.059314093385247, 0.0 ], [ -90.355686588424192, 48.05555026265484, 0.0 ], [ -90.355677628627561, 48.05467977245857, 0.0 ], [ -90.354729477506424, 48.054787922915317, 0.0 ], [ -90.354004117558887, 48.054439952821568, 0.0 ], [ -90.355507288286745, 48.054228522336807, 0.0 ], [ -90.355672847793599, 48.054218632790267, 0.0 ], [ -90.355652027540273, 48.052199262285122, 0.0 ], [ -90.355085697245826, 48.051955452284147, 0.0 ], [ -90.354590047296227, 48.051742082232657, 0.0 ], [ -90.354923057263619, 48.05155806202054, 0.0 ], [ -90.355645447380823, 48.051561822284327, 0.0 ], [ -90.355612167494485, 48.048333481945747, 0.0 ], [ -90.355611827032988, 48.048312121800642, 0.0 ], [ -90.35458865670418, 48.048357221969013, 0.0 ], [ -90.353617636272531, 48.048622762138827, 0.0 ], [ -90.351385135941896, 48.049096412069197, 0.0 ], [ -90.350583325770458, 48.049491592223191, 0.0 ], [ -90.350211805925142, 48.049553342376377, 0.0 ], [ -90.346167595007614, 48.050225572876499, 0.0 ], [ -90.344754333961603, 48.051537002857131, 0.0 ], [ -90.344731944351452, 48.051557773185237, 0.0 ], [ -90.342642863649189, 48.052035143140593, 0.0 ], [ -90.339229782999155, 48.052698493832366, 0.0 ], [ -90.339238592777136, 48.052336303459811, 0.0 ], [ -90.339261742362027, 48.051383143399121, 0.0 ], [ -90.340366783349211, 48.051035712960783, 0.0 ], [ -90.343058753981353, 48.050098352770767, 0.0 ], [ -90.345273374244556, 48.048960992683213, 0.0 ], [ -90.346392894277486, 48.04855248222411, 0.0 ], [ -90.350675115626188, 48.047733831945003, 0.0 ], [ -90.352810646415136, 48.046884801565582, 0.0 ], [ -90.353253116099907, 48.046284671673057, 0.0 ], [ -90.353103116312084, 48.045513371335453, 0.0 ], [ -90.350156675417836, 48.045155151804607, 0.0 ], [ -90.348113813935271, 48.045041161639567, 0.0 ], [ -90.345420853359684, 48.044938491901391, 0.0 ], [ -90.344768963025999, 48.045074992070703, 0.0 ], [ -90.341223932437131, 48.04581717260492, 0.0 ], [ -90.339419671578867, 48.045748412474879, 0.0 ], [ -90.339407921614935, 48.045101692577603, 0.0 ], [ -90.339373131660622, 48.043186452369703, 0.0 ], [ -90.342475582071927, 48.043230372069509, 0.0 ], [ -90.344743592805742, 48.042520591789, 0.0 ], [ -90.346287623404294, 48.042556331963553, 0.0 ], [ -90.347276023541724, 48.042460311869547, 0.0 ], [ -90.349310324079653, 48.042633131693897, 0.0 ], [ -90.350139854464132, 48.042645891297958, 0.0 ], [ -90.352007974759317, 48.042674571416953, 0.0 ], [ -90.353474735870392, 48.042521281271647, 0.0 ], [ -90.355513986125501, 48.041910580998511, 0.0 ], [ -90.355939526160441, 48.041783140952823, 0.0 ], [ -90.36016701765044, 48.041964600895298, 0.0 ], [ -90.360887028130449, 48.041553720207958, 0.0 ], [ -90.36326120805272, 48.040243300317393, 0.0 ], [ -90.363845568433263, 48.040312560305047, 0.0 ], [ -90.364212748517431, 48.040371730390007, 0.0 ], [ -90.365013108808014, 48.040155130249552, 0.0 ], [ -90.366291548899554, 48.040156529699317, 0.0 ], [ -90.367683629467805, 48.040158009632442, 0.0 ], [ -90.369438560240553, 48.039742389402853, 0.0 ], [ -90.371545920760511, 48.039136829447557, 0.0 ], [ -90.37168876097553, 48.039108639278503, 0.0 ], [ -90.374883861828621, 48.038477838918382, 0.0 ], [ -90.375926822043155, 48.038181349263382, 0.0 ], [ -90.376409841679859, 48.038214079013287, 0.0 ], [ -90.37707927251779, 48.038043318998163, 0.0 ], [ -90.377615922475258, 48.037856479044898, 0.0 ], [ -90.378765762445681, 48.038293708844492, 0.0 ], [ -90.38009884346269, 48.03815680869458, 0.0 ], [ -90.381299483162422, 48.037884018795893, 0.0 ], [ -90.382308623603123, 48.038428158610436, 0.0 ], [ -90.383028983527794, 48.038367858285469, 0.0 ], [ -90.383018683444746, 48.037603428588042, 0.0 ], [ -90.383004883525345, 48.036575458317522, 0.0 ], [ -90.383004943712464, 48.036295048391317, 0.0 ], [ -90.383000213184189, 48.034000757796939, 0.0 ], [ -90.376990561188549, 48.033982088224398, 0.0 ], [ -90.372796869709418, 48.033939718841992, 0.0 ], [ -90.371583459559602, 48.033920678618571, 0.0 ], [ -90.371602029533165, 48.032731408489987, 0.0 ], [ -90.371639489280511, 48.030332488199562, 0.0 ], [ -90.371695519001406, 48.026744257599873, 0.0 ], [ -90.37175215778008, 48.023115627334533, 0.0 ], [ -90.371808827101461, 48.019486986769962, 0.0 ], [ -90.366343665559086, 48.019479326965779, 0.0 ], [ -90.360878513898172, 48.019471657546617, 0.0 ], [ -90.355400522616918, 48.019548997613832, 0.0 ], [ -90.349922551098587, 48.019626308122803, 0.0 ], [ -90.344444589461744, 48.019703608902063, 0.0 ], [ -90.338966627824888, 48.019780949222181, 0.0 ], [ -90.333609086250178, 48.019753179280173, 0.0 ], [ -90.328251544675467, 48.019725399709429, 0.0 ], [ -90.322892662814354, 48.019697660381389, 0.0 ], [ -90.31753379083473, 48.019669910823822, 0.0 ], [ -90.312176269022956, 48.019629861016988, 0.0 ], [ -90.306818757990953, 48.019589811179067, 0.0 ], [ -90.301459905774266, 48.019549791953999, 0.0 ], [ -90.296101034692938, 48.019509772096988, 0.0 ], [ -90.296067955130908, 48.023158602831913, 0.0 ], [ -90.296034875568893, 48.026807413207429, 0.0 ], [ -90.296001805888338, 48.030455333311757, 0.0 ], [ -90.295975366672891, 48.033370764112867, 0.0 ], [ -90.295404876280358, 48.033386933788762, 0.0 ], [ -90.294909996186959, 48.033362924359182, 0.0 ], [ -90.294559546326639, 48.033300734304021, 0.0 ], [ -90.294154306420495, 48.033178733956227, 0.0 ], [ -90.293573665963564, 48.033191564382172, 0.0 ], [ -90.292984995466298, 48.0332535641463, 0.0 ], [ -90.292515365218918, 48.033332994402087, 0.0 ], [ -90.29209514500711, 48.033327654163067, 0.0 ], [ -90.291536004828188, 48.033260394135517, 0.0 ], [ -90.291413725253378, 48.033266144060647, 0.0 ], [ -90.291245504936654, 48.033311794430787, 0.0 ], [ -90.290893334802576, 48.033405784387853, 0.0 ], [ -90.29058106513844, 48.033472014625559, 0.0 ], [ -90.290569944893534, 48.033473114507522, 0.0 ], [ -90.29017789495073, 48.033512114348547, 0.0 ], [ -90.289266674469246, 48.033444884596797, 0.0 ], [ -90.288597644279918, 48.03341124475898, 0.0 ], [ -90.288095673783999, 48.033457924600881, 0.0 ], [ -90.287461314073056, 48.033551034867777, 0.0 ], [ -90.287219263918075, 48.033558774876738, 0.0 ], [ -90.286682853810774, 48.033472414691893, 0.0 ], [ -90.286204153273971, 48.033426824534097, 0.0 ], [ -90.285662683854994, 48.033487854485408, 0.0 ], [ -90.285316453381569, 48.033523414709741, 0.0 ], [ -90.28516452311419, 48.033523054890708, 0.0 ], [ -90.284922743352112, 48.033522465003742, 0.0 ], [ -90.284494522744382, 48.033484674980407, 0.0 ], [ -90.284044712925407, 48.033456024585782, 0.0 ], [ -90.283471893201352, 48.033568565070382, 0.0 ], [ -90.282753572452378, 48.033547705191808, 0.0 ], [ -90.282271462809064, 48.033449445114542, 0.0 ], [ -90.28191523228989, 48.033410775010857, 0.0 ], [ -90.280503492091668, 48.033368405158669, 0.0 ], [ -90.279763721370358, 48.033269995164588, 0.0 ], [ -90.279737292036359, 48.033266475047753, 0.0 ], [ -90.279064351480628, 48.03316285495562, 0.0 ], [ -90.27845537097312, 48.033100045332723, 0.0 ], [ -90.2776894808366, 48.033077855304192, 0.0 ], [ -90.277096000759315, 48.033120215183317, 0.0 ], [ -90.276524391065934, 48.033289065062789, 0.0 ], [ -90.275883490721426, 48.0335892951896, 0.0 ], [ -90.275077709996395, 48.033928445603351, 0.0 ], [ -90.274347250312999, 48.033921695595097, 0.0 ], [ -90.268915038076941, 48.033884725813671, 0.0 ], [ -90.263482797094767, 48.033847786641182, 0.0 ], [ -90.258049224809383, 48.033810876876323, 0.0 ], [ -90.252615663303757, 48.033773937050249, 0.0 ], [ -90.2480236022338, 48.033889937446119, 0.0 ], [ -90.24271191067119, 48.034020887649177, 0.0 ], [ -90.237399229165121, 48.034127338281174, 0.0 ], [ -90.232086547659094, 48.0342337886933, 0.0 ], [ -90.226783025375681, 48.034403708956233, 0.0 ], [ -90.221479533634991, 48.034573609436947, 0.0 ], [ -90.216176012249903, 48.034743529780663, 0.0 ], [ -90.210872490864801, 48.034913450164709, 0.0 ], [ -90.2055712790483, 48.034843320336201, 0.0 ], [ -90.200270097774521, 48.034773191012917, 0.0 ], [ -90.195087166233165, 48.034827781235201, 0.0 ], [ -90.189904204149087, 48.034882351577089, 0.0 ], [ -90.184724682612554, 48.034860552159962, 0.0 ], [ -90.179545191618729, 48.034838722699412, 0.0 ], [ -90.174364349558743, 48.034816902840561, 0.0 ], [ -90.169183498515579, 48.034795103395737, 0.0 ], [ -90.16349461604328, 48.034514533608267, 0.0 ], [ -90.157805764113675, 48.034233953883373, 0.0 ], [ -90.152118273131748, 48.033953464536943, 0.0 ], [ -90.146430810895922, 48.033672974865048, 0.0 ], [ -90.140989478963064, 48.033741364865833, 0.0 ], [ -90.135548157810035, 48.033809795623164, 0.0 ], [ -90.130106835758653, 48.033878186043069, 0.0 ], [ -90.124665474181427, 48.033946585983287, 0.0 ], [ -90.118963622731371, 48.034236616747712, 0.0 ], [ -90.113205231317338, 48.034529506955842, 0.0 ], [ -90.10744689919207, 48.034822647786562, 0.0 ], [ -90.101688547303908, 48.035115818184927, 0.0 ], [ -90.101631948051121, 48.038768448419383, 0.0 ], [ -90.095849096410191, 48.0385547588509, 0.0 ], [ -90.095804857077411, 48.042181499132518, 0.0 ], [ -90.090034445306529, 48.041941639908558, 0.0 ], [ -90.090002265856427, 48.045581430326379, 0.0 ], [ -90.089970106169261, 48.049221230782408, 0.0 ], [ -90.084224114201092, 48.048968651108638, 0.0 ], [ -90.084297054707207, 48.051904561785577, 0.0 ], [ -90.084320244716253, 48.052838241817838, 0.0 ], [ -90.084352495133274, 48.054136562090328, 0.0 ], [ -90.08441635546852, 48.056707642033167, 0.0 ], [ -90.084394115877018, 48.059874332695863, 0.0 ], [ -90.084929156053505, 48.059900082314371, 0.0 ], [ -90.085953946943107, 48.059877142531718, 0.0 ], [ -90.086944397036021, 48.059793202220739, 0.0 ], [ -90.087937127053138, 48.059621352575718, 0.0 ], [ -90.089457537349588, 48.0594659124122, 0.0 ], [ -90.089873018049971, 48.059388582413128, 0.0 ], [ -90.09039346778961, 48.059291732126219, 0.0 ], [ -90.091430757838083, 48.059173012074289, 0.0 ], [ -90.092292068820711, 48.05913251204403, 0.0 ], [ -90.092869678361879, 48.059328961659823, 0.0 ], [ -90.093299988450951, 48.059435571938039, 0.0 ], [ -90.093865188664793, 48.059462631842557, 0.0 ], [ -90.094774949383947, 48.059632742072367, 0.0 ], [ -90.095048059688182, 48.059730551747727, 0.0 ], [ -90.095298619583872, 48.059820301563192, 0.0 ], [ -90.096047399509175, 48.060206351569313, 0.0 ], [ -90.096683730123829, 48.060570521886298, 0.0 ], [ -90.096942600334188, 48.060701021826922, 0.0 ], [ -90.098294690600937, 48.061065472023209, 0.0 ], [ -90.098771830764093, 48.061004801948158, 0.0 ], [ -90.099053191195935, 48.06119997162056, 0.0 ], [ -90.099653140939907, 48.061536941625228, 0.0 ], [ -90.100259951117678, 48.061624391869067, 0.0 ], [ -90.10074231139096, 48.061786441593149, 0.0 ], [ -90.1016727719892, 48.061894311759197, 0.0 ], [ -90.102033991751483, 48.062138111922593, 0.0 ], [ -90.10359683217375, 48.062880781395663, 0.0 ], [ -90.103826282558572, 48.062933861953411, 0.0 ], [ -90.104661062697602, 48.062968091874957, 0.0 ], [ -90.105160093007598, 48.063105611688229, 0.0 ], [ -90.105569233398683, 48.063197731819002, 0.0 ], [ -90.105915503397995, 48.063346391748397, 0.0 ], [ -90.105891613601329, 48.064206741528501, 0.0 ], [ -90.10129584159094, 48.064202231760902, 0.0 ], [ -90.100478091713057, 48.064201412294338, 0.0 ], [ -90.095152869725666, 48.064171392192137, 0.0 ], [ -90.089827648636557, 48.064141363067279, 0.0 ], [ -90.084363816600799, 48.064193363510739, 0.0 ], [ -90.078900015107763, 48.064245393318338, 0.0 ], [ -90.073436543296438, 48.064268373778667, 0.0 ], [ -90.067973121790772, 48.064291094281138, 0.0 ], [ -90.062509680522169, 48.064313844790647, 0.0 ], [ -90.057046238355255, 48.064336565273088, 0.0 ], [ -90.057074058281287, 48.06238866501527, 0.0 ], [ -90.05436830749268, 48.062329634892087, 0.0 ], [ -90.054025876892908, 48.062322165166833, 0.0 ], [ -90.053845107111655, 48.062318215373523, 0.0 ], [ -90.052257356406542, 48.062287725288627, 0.0 ], [ -90.051953566838705, 48.062279925356982, 0.0 ], [ -90.051284595938199, 48.062285765099652, 0.0 ], [ -90.051125206060718, 48.062272595509391, 0.0 ], [ -90.050886185923162, 48.062198725428438, 0.0 ], [ -90.050672506361479, 48.062148355364563, 0.0 ], [ -90.05043597635391, 48.062061185181392, 0.0 ], [ -90.050176346168797, 48.062072475077727, 0.0 ], [ -90.049828195995616, 48.062144335315118, 0.0 ], [ -90.049505625350136, 48.06219043558518, 0.0 ], [ -90.049169495533732, 48.062190645713002, 0.0 ], [ -90.049117945711174, 48.062179905176933, 0.0 ], [ -90.048879705311293, 48.062130265740038, 0.0 ], [ -90.048530875113428, 48.062066345333733, 0.0 ], [ -90.048236205242361, 48.062014975528697, 0.0 ], [ -90.048114905729534, 48.06199383538975, 0.0 ], [ -90.047888135019207, 48.061936595712361, 0.0 ], [ -90.04759370499832, 48.061862285679041, 0.0 ], [ -90.047298785395611, 48.061769525565239, 0.0 ], [ -90.047257534757748, 48.061756105488492, 0.0 ], [ -90.046812064699935, 48.061626255423377, 0.0 ], [ -90.046362315068095, 48.061466195434029, 0.0 ], [ -90.046130174229006, 48.061368975622521, 0.0 ], [ -90.046004284325107, 48.061316255477522, 0.0 ], [ -90.045529583986237, 48.061134115642481, 0.0 ], [ -90.04515653431001, 48.061021195297307, 0.0 ], [ -90.045079793930228, 48.060977945782511, 0.0 ], [ -90.044175494069691, 48.060468255345249, 0.0 ], [ -90.043030503205173, 48.05977447535161, 0.0 ], [ -90.042670933648097, 48.059497305363877, 0.0 ], [ -90.041937503236042, 48.059033175610701, 0.0 ], [ -90.041788322711767, 48.058909515442757, 0.0 ], [ -90.041644412603247, 48.058732365469389, 0.0 ], [ -90.041463672466392, 48.058109265551231, 0.0 ], [ -90.041387613009604, 48.057603185250088, 0.0 ], [ -90.041379902769535, 48.057569105468417, 0.0 ], [ -90.041273142489572, 48.057096885022247, 0.0 ], [ -90.041158582138038, 48.056927315203367, 0.0 ], [ -90.041036892756381, 48.056798265337683, 0.0 ], [ -90.040840382694711, 48.056691225094582, 0.0 ], [ -90.040692061858152, 48.05660311500359, 0.0 ], [ -90.040647742575288, 48.056576785521223, 0.0 ], [ -90.040555111896452, 48.056486745446648, 0.0 ], [ -90.040395792087551, 48.056331804986613, 0.0 ], [ -90.039910912039915, 48.056035465527707, 0.0 ], [ -90.038851341077461, 48.05542405544319, 0.0 ], [ -90.038490521065498, 48.055206465413953, 0.0 ], [ -90.038231381360546, 48.055048895339688, 0.0 ], [ -90.037987221062934, 48.054913205191582, 0.0 ], [ -90.037772450946505, 48.0547938349616, 0.0 ], [ -90.037280370901854, 48.054485485355308, 0.0 ], [ -90.036795720822923, 48.054158114968843, 0.0 ], [ -90.036259720347402, 48.053809275351711, 0.0 ], [ -90.035819120056729, 48.053471235172758, 0.0 ], [ -90.035416050480322, 48.053187875229867, 0.0 ], [ -90.035253430261079, 48.053047824954952, 0.0 ], [ -90.035040659794447, 48.05286459542954, 0.0 ], [ -90.034694009807765, 48.05245909491039, 0.0 ], [ -90.034463409579402, 48.052218845194027, 0.0 ], [ -90.034123849096943, 48.051898985078843, 0.0 ], [ -90.033839968890746, 48.051584004952481, 0.0 ], [ -90.033469089544226, 48.051284405116952, 0.0 ], [ -90.033193588822996, 48.051039765103397, 0.0 ], [ -90.032899729232312, 48.050811554756187, 0.0 ], [ -90.032802028462029, 48.05073568478219, 0.0 ], [ -90.032544088906278, 48.050486824838103, 0.0 ], [ -90.032155788531469, 48.050184444885502, 0.0 ], [ -90.031536218683371, 48.049776395114051, 0.0 ], [ -90.031081787930589, 48.049513885076507, 0.0 ], [ -90.030700388413777, 48.049324724898383, 0.0 ], [ -90.030380467798395, 48.049141384841548, 0.0 ], [ -90.029989047574603, 48.048973105161409, 0.0 ], [ -90.029579947607672, 48.048783224773118, 0.0 ], [ -90.029096397066652, 48.048566945250002, 0.0 ], [ -90.028836737237143, 48.0483936246779, 0.0 ], [ -90.028608517544271, 48.048306705045661, 0.0 ], [ -90.02848587684673, 48.048295585082393, 0.0 ], [ -90.028276807439084, 48.048279575021454, 0.0 ], [ -90.027662766721576, 48.0482462048979, 0.0 ], [ -90.027530426913913, 48.048236204906317, 0.0 ], [ -90.027210476654133, 48.048212025240588, 0.0 ], [ -90.026769006794254, 48.048191625290251, 0.0 ], [ -90.026487546649435, 48.048193295360143, 0.0 ], [ -90.026090286477967, 48.048210024880781, 0.0 ], [ -90.025662806082039, 48.048248425049493, 0.0 ], [ -90.025312586190438, 48.048302325400627, 0.0 ], [ -90.025006766430053, 48.048384365163876, 0.0 ], [ -90.024679175998756, 48.048492875345779, 0.0 ], [ -90.024350585742553, 48.048637275588952, 0.0 ], [ -90.024045845757144, 48.048800365459392, 0.0 ], [ -90.023770716040133, 48.049000315289867, 0.0 ], [ -90.023768495404752, 48.049002455539913, 0.0 ], [ -90.023568975986876, 48.049194715568703, 0.0 ], [ -90.023511545792459, 48.049250025542008, 0.0 ], [ -90.023267875975009, 48.049522465807719, 0.0 ], [ -90.023031155524592, 48.049844695281152, 0.0 ], [ -90.022880066080333, 48.050171205543471, 0.0 ], [ -90.022731715599363, 48.050587225634239, 0.0 ], [ -90.022634436138929, 48.0509058754891, 0.0 ], [ -90.022574825733315, 48.051017985733843, 0.0 ], [ -90.022511985884236, 48.051136145713947, 0.0 ], [ -90.022489055488293, 48.051257065888379, 0.0 ], [ -90.022512525771731, 48.051388105859132, 0.0 ], [ -90.022512186208544, 48.051496146133992, 0.0 ], [ -90.022466095447939, 48.051742335638238, 0.0 ], [ -90.022399755762535, 48.051930576000608, 0.0 ], [ -90.022326816154717, 48.052196596145848, 0.0 ], [ -90.022232386150364, 48.052490856024448, 0.0 ], [ -90.022189525731548, 48.052703445957533, 0.0 ], [ -90.022175846186386, 48.05277130629765, 0.0 ], [ -90.022096745932359, 48.053105206018678, 0.0 ], [ -90.022016696159085, 48.053356256427627, 0.0 ], [ -90.021901736057217, 48.053603386374903, 0.0 ], [ -90.021841125826683, 48.053871886194237, 0.0 ], [ -90.021811826375384, 48.054142026268913, 0.0 ], [ -90.021818786522203, 48.054398656465928, 0.0 ], [ -90.021819145848312, 48.054411916337521, 0.0 ], [ -90.021863746303865, 48.054736696560951, 0.0 ], [ -90.021802235961403, 48.054888116576571, 0.0 ], [ -90.021695936517204, 48.055029326116497, 0.0 ], [ -90.021566105704139, 48.055156456582743, 0.0 ], [ -90.021291166429947, 48.055297776469203, 0.0 ], [ -90.020994125904863, 48.055371086630437, 0.0 ], [ -90.020788015547751, 48.055397206573844, 0.0 ], [ -90.020507995402326, 48.055385216295967, 0.0 ], [ -90.020300085719725, 48.055384526385041, 0.0 ], [ -90.02003169606229, 48.055364136481238, 0.0 ], [ -90.01969640527237, 48.055382406815362, 0.0 ], [ -90.019545795528458, 48.055400606290547, 0.0 ], [ -90.019330275318765, 48.055435886594367, 0.0 ], [ -90.019170225179522, 48.055476706566822, 0.0 ], [ -90.018948845259231, 48.05556098656082, 0.0 ], [ -90.01883577521275, 48.055617856850091, 0.0 ], [ -90.018727545288996, 48.055672296490208, 0.0 ], [ -90.018526175341648, 48.055785736540066, 0.0 ], [ -90.018322944983339, 48.05592731649044, 0.0 ], [ -90.018048655191123, 48.056099956631641, 0.0 ], [ -90.017819675523512, 48.056219896648493, 0.0 ], [ -90.017621474832481, 48.056336337059328, 0.0 ], [ -90.017484534752256, 48.056499307078901, 0.0 ], [ -90.017362075514413, 48.056734197209927, 0.0 ], [ -90.017240175028675, 48.057027696837743, 0.0 ], [ -90.017159615012304, 48.057391647069721, 0.0 ], [ -90.017125725169905, 48.057641667276613, 0.0 ], [ -90.017331225570928, 48.057656037086637, 0.0 ], [ -90.017858445014554, 48.05762470725702, 0.0 ], [ -90.018748365542336, 48.057625367116962, 0.0 ], [ -90.01885772554671, 48.057619206822487, 0.0 ], [ -90.018875905651427, 48.057620177098947, 0.0 ], [ -90.01918551540399, 48.05763671682714, 0.0 ], [ -90.01923864536316, 48.057647086652231, 0.0 ], [ -90.019330525948746, 48.057712457150423, 0.0 ], [ -90.01945213627863, 48.057768536715983, 0.0 ], [ -90.01946261602474, 48.057786997129433, 0.0 ], [ -90.01948444598446, 48.057825486823958, 0.0 ], [ -90.019522445619288, 48.057924446725607, 0.0 ], [ -90.019635525547258, 48.057967157231772, 0.0 ], [ -90.01967435612373, 48.058063317133453, 0.0 ], [ -90.019661645860765, 48.058099906914727, 0.0 ], [ -90.01965114635172, 48.058130126892657, 0.0 ], [ -90.019612656236745, 48.058187516702652, 0.0 ], [ -90.019665825721788, 48.058265627238939, 0.0 ], [ -90.019788326282139, 48.058282297048962, 0.0 ], [ -90.019853596074043, 48.058280477203603, 0.0 ], [ -90.019956426224624, 48.058277616846027, 0.0 ], [ -90.020122495974576, 48.058262436654509, 0.0 ], [ -90.020314756106629, 48.058246417083438, 0.0 ], [ -90.020520346339183, 48.058332756754353, 0.0 ], [ -90.020619556279158, 48.0584162971723, 0.0 ], [ -90.020696146640276, 48.05844078666118, 0.0 ], [ -90.020757146739655, 48.05847386678591, 0.0 ], [ -90.021054516946464, 48.058540076805322, 0.0 ], [ -90.021138476187872, 48.058596216710939, 0.0 ], [ -90.021200196736089, 48.058719256811898, 0.0 ], [ -90.021214886885929, 48.058827656957739, 0.0 ], [ -90.021283626869788, 48.058959916894693, 0.0 ], [ -90.021384177096166, 48.059044376711221, 0.0 ], [ -90.021481646999447, 48.059118026768608, 0.0 ], [ -90.021565946702324, 48.05922823688077, 0.0 ], [ -90.021787226909638, 48.059449907024799, 0.0 ], [ -90.021832616984312, 48.059491566771918, 0.0 ], [ -90.021893666491025, 48.059596637299308, 0.0 ], [ -90.021924297245576, 48.059705416848161, 0.0 ], [ -90.021931766737168, 48.059867547061593, 0.0 ], [ -90.021886066743718, 48.060019366858008, 0.0 ], [ -90.021768126930056, 48.060217927056883, 0.0 ], [ -90.021758567058811, 48.060234007254031, 0.0 ], [ -90.021756417390336, 48.060375827134742, 0.0 ], [ -90.021772156772428, 48.060466367133188, 0.0 ], [ -90.021870727111917, 48.060603857006427, 0.0 ], [ -90.022038857597153, 48.060729727314609, 0.0 ], [ -90.022199366775467, 48.060855316937193, 0.0 ], [ -90.022344347675812, 48.06104810727561, 0.0 ], [ -90.022377667088023, 48.061129537162593, 0.0 ], [ -90.022435537456929, 48.06127095712732, 0.0 ], [ -90.022427817335384, 48.061374377194952, 0.0 ], [ -90.02242843717292, 48.061509197184861, 0.0 ], [ -90.022323667559647, 48.061852727201497, 0.0 ], [ -90.022320957342444, 48.061861627074151, 0.0 ], [ -90.022260697454854, 48.061959237395179, 0.0 ], [ -90.02217588750888, 48.062074267172207, 0.0 ], [ -90.022031827381724, 48.06225007763949, 0.0 ], [ -90.021878387046357, 48.062462277268267, 0.0 ], [ -90.021595647700565, 48.06276423751541, 0.0 ], [ -90.020962966940914, 48.063378837751593, 0.0 ], [ -90.020791487536314, 48.063439937881597, 0.0 ], [ -90.020528196716441, 48.063542987378497, 0.0 ], [ -90.020530217027513, 48.063547817790457, 0.0 ], [ -90.020551006738145, 48.06359758793711, 0.0 ], [ -90.020642747186528, 48.063635967626183, 0.0 ], [ -90.020779946879884, 48.063657527934822, 0.0 ], [ -90.020940257530526, 48.063670697771087, 0.0 ], [ -90.021154087110887, 48.063658237546363, 0.0 ], [ -90.021268397730779, 48.063625227391633, 0.0 ], [ -90.021405247081148, 48.063565787447267, 0.0 ], [ -90.021557797186077, 48.063407837719161, 0.0 ], [ -90.021672767169406, 48.063235237692084, 0.0 ], [ -90.021947077622869, 48.063089407514241, 0.0 ], [ -90.022092777175445, 48.063079707580769, 0.0 ], [ -90.022161027577468, 48.063162467640282, 0.0 ], [ -90.022175937814552, 48.063252847246289, 0.0 ], [ -90.022213987755023, 48.063334797753029, 0.0 ], [ -90.022306097411018, 48.063395657194462, 0.0 ], [ -90.022382007747467, 48.063505647426211, 0.0 ], [ -90.022428358121175, 48.063619447235439, 0.0 ], [ -90.022443107559823, 48.063754637763068, 0.0 ], [ -90.022527467449848, 48.063878337322102, 0.0 ], [ -90.022596138263424, 48.064010577679539, 0.0 ], [ -90.02267247799459, 48.064215047856592, 0.0 ], [ -90.02267209800722, 48.064322967564443, 0.0 ], [ -90.022626557913895, 48.064443297855952, 0.0 ], [ -90.022546547666479, 48.064492067573248, 0.0 ], [ -90.024395178113252, 48.064492017745167, 0.0 ], [ -90.024577409453485, 48.068109778010367, 0.0 ], [ -90.024759630013932, 48.071727538494457, 0.0 ], [ -90.024941829913089, 48.075343538725797, 0.0 ], [ -90.024630940061257, 48.075343538725797, 0.0 ], [ -90.024398980681838, 48.075844618964503, 0.0 ], [ -90.02451561075182, 48.076381609089218, 0.0 ], [ -90.024861530408174, 48.076872269454149, 0.0 ], [ -90.025221970432767, 48.077254599437921, 0.0 ], [ -90.025962961066227, 48.07847811935779, 0.0 ], [ -90.026410961678195, 48.078962449545763, 0.0 ], [ -90.030806533347757, 48.081143919157491, 0.0 ], [ -90.032437723885067, 48.082574129336258, 0.0 ], [ -90.032842914383863, 48.083105819166207, 0.0 ], [ -90.032936183764875, 48.083498869521122, 0.0 ], [ -90.033621324340501, 48.083665789318459, 0.0 ], [ -90.034352024772375, 48.084222999477973, 0.0 ], [ -90.034877554484936, 48.084587169699233, 0.0 ], [ -90.035523435089388, 48.085442769310554, 0.0 ], [ -90.035948265455247, 48.085758549832931, 0.0 ], [ -90.036553906026526, 48.0862584094779, 0.0 ], [ -90.037422546363558, 48.086975369881237, 0.0 ], [ -90.038247745970082, 48.087201319665759, 0.0 ], [ -90.039675997203219, 48.087885539360471, 0.0 ], [ -90.040292227115089, 48.08836609961174, 0.0 ], [ -90.041106147474892, 48.088722789607047, 0.0 ], [ -90.041811397736467, 48.088906039715873, 0.0 ], [ -90.042474648165239, 48.089248729810322, 0.0 ], [ -90.043051818430243, 48.089630039544851, 0.0 ], [ -90.04335436832298, 48.09014361986452, 0.0 ], [ -90.044298818385144, 48.090378449471231, 0.0 ], [ -90.04474718910302, 48.090523839901117, 0.0 ], [ -90.045097888694983, 48.090613929642288, 0.0 ], [ -90.045292498819848, 48.090642619646403, 0.0 ], [ -90.045409779270059, 48.090681289383191, 0.0 ], [ -90.045521859373125, 48.090802539694657, 0.0 ], [ -90.045580909229997, 48.091111369588312, 0.0 ], [ -90.045828129189459, 48.091277449845983, 0.0 ], [ -90.046312419043957, 48.091428869777943, 0.0 ], [ -90.046690739135983, 48.091378339314453, 0.0 ], [ -90.046719619972365, 48.091374479354798, 0.0 ], [ -90.047497319361597, 48.091456369480049, 0.0 ], [ -90.048168270149006, 48.091515069783412, 0.0 ], [ -90.048291519904282, 48.091593289348573, 0.0 ], [ -90.04842691039066, 48.091667739460298, 0.0 ], [ -90.048643580443922, 48.091640789491152, 0.0 ], [ -90.048872160361228, 48.091643909604088, 0.0 ], [ -90.049492110196681, 48.092031349355707, 0.0 ], [ -90.049826270905967, 48.092165919232229, 0.0 ], [ -90.050159770455181, 48.092300329752938, 0.0 ], [ -90.050378431175133, 48.092431799261092, 0.0 ], [ -90.051800781375178, 48.093203099352039, 0.0 ], [ -90.052997561912449, 48.093911439411748, 0.0 ], [ -90.05598950337415, 48.095481169798028, 0.0 ], [ -90.057469743706079, 48.096292019616897, 0.0 ], [ -90.066434357116435, 48.098420649306448, 0.0 ], [ -90.074101959563379, 48.101178689140362, 0.0 ], [ -90.088742904184897, 48.104009248409227, 0.0 ], [ -90.091642105373282, 48.104547138266113, 0.0 ], [ -90.11028857137137, 48.104207746858897, 0.0 ], [ -90.116025943106081, 48.104085716524587, 0.0 ], [ -90.12057310458151, 48.105191986083582, 0.0 ], [ -90.122427064732875, 48.105623056456793, 0.0 ], [ -90.123444305282504, 48.10716854662973, 0.0 ], [ -90.125113446047322, 48.107496866496767, 0.0 ], [ -90.12572411628588, 48.108053366181359, 0.0 ], [ -90.127171026425799, 48.108105496198412, 0.0 ], [ -90.128346917539474, 48.108755706168623, 0.0 ], [ -90.129006877439352, 48.109281586026952, 0.0 ], [ -90.128961877233493, 48.109662496484113, 0.0 ], [ -90.129790647643276, 48.110144836176467, 0.0 ], [ -90.131033078766663, 48.110524946098273, 0.0 ], [ -90.132574218586626, 48.111585436140111, 0.0 ], [ -90.135615800052605, 48.112248196290551, 0.0 ], [ -90.138438691154263, 48.112350415706857, 0.0 ], [ -90.140775911690795, 48.112493376082263, 0.0 ], [ -90.141737232114011, 48.112470495731387, 0.0 ], [ -90.142706172047454, 48.112481945504562, 0.0 ], [ -90.143202092389927, 48.112497205667083, 0.0 ], [ -90.143516102090757, 48.112496125466308, 0.0 ], [ -90.144035742448324, 48.11256820557842, 0.0 ] ] ], [ [ [ -92.170270328976187, 48.0672962326949, 0.0 ], [ -92.17026584907785, 48.070940233256273, 0.0 ], [ -92.170261360196378, 48.074584223692199, 0.0 ], [ -92.170256840772197, 48.078228214156688, 0.0 ], [ -92.170239521253507, 48.081867124449381, 0.0 ], [ -92.170222171192108, 48.085506034787137, 0.0 ], [ -92.170204852571757, 48.089144945118868, 0.0 ], [ -92.170187502510359, 48.09278382599306, 0.0 ], [ -92.170168983740766, 48.096419346353869, 0.0 ], [ -92.17015044430994, 48.100054846637583, 0.0 ], [ -92.170131924642035, 48.103690337595353, 0.0 ], [ -92.170113385211224, 48.107325827575778, 0.0 ], [ -92.170124115587271, 48.110960188311417, 0.0 ], [ -92.170134856743118, 48.114594508544037, 0.0 ], [ -92.170145587119208, 48.118228869192308, 0.0 ], [ -92.170156327376731, 48.121863219824519, 0.0 ], [ -92.175575299343834, 48.121897419536459, 0.0 ], [ -92.180994300955334, 48.121931619225599, 0.0 ], [ -92.186405862719639, 48.121948458505898, 0.0 ], [ -92.190887903523503, 48.121948948434706, 0.0 ], [ -92.19089014392182, 48.121703838348402, 0.0 ], [ -92.195683775263433, 48.121689497817179, 0.0 ], [ -92.201084696483221, 48.121671277409114, 0.0 ], [ -92.206482618228264, 48.121634587110201, 0.0 ], [ -92.21188055973623, 48.121597866801523, 0.0 ], [ -92.217287611957815, 48.121564176012058, 0.0 ], [ -92.22269467316255, 48.121530485800228, 0.0 ], [ -92.22591986398443, 48.121515735643939, 0.0 ], [ -92.226665544721996, 48.121512275530229, 0.0 ], [ -92.228105564783675, 48.121493355240531, 0.0 ], [ -92.233516446523325, 48.121422224939543, 0.0 ], [ -92.233529525993859, 48.117803644438183, 0.0 ], [ -92.233542605464393, 48.114185074145823, 0.0 ], [ -92.233555684934942, 48.110566503318587, 0.0 ], [ -92.233568764405476, 48.106947923009002, 0.0 ], [ -92.23355144309015, 48.103326542598673, 0.0 ], [ -92.233534132554652, 48.099705192004848, 0.0 ], [ -92.233516822019126, 48.096083811887148, 0.0 ], [ -92.233499511483586, 48.092462461090982, 0.0 ], [ -92.233513450641851, 48.088839890359623, 0.0 ], [ -92.233527390698441, 48.08521733988556, 0.0 ], [ -92.233541329856706, 48.081594769514219, 0.0 ], [ -92.233555289676218, 48.077972218903703, 0.0 ], [ -92.233583008990934, 48.074347978672172, 0.0 ], [ -92.233610697762941, 48.070723768274483, 0.0 ], [ -92.233638417077657, 48.067099527736552, 0.0 ], [ -92.233666126510911, 48.063475317137488, 0.0 ], [ -92.234879407303325, 48.063474087019721, 0.0 ], [ -92.235338887486321, 48.063473616945402, 0.0 ], [ -92.239057058464724, 48.063426626903833, 0.0 ], [ -92.240338179129083, 48.063410427033332, 0.0 ], [ -92.244448000300025, 48.063358496640461, 0.0 ], [ -92.245796920412118, 48.063346606074013, 0.0 ], [ -92.245769399625075, 48.059598696055573, 0.0 ], [ -92.245743158937316, 48.055939595452863, 0.0 ], [ -92.245690088266954, 48.052239544990783, 0.0 ], [ -92.245636978070735, 48.048539504291192, 0.0 ], [ -92.245551107214396, 48.044779464057477, 0.0 ], [ -92.2454651968322, 48.041019413595087, 0.0 ], [ -92.245379286450017, 48.037259372779687, 0.0 ], [ -92.245293405712218, 48.033499322447213, 0.0 ], [ -92.250740667424239, 48.03351841208363, 0.0 ], [ -92.256188328886552, 48.033537511324248, 0.0 ], [ -92.26163600023034, 48.033556600946511, 0.0 ], [ -92.267083702116878, 48.033575660526807, 0.0 ], [ -92.272557603368639, 48.033614400187737, 0.0 ], [ -92.278031525281662, 48.03365310017351, 0.0 ], [ -92.283505447194685, 48.033691799529507, 0.0 ], [ -92.288979338564985, 48.033730509068299, 0.0 ], [ -92.294462820349267, 48.033728048612737, 0.0 ], [ -92.299946302133549, 48.033725608580802, 0.0 ], [ -92.305385583212583, 48.033715397928873, 0.0 ], [ -92.309983374635749, 48.033706227682877, 0.0 ], [ -92.309884374003232, 48.03004854739055, 0.0 ], [ -92.309785363489226, 48.026390866414303, 0.0 ], [ -92.309686392501121, 48.022733155966073, 0.0 ], [ -92.309587391868618, 48.019075475577303, 0.0 ], [ -92.3149813134157, 48.019119985453173, 0.0 ], [ -92.320375215199846, 48.019164464646337, 0.0 ], [ -92.321450915413237, 48.019357594931172, 0.0 ], [ -92.322085716196952, 48.019168994581896, 0.0 ], [ -92.322350015824895, 48.019169064883307, 0.0 ], [ -92.322788926384519, 48.019685834840438, 0.0 ], [ -92.32355521627133, 48.019847924610282, 0.0 ], [ -92.32454567714403, 48.019168844365147, 0.0 ], [ -92.326030937261748, 48.019162204785808, 0.0 ], [ -92.326787086965638, 48.019167774221238, 0.0 ], [ -92.327207877607663, 48.019610274730972, 0.0 ], [ -92.328104967589724, 48.020185974562743, 0.0 ], [ -92.328884318082459, 48.02043534441421, 0.0 ], [ -92.330634278476737, 48.019650694082657, 0.0 ], [ -92.331404509272701, 48.019743123886023, 0.0 ], [ -92.33251353877975, 48.019164233913457, 0.0 ], [ -92.336833090518383, 48.019080253679093, 0.0 ], [ -92.341998411486912, 48.018979593185037, 0.0 ], [ -92.347391863215108, 48.018860252636699, 0.0 ], [ -92.35278531494329, 48.018740872154567, 0.0 ], [ -92.358172827010819, 48.018824161940202, 0.0 ], [ -92.363560338180037, 48.018907421547787, 0.0 ], [ -92.368947819704857, 48.018990681020931, 0.0 ], [ -92.374335331772372, 48.019073940960503, 0.0 ], [ -92.374328471338558, 48.015436740165271, 0.0 ], [ -92.374321610006405, 48.011799539987379, 0.0 ], [ -92.374314759454037, 48.008162339275877, 0.0 ], [ -92.374307929562946, 48.00452513868251, 0.0 ], [ -92.374243038860087, 48.000909048180063, 0.0 ], [ -92.374178417651805, 47.997293058247138, 0.0 ], [ -92.374113917716087, 47.993677107636223, 0.0 ], [ -92.374049397119123, 47.990061157327041, 0.0 ], [ -92.374055456255718, 47.986449866441433, 0.0 ], [ -92.374061545935021, 47.982838586230521, 0.0 ], [ -92.374067605071602, 47.979227295699609, 0.0 ], [ -92.374073704632394, 47.975616015342993, 0.0 ], [ -92.374024473361573, 47.971801314523852, 0.0 ], [ -92.373979833380162, 47.968168974277049, 0.0 ], [ -92.373890622587609, 47.964522523519697, 0.0 ], [ -92.373801371370874, 47.960876102864553, 0.0 ], [ -92.373817410790252, 47.957231262662447, 0.0 ], [ -92.373833450209645, 47.953586422213149, 0.0 ], [ -92.373849489629066, 47.949941581567607, 0.0 ], [ -92.373865499404047, 47.946296741378532, 0.0 ], [ -92.373868758491909, 47.942661930597183, 0.0 ], [ -92.373871987935345, 47.939027119981347, 0.0 ], [ -92.373875227260271, 47.935392309581736, 0.0 ], [ -92.373878487246429, 47.931757499448842, 0.0 ], [ -92.373881856827055, 47.928110708871948, 0.0 ], [ -92.373885256052091, 47.924463958512241, 0.0 ], [ -92.373888655277128, 47.920817167759601, 0.0 ], [ -92.373892024857767, 47.917170417331818, 0.0 ], [ -92.368494543287198, 47.917116197460658, 0.0 ], [ -92.363097041055397, 47.917062008237579, 0.0 ], [ -92.357699529840446, 47.91700782859062, 0.0 ], [ -92.352302058151366, 47.91695360915115, 0.0 ], [ -92.349546947632845, 47.916958438854003, 0.0 ], [ -92.348246596733219, 47.917995489400703, 0.0 ], [ -92.346926967089246, 47.918131239557049, 0.0 ], [ -92.344395206496458, 47.918391679920568, 0.0 ], [ -92.342333114778626, 47.916967039842042, 0.0 ], [ -92.34155550522091, 47.916963839908632, 0.0 ], [ -92.336189993793013, 47.916997370264369, 0.0 ], [ -92.330824481466792, 47.917030900598427, 0.0 ], [ -92.327966700697814, 47.917036050588031, 0.0 ], [ -92.32544807976268, 47.917040540723463, 0.0 ], [ -92.320071658295674, 47.91705021155159, 0.0 ], [ -92.314695256591563, 47.917059881775828, 0.0 ], [ -92.309291855123291, 47.917084272262457, 0.0 ], [ -92.304487183486827, 47.917065612746534, 0.0 ], [ -92.299086792273059, 47.91704104283837, 0.0 ], [ -92.293668640467814, 47.916983323075122, 0.0 ], [ -92.29366124014652, 47.913327762832921, 0.0 ], [ -92.293653839825211, 47.909672032243307, 0.0 ], [ -92.2936464691483, 47.906039811618847, 0.0 ], [ -92.293639088589927, 47.902407441476427, 0.0 ], [ -92.28819762640137, 47.902316491950252, 0.0 ], [ -92.282772334786259, 47.902217201999918, 0.0 ], [ -92.277347073713855, 47.902117882349849, 0.0 ], [ -92.271921782098744, 47.902018592620799, 0.0 ], [ -92.266496490483632, 47.901919283429883, 0.0 ], [ -92.261148538424578, 47.901859353467117, 0.0 ], [ -92.255800546839666, 47.901799454148907, 0.0 ], [ -92.250453955728275, 47.901739554159157, 0.0 ], [ -92.245107623331677, 47.901679595081063, 0.0 ], [ -92.239846682091041, 47.901610605409367, 0.0 ], [ -92.234585760613356, 47.90154158553392, 0.0 ], [ -92.229324819372721, 47.901472605916311, 0.0 ], [ -92.224063896996739, 47.901403616571002, 0.0 ], [ -92.218601835540397, 47.901354846700407, 0.0 ], [ -92.213139793847006, 47.901306077386081, 0.0 ], [ -92.207679152627136, 47.901257307423577, 0.0 ], [ -92.202218480864545, 47.901208568129427, 0.0 ], [ -92.196806369331284, 47.901374948220401, 0.0 ], [ -92.191394227255302, 47.901541328981118, 0.0 ], [ -92.185982086077615, 47.90170773931883, 0.0 ], [ -92.180569954781419, 47.901874129850157, 0.0 ], [ -92.174833873027438, 47.901586359994951, 0.0 ], [ -92.169465731332394, 47.901298250081503, 0.0 ], [ -92.164136459739666, 47.900813570380883, 0.0 ], [ -92.158807167485719, 47.900328880722221, 0.0 ], [ -92.153465025729929, 47.900200171166233, 0.0 ], [ -92.148122914516861, 47.900071471528527, 0.0 ], [ -92.142780772761071, 47.899942761934803, 0.0 ], [ -92.137438631005267, 47.899814082736192, 0.0 ], [ -92.13207319952744, 47.899882723084659, 0.0 ], [ -92.126707787812521, 47.899951393454842, 0.0 ], [ -92.121342356334665, 47.900020033621217, 0.0 ], [ -92.11597692485681, 47.900088694173178, 0.0 ], [ -92.110626783603436, 47.900225084524891, 0.0 ], [ -92.105276651333185, 47.900361475119539, 0.0 ], [ -92.099926519961258, 47.900497865354822, 0.0 ], [ -92.09457637870787, 47.900634245594823, 0.0 ], [ -92.089232767308275, 47.900834495981918, 0.0 ], [ -92.083889155010368, 47.901034736560753, 0.0 ], [ -92.078545523847836, 47.901234976967316, 0.0 ], [ -92.073201912448241, 47.901435227439578, 0.0 ], [ -92.06783510115811, 47.901677717914723, 0.0 ], [ -92.062468298851144, 47.901920178346828, 0.0 ], [ -92.057082407344382, 47.902066208594782, 0.0 ], [ -92.054930447267211, 47.902124518922278, 0.0 ], [ -92.05446019718228, 47.902447879161542, 0.0 ], [ -92.055236447588953, 47.90318793916709, 0.0 ], [ -92.056059227134085, 47.902879689061642, 0.0 ], [ -92.05607247728453, 47.903603758970718, 0.0 ], [ -92.057076627583839, 47.903911099042197, 0.0 ], [ -92.057298207828467, 47.903978928806097, 0.0 ], [ -92.057076147883492, 47.904063389038043, 0.0 ], [ -92.055893597558637, 47.904513119040033, 0.0 ], [ -92.05570419766245, 47.904641608909387, 0.0 ], [ -92.056372567590032, 47.904946579195808, 0.0 ], [ -92.053214717176814, 47.905382629362208, 0.0 ], [ -92.052260356900433, 47.905601979690957, 0.0 ], [ -92.051980176854912, 47.905788849535092, 0.0 ], [ -92.051687296427858, 47.905984199876848, 0.0 ], [ -92.051692256924866, 47.909421520111209, 0.0 ], [ -92.051703587375542, 47.91304000065751, 0.0 ], [ -92.051714918724542, 47.916658500927852, 0.0 ], [ -92.051792349010469, 47.920231391453733, 0.0 ], [ -92.051869769414907, 47.923804292287372, 0.0 ], [ -92.051947189819359, 47.927377192543887, 0.0 ], [ -92.052024611122121, 47.930950113241622, 0.0 ], [ -92.047831399343352, 47.93099825333077, 0.0 ], [ -92.042412717532102, 47.93108314375857, 0.0 ], [ -92.036960856445802, 47.931267453838437, 0.0 ], [ -92.031508974698298, 47.93145178432755, 0.0 ], [ -92.03148434558814, 47.935123835308353, 0.0 ], [ -92.031459685935275, 47.938795925830867, 0.0 ], [ -92.031435036163884, 47.942467975800398, 0.0 ], [ -92.03141037740933, 47.94614006640532, 0.0 ], [ -92.031668577476495, 47.949514426674853, 0.0 ], [ -92.031926748797588, 47.95288877721277, 0.0 ], [ -92.032184938983278, 47.956263137833183, 0.0 ], [ -92.03244310940606, 47.959637498267163, 0.0 ], [ -92.027095277721259, 47.959893248624653, 0.0 ], [ -92.021747446934768, 47.960148959216568, 0.0 ], [ -92.018145645514892, 47.960197979262063, 0.0 ], [ -92.016383204826354, 47.960189449227677, 0.0 ], [ -92.016253515048774, 47.960188799549393, 0.0 ], [ -92.011019003142124, 47.960259119956767, 0.0 ], [ -92.011025833931541, 47.962598290015698, 0.0 ], [ -92.011029273580775, 47.963863320200048, 0.0 ], [ -92.011030303948402, 47.964241690396562, 0.0 ], [ -92.011092444908186, 47.967467501145961, 0.0 ], [ -92.011170085399868, 47.971070121291149, 0.0 ], [ -92.011240155788656, 47.974493361795822, 0.0 ], [ -92.011303446592009, 47.978251162482657, 0.0 ], [ -92.011366737395349, 47.98200897288995, 0.0 ], [ -92.011433427423725, 47.985724663530839, 0.0 ], [ -92.011500138113348, 47.989440333803408, 0.0 ], [ -92.006058916673297, 47.989375433991889, 0.0 ], [ -92.000617184990162, 47.989312594461808, 0.0 ], [ -91.995171103664447, 47.989329854733597, 0.0 ], [ -91.989724471671423, 47.989351005457593, 0.0 ], [ -91.984702390668218, 47.989727755635073, 0.0 ], [ -91.980403908914568, 47.990050236418121, 0.0 ], [ -91.979877378478776, 47.989805936313601, 0.0 ], [ -91.979515248723118, 47.989637916156148, 0.0 ], [ -91.974658287052279, 47.989799936848463, 0.0 ], [ -91.969636215930549, 47.989967476715137, 0.0 ], [ -91.969707976050387, 47.993619317716451, 0.0 ], [ -91.969779727187074, 47.997271158173497, 0.0 ], [ -91.969207377281904, 47.997267808120213, 0.0 ], [ -91.968420266243413, 47.997263168058659, 0.0 ], [ -91.964062565749614, 47.997237518170607, 0.0 ], [ -91.963934686077351, 48.000816819035791, 0.0 ], [ -91.958383744408508, 48.000777519160323, 0.0 ], [ -91.95837028495059, 48.004307759780872, 0.0 ], [ -91.95297708295405, 48.004222410219008, 0.0 ], [ -91.947497861879171, 48.00426069050939, 0.0 ], [ -91.947227972035208, 48.007955511191128, 0.0 ], [ -91.946958082191259, 48.011650301567741, 0.0 ], [ -91.946724082737845, 48.015316422145403, 0.0 ], [ -91.946508803276629, 48.018979432753021, 0.0 ], [ -91.946634544060203, 48.022567982810152, 0.0 ], [ -91.946760274962315, 48.026156533595177, 0.0 ], [ -91.946837155479287, 48.029747364280283, 0.0 ], [ -91.946917556493844, 48.033338994211043, 0.0 ], [ -91.952749257621591, 48.033360814095033, 0.0 ], [ -91.958580999173549, 48.033382633369072, 0.0 ], [ -91.964412701199606, 48.033404453234567, 0.0 ], [ -91.970244413107139, 48.033426272490168, 0.0 ], [ -91.975505604977741, 48.033393382315097, 0.0 ], [ -91.980766795950004, 48.033360492119073, 0.0 ], [ -91.986027977939131, 48.03332763133637, 0.0 ], [ -91.991289169809718, 48.033294741098359, 0.0 ], [ -91.996488830676611, 48.033226990854217, 0.0 ], [ -92.001688402610299, 48.033159210485792, 0.0 ], [ -92.006887854169719, 48.033091419816238, 0.0 ], [ -92.012087315610628, 48.033023589410952, 0.0 ], [ -92.012103445759863, 48.036810090345149, 0.0 ], [ -92.012119617231605, 48.040596560477113, 0.0 ], [ -92.01213577702525, 48.044383030985998, 0.0 ], [ -92.012151937717206, 48.048169501814208, 0.0 ], [ -92.012152458740076, 48.051997582269827, 0.0 ], [ -92.012152989644406, 48.055825662781153, 0.0 ], [ -92.012153180087239, 48.059548913036551, 0.0 ], [ -92.012153610380267, 48.064730223684641, 0.0 ], [ -92.016853802559297, 48.064759023579562, 0.0 ], [ -92.016866842503958, 48.066576193941977, 0.0 ], [ -92.017841882896505, 48.065084953603908, 0.0 ], [ -92.01918477261809, 48.064995033467532, 0.0 ], [ -92.021003163975777, 48.065339143551533, 0.0 ], [ -92.020395683654783, 48.065574573266069, 0.0 ], [ -92.020419273414149, 48.066641833448493, 0.0 ], [ -92.01992855341885, 48.067781813513797, 0.0 ], [ -92.019775794006463, 48.068136693486252, 0.0 ], [ -92.021013093952931, 48.069965793912367, 0.0 ], [ -92.019955214518149, 48.070401413747327, 0.0 ], [ -92.0188462137572, 48.071401684149023, 0.0 ], [ -92.018715633749181, 48.071519484017323, 0.0 ], [ -92.017504843086726, 48.071583854281201, 0.0 ], [ -92.016885713413131, 48.072367164635537, 0.0 ], [ -92.015457453196817, 48.073944644916928, 0.0 ], [ -92.015990153261995, 48.074997585043938, 0.0 ], [ -92.016558493986054, 48.076120905060307, 0.0 ], [ -92.014344973260776, 48.076352205294512, 0.0 ], [ -92.012313643451506, 48.07824755549634, 0.0 ], [ -92.012427072824124, 48.078619805547611, 0.0 ], [ -92.016902994304274, 48.078627265105368, 0.0 ], [ -92.022199026434834, 48.078712244810468, 0.0 ], [ -92.027495057667082, 48.078797214772472, 0.0 ], [ -92.032791088899344, 48.078882224205401, 0.0 ], [ -92.038087121029918, 48.078967193886662, 0.0 ], [ -92.043457382749054, 48.079014783712822, 0.0 ], [ -92.048827634586701, 48.07906240290319, 0.0 ], [ -92.054212456199963, 48.079086162367808, 0.0 ], [ -92.061298278227881, 48.079140472160688, 0.0 ], [ -92.061351257270061, 48.075737301415067, 0.0 ], [ -92.061354807412087, 48.075509451424402, 0.0 ], [ -92.061407336398332, 48.072135271448253, 0.0 ], [ -92.061412896969927, 48.071903751172911, 0.0 ], [ -92.061381905990942, 48.068548440824181, 0.0 ], [ -92.061380736384436, 48.068421370440063, 0.0 ], [ -92.061348786004729, 48.064961609940383, 0.0 ], [ -92.065631637072428, 48.064891399751161, 0.0 ], [ -92.066970057675491, 48.064861229967867, 0.0 ], [ -92.070451788477868, 48.064782779443448, 0.0 ], [ -92.072591329346253, 48.064734519086187, 0.0 ], [ -92.076244870133237, 48.064679859099563, 0.0 ], [ -92.077926680736809, 48.064644478870598, 0.0 ], [ -92.08110395182814, 48.064577648749108, 0.0 ], [ -92.083262032127365, 48.064532208587387, 0.0 ], [ -92.086817603547786, 48.064458738573052, 0.0 ], [ -92.088765354103003, 48.064411188113468, 0.0 ], [ -92.091726204872714, 48.064338957628941, 0.0 ], [ -92.094268705723067, 48.064276868003503, 0.0 ], [ -92.097359826582021, 48.064214337652402, 0.0 ], [ -92.099786666644562, 48.064152047362278, 0.0 ], [ -92.102404507401147, 48.064084887013017, 0.0 ], [ -92.105304638345856, 48.06401041678734, 0.0 ], [ -92.108063479567761, 48.06400110665075, 0.0 ], [ -92.110401540029102, 48.063975556596873, 0.0 ], [ -92.113162281187797, 48.063945406088123, 0.0 ], [ -92.115498421949368, 48.063919845800669, 0.0 ], [ -92.11878043300959, 48.063906036060082, 0.0 ], [ -92.121087963327668, 48.063891715421782, 0.0 ], [ -92.123913113692254, 48.063874185331777, 0.0 ], [ -92.126677484943031, 48.063856975220119, 0.0 ], [ -92.129465075847278, 48.063850274759631, 0.0 ], [ -92.132106946537718, 48.063826534674689, 0.0 ], [ -92.134642377646756, 48.063803794756048, 0.0 ], [ -92.137536408132377, 48.063777774532667, 0.0 ], [ -92.140148079259575, 48.063772064033799, 0.0 ], [ -92.143062429636927, 48.063758473980542, 0.0 ], [ -92.145387520222187, 48.063747664131327, 0.0 ], [ -92.148588441260017, 48.063732703478763, 0.0 ], [ -92.150857981824743, 48.063729993510982, 0.0 ], [ -92.154061182786762, 48.063706023437433, 0.0 ], [ -92.156139043531098, 48.06369051285418, 0.0 ], [ -92.159533924313507, 48.063665092921632, 0.0 ], [ -92.161568125138416, 48.063663122579172, 0.0 ], [ -92.164904386356937, 48.063658952561013, 0.0 ], [ -92.166897357205258, 48.063656492334182, 0.0 ], [ -92.170274848400368, 48.063652241868837, 0.0 ], [ -92.170270328976187, 48.0672962326949, 0.0 ] ] ], [ [ [ -92.085967490963483, 48.353942676900971, 0.0 ], [ -92.090896302585691, 48.354472996307962, 0.0 ], [ -92.091930293122132, 48.354512466537557, 0.0 ], [ -92.092306963008966, 48.354526846420477, 0.0 ], [ -92.09279610286768, 48.354545506415299, 0.0 ], [ -92.101623706129232, 48.354789795973034, 0.0 ], [ -92.108749877784774, 48.354950124983873, 0.0 ], [ -92.125146222997955, 48.355495883822172, 0.0 ], [ -92.143854289169994, 48.355976832828823, 0.0 ], [ -92.144800251096783, 48.365685244032377, 0.0 ], [ -92.144922330347271, 48.365681433950769, 0.0 ], [ -92.161936675153385, 48.363328042342488, 0.0 ], [ -92.177448009131794, 48.357140850566552, 0.0 ], [ -92.179157098875592, 48.354855880122919, 0.0 ], [ -92.178562018898774, 48.351754519316017, 0.0 ], [ -92.192867811969265, 48.348687728046052, 0.0 ], [ -92.19458450235868, 48.34871064809866, 0.0 ], [ -92.19513382305324, 48.350408198266322, 0.0 ], [ -92.203938526461556, 48.351789257599577, 0.0 ], [ -92.207349056794527, 48.348176786883123, 0.0 ], [ -92.207730546142855, 48.347814397167198, 0.0 ], [ -92.206776836246746, 48.347345176828128, 0.0 ], [ -92.206517436030367, 48.347120107148051, 0.0 ], [ -92.206761596327951, 48.345620936698623, 0.0 ], [ -92.21697019854038, 48.34496496597864, 0.0 ], [ -92.219742940292988, 48.348067276137698, 0.0 ], [ -92.221151250723466, 48.348642406120597, 0.0 ], [ -92.221654811237443, 48.348840775963268, 0.0 ], [ -92.221731110544411, 48.348852226105727, 0.0 ], [ -92.223585131781206, 48.349157426170123, 0.0 ], [ -92.250151829840334, 48.353045024380222, 0.0 ], [ -92.255340072221657, 48.353846184428129, 0.0 ], [ -92.262580714397203, 48.35490295392426, 0.0 ], [ -92.268531975899393, 48.352152632714933, 0.0 ], [ -92.272896226908244, 48.350161422094651, 0.0 ], [ -92.280884658167338, 48.346476531218308, 0.0 ], [ -92.281624748688898, 48.346152291421127, 0.0 ], [ -92.288834939772954, 48.342776370331457, 0.0 ], [ -92.288957019921767, 48.342581829892517, 0.0 ], [ -92.289681879507654, 48.340411269835293, 0.0 ], [ -92.290895059688751, 48.337069609324139, 0.0 ], [ -92.294946638588257, 48.325415737662823, 0.0 ], [ -92.295473118718391, 48.323821197152967, 0.0 ], [ -92.298486890139799, 48.323508436929352, 0.0 ], [ -92.304514441067482, 48.322791346472123, 0.0 ], [ -92.304529701647539, 48.322585356160083, 0.0 ], [ -92.30617783081783, 48.316287295328173, 0.0 ], [ -92.300829408041594, 48.311606585249052, 0.0 ], [ -92.294626465546273, 48.306246854843181, 0.0 ], [ -92.29988359523513, 48.292464392549753, 0.0 ], [ -92.301493545107547, 48.288443712321957, 0.0 ], [ -92.301363844550195, 48.288169051812311, 0.0 ], [ -92.298334882617326, 48.282733061432602, 0.0 ], [ -92.295756070964885, 48.278227870948889, 0.0 ], [ -92.295572970953785, 48.277491631107992, 0.0 ], [ -92.295244890940666, 48.277205520801878, 0.0 ], [ -92.295366971089464, 48.277064381173417, 0.0 ], [ -92.295450900686461, 48.276915601143877, 0.0 ], [ -92.29541275103297, 48.276774460714499, 0.0 ], [ -92.295382240652685, 48.276370101153013, 0.0 ], [ -92.295237270532127, 48.276286180825842, 0.0 ], [ -92.293856310208767, 48.273913410406337, 0.0 ], [ -92.294626959619663, 48.271231690195947, 0.0 ], [ -92.291529308008592, 48.26694392021453, 0.0 ], [ -92.290438267265102, 48.265334109653729, 0.0 ], [ -92.290217007719036, 48.265074699939213, 0.0 ], [ -92.289522697140995, 48.264689410097873, 0.0 ], [ -92.287622886079234, 48.263705199936048, 0.0 ], [ -92.274888801599516, 48.257197169949613, 0.0 ], [ -92.273645140682518, 48.256529579739698, 0.0 ], [ -92.272485439905225, 48.254065269641522, 0.0 ], [ -92.271307919247647, 48.251661699205798, 0.0 ], [ -92.270913739399305, 48.250857089585502, 0.0 ], [ -92.2704025485953, 48.249911039131902, 0.0 ], [ -92.269631898286093, 48.248186819076238, 0.0 ], [ -92.280412750690715, 48.244357057989831, 0.0 ], [ -92.286241932942417, 48.24371626723795, 0.0 ], [ -92.299563586584839, 48.242202006119193, 0.0 ], [ -92.312168049558949, 48.240806005237573, 0.0 ], [ -92.314075500792214, 48.240584774866477, 0.0 ], [ -92.31493004027422, 48.240462714464428, 0.0 ], [ -92.315845611296638, 48.240081264407813, 0.0 ], [ -92.317440231418715, 48.239367944355678, 0.0 ], [ -92.318661001465657, 48.238818654195967, 0.0 ], [ -92.320080132103726, 48.238151114217906, 0.0 ], [ -92.321171452223268, 48.237666573946854, 0.0 ], [ -92.322921742299272, 48.237524673554297, 0.0 ], [ -92.324844472977205, 48.237505633290169, 0.0 ], [ -92.325019963359523, 48.237330163726298, 0.0 ], [ -92.3255148129102, 48.237079283404057, 0.0 ], [ -92.326229123579722, 48.237186783349827, 0.0 ], [ -92.32643149335199, 48.237253893443132, 0.0 ], [ -92.326651824040042, 48.237056223439929, 0.0 ], [ -92.326988473980975, 48.236754183080699, 0.0 ], [ -92.327583603365127, 48.236277363023291, 0.0 ], [ -92.328049024107088, 48.236185822905107, 0.0 ], [ -92.328659414071296, 48.235438173126013, 0.0 ], [ -92.329269804035505, 48.235377142804992, 0.0 ], [ -92.329597893930071, 48.235300863028577, 0.0 ], [ -92.33020828479259, 48.235144473125608, 0.0 ], [ -92.330933114734094, 48.234713432839662, 0.0 ], [ -92.331505355044797, 48.234320532875067, 0.0 ], [ -92.332741404536407, 48.234221372780091, 0.0 ], [ -92.333107635101328, 48.23426715239561, 0.0 ], [ -92.333397575342431, 48.234343452262173, 0.0 ], [ -92.33371040555528, 48.234476972566341, 0.0 ], [ -92.333794335152277, 48.234534192455428, 0.0 ], [ -92.333863005067556, 48.235003392653532, 0.0 ], [ -92.334160575598673, 48.235224642374533, 0.0 ], [ -92.334511545583553, 48.235442082692423, 0.0 ], [ -92.335259276276588, 48.235827372766508, 0.0 ], [ -92.335541586227677, 48.235995222297753, 0.0 ], [ -92.335640776404716, 48.236079142369377, 0.0 ], [ -92.335762856553501, 48.236082962735011, 0.0 ], [ -92.335938346037523, 48.236060072248868, 0.0 ], [ -92.336075685868067, 48.235983782720517, 0.0 ], [ -92.336510586348226, 48.235415412191678, 0.0 ], [ -92.337433796643836, 48.23537728221882, 0.0 ], [ -92.337861076715456, 48.235411622291693, 0.0 ], [ -92.338135746495041, 48.2354040024019, 0.0 ], [ -92.339875367280399, 48.234377891757347, 0.0 ], [ -92.34084847719339, 48.233749281905553, 0.0 ], [ -92.340909517716966, 48.233634842102923, 0.0 ], [ -92.341603627072374, 48.232970651783234, 0.0 ], [ -92.341702807367952, 48.232531961497692, 0.0 ], [ -92.341786736964949, 48.232390821763261, 0.0 ], [ -92.341939327494046, 48.232299281872173, 0.0 ], [ -92.342244527416881, 48.232230621460921, 0.0 ], [ -92.343305087424454, 48.232409911801113, 0.0 ], [ -92.343762887757862, 48.232516731630078, 0.0 ], [ -92.344037568317248, 48.232562501401631, 0.0 ], [ -92.344327497778551, 48.232581581203021, 0.0 ], [ -92.347356569305902, 48.232017041420463, 0.0 ], [ -92.348218748959397, 48.231982721209512, 0.0 ], [ -92.348737579036595, 48.23192169095551, 0.0 ], [ -92.349538719963149, 48.231795820913099, 0.0 ], [ -92.349767619680705, 48.231719531010448, 0.0 ], [ -92.351705610040369, 48.231143540459449, 0.0 ], [ -92.35202605976346, 48.231029100813011, 0.0 ], [ -92.353246840590174, 48.230754460774001, 0.0 ], [ -92.353819080900891, 48.230586620379952, 0.0 ], [ -92.354047970736985, 48.230041130360597, 0.0 ], [ -92.354299750544811, 48.229667300540328, 0.0 ], [ -92.354635450966484, 48.22925533046223, 0.0 ], [ -92.354810940450491, 48.229079860130831, 0.0 ], [ -92.355207690378876, 48.228866240010902, 0.0 ], [ -92.355848600604858, 48.228591600332607, 0.0 ], [ -92.356893881167778, 48.227950749734703, 0.0 ], [ -92.357328781647965, 48.227725690060858, 0.0 ], [ -92.358045991180902, 48.227409089734849, 0.0 ], [ -92.358976831766512, 48.226943709768094, 0.0 ], [ -92.360273902018733, 48.2262265793428, 0.0 ], [ -92.36054095228809, 48.226073989401407, 0.0 ], [ -92.360609622203356, 48.226012959281931, 0.0 ], [ -92.36132681197337, 48.225253858923011, 0.0 ], [ -92.361693031758492, 48.224452789158207, 0.0 ], [ -92.361845622287618, 48.223972149300877, 0.0 ], [ -92.361944811566346, 48.223743278973267, 0.0 ], [ -92.362341551613255, 48.223384708754317, 0.0 ], [ -92.362570452229122, 48.223228308765329, 0.0 ], [ -92.36316558251157, 48.22325882908526, 0.0 ], [ -92.36377598235724, 48.223327498541579, 0.0 ], [ -92.364012512364823, 48.223377088868993, 0.0 ], [ -92.364416902464697, 48.223560198612176, 0.0 ], [ -92.365370652785003, 48.2240446588144, 0.0 ], [ -92.366553293839686, 48.224384168490772, 0.0 ], [ -92.367941943741869, 48.224552028628437, 0.0 ], [ -92.368376854103516, 48.224555848657772, 0.0 ], [ -92.368979613777697, 48.224223978433159, 0.0 ], [ -92.367995344093927, 48.223651778673513, 0.0 ], [ -92.36734678381498, 48.223018548403033, 0.0 ], [ -92.367171293432676, 48.222793488585957, 0.0 ], [ -92.367345013235564, 48.222558818383199, 0.0 ], [ -92.367606183133063, 48.222206038103302, 0.0 ], [ -92.368263923295885, 48.221717968287692, 0.0 ], [ -92.370230504336106, 48.22168564794967, 0.0 ], [ -92.370307184528755, 48.222312867860239, 0.0 ], [ -92.37049702459943, 48.222549708128177, 0.0 ], [ -92.370917584374425, 48.222873628109348, 0.0 ], [ -92.371108344319936, 48.223312308426983, 0.0 ], [ -92.371070204547934, 48.223670878554692, 0.0 ], [ -92.371115994372914, 48.224323178249442, 0.0 ], [ -92.371749285088654, 48.224552068127409, 0.0 ], [ -92.372245225194064, 48.224319378550767, 0.0 ], [ -92.3729527949057, 48.224044898204482, 0.0 ], [ -92.373504085605674, 48.224964598525482, 0.0 ], [ -92.374381535720701, 48.225578758223087, 0.0 ], [ -92.375159786675496, 48.22594115813299, 0.0 ], [ -92.375609946837429, 48.226562948265652, 0.0 ], [ -92.37563284669065, 48.226654498418199, 0.0 ], [ -92.375640476082367, 48.226730788092119, 0.0 ], [ -92.375503147031637, 48.227455568433221, 0.0 ], [ -92.375800716664429, 48.228199418748837, 0.0 ], [ -92.375930427103242, 48.228325308409097, 0.0 ], [ -92.376250886707822, 48.228554188767482, 0.0 ], [ -92.377410627909285, 48.229286608370849, 0.0 ], [ -92.37806680769846, 48.229954168860388, 0.0 ], [ -92.378394897593054, 48.230373778487191, 0.0 ], [ -92.378562757685359, 48.23097267885246, 0.0 ], [ -92.378570397856848, 48.2312320689202, 0.0 ], [ -92.378524617913328, 48.231693638864343, 0.0 ], [ -92.378440698197821, 48.232063658947112, 0.0 ], [ -92.378158408009682, 48.232986789243988, 0.0 ], [ -92.378204187953173, 48.233127929129687, 0.0 ], [ -92.379203709233835, 48.234299029186388, 0.0 ], [ -92.37920371911531, 48.234375318833408, 0.0 ], [ -92.378578078452534, 48.235233598992373, 0.0 ], [ -92.378593339032577, 48.235245049507547, 0.0 ], [ -92.378723048573079, 48.235531149403329, 0.0 ], [ -92.378974839160691, 48.235847759315661, 0.0 ], [ -92.379447889294369, 48.23603086931795, 0.0 ], [ -92.380645779251026, 48.236446679380563, 0.0 ], [ -92.381713970446938, 48.237671179184318, 0.0 ], [ -92.383339151254987, 48.23927333930645, 0.0 ], [ -92.384033481595978, 48.240329989346037, 0.0 ], [ -92.384407351434064, 48.241333239666993, 0.0 ], [ -92.384430251287284, 48.241684189620457, 0.0 ], [ -92.384407372095325, 48.242481439591828, 0.0 ], [ -92.384300561509718, 48.242996409905082, 0.0 ], [ -92.38383516232733, 48.244602359976838, 0.0 ], [ -92.384605772212353, 48.244896090033251, 0.0 ], [ -92.384888082163428, 48.24483125008615, 0.0 ], [ -92.386681082639583, 48.244102679516388, 0.0 ], [ -92.387238063268583, 48.244339189823663, 0.0 ], [ -92.388153663935398, 48.246456309899727, 0.0 ], [ -92.387840853485471, 48.247009430320233, 0.0 ], [ -92.386360673340675, 48.247520570230733, 0.0 ], [ -92.38687952407912, 48.249225710448862, 0.0 ], [ -92.384705012695036, 48.249179910720358, 0.0 ], [ -92.385139923056698, 48.24991232041787, 0.0 ], [ -92.385399333154552, 48.250354830518738, 0.0 ], [ -92.385948663730574, 48.251319950958951, 0.0 ], [ -92.386734524314164, 48.251758650619863, 0.0 ], [ -92.388764064679378, 48.251190290859483, 0.0 ], [ -92.38980936500522, 48.250747790380743, 0.0 ], [ -92.390709685329071, 48.250713470172897, 0.0 ], [ -92.39236534597471, 48.251171250298277, 0.0 ], [ -92.392716306078128, 48.251823570310847, 0.0 ], [ -92.392197456237994, 48.253032830587429, 0.0 ], [ -92.390160295464241, 48.252761960900301, 0.0 ], [ -92.38925232508744, 48.253688930949892, 0.0 ], [ -92.392189746896236, 48.256763621070853, 0.0 ], [ -92.393463907413775, 48.257583800947579, 0.0 ], [ -92.392731416639521, 48.258972341141501, 0.0 ], [ -92.393196817618545, 48.260025211210532, 0.0 ], [ -92.401818271895422, 48.271374082438918, 0.0 ], [ -92.415658239982051, 48.295120844505583, 0.0 ], [ -92.420472562219615, 48.29896231430169, 0.0 ], [ -92.425653064716442, 48.304585274902479, 0.0 ], [ -92.429033036160078, 48.305939544975523, 0.0 ], [ -92.431871336962089, 48.305207154692283, 0.0 ], [ -92.436731438244848, 48.308911304567772, 0.0 ], [ -92.438654089871036, 48.311192524534214, 0.0 ], [ -92.440378340481899, 48.314869935329099, 0.0 ], [ -92.440599591044787, 48.315346775216163, 0.0 ], [ -92.441522781577461, 48.316048695441857, 0.0 ], [ -92.444245502440083, 48.319051795446043, 0.0 ], [ -92.446585723349671, 48.319052815145618, 0.0 ], [ -92.450303024758895, 48.319054174744963, 0.0 ], [ -92.455560435620455, 48.319116934314081, 0.0 ], [ -92.455497725128794, 48.315524103801764, 0.0 ], [ -92.455531474834032, 48.311918443411948, 0.0 ], [ -92.450330953381084, 48.311855774163867, 0.0 ], [ -92.45040324260863, 48.308262143719688, 0.0 ], [ -92.445015901220998, 48.308273623888788, 0.0 ], [ -92.43962855983338, 48.30828511421258, 0.0 ], [ -92.439907938581669, 48.304526043820182, 0.0 ], [ -92.43497903712796, 48.304462874320407, 0.0 ], [ -92.435008656379495, 48.300883853904971, 0.0 ], [ -92.435055216060675, 48.297304053049558, 0.0 ], [ -92.43510174519912, 48.29372429282401, 0.0 ], [ -92.435104635079398, 48.290133852304947, 0.0 ], [ -92.435107524061351, 48.286543421736489, 0.0 ], [ -92.435110413941629, 48.28295298144338, 0.0 ], [ -92.435113273279171, 48.279362520712297, 0.0 ], [ -92.43508111269368, 48.275717640549487, 0.0 ], [ -92.435048942226729, 48.272072740108591, 0.0 ], [ -92.435016781641252, 48.268427859500157, 0.0 ], [ -92.434984610275961, 48.264782949146422, 0.0 ], [ -92.435031259788687, 48.261170178326829, 0.0 ], [ -92.435077869775512, 48.257557387802827, 0.0 ], [ -92.435124488745487, 48.253944587190738, 0.0 ], [ -92.435171108613787, 48.250331796876573, 0.0 ], [ -92.434980687333123, 48.246732696778658, 0.0 ], [ -92.434790296595182, 48.243133586279242, 0.0 ], [ -92.435288386369081, 48.239528695477532, 0.0 ], [ -92.435786446498582, 48.235923845014121, 0.0 ], [ -92.43560154536533, 48.231952484339622, 0.0 ], [ -92.435447124967993, 48.228341404248269, 0.0 ], [ -92.435154773648662, 48.224739063703559, 0.0 ], [ -92.43486240346472, 48.22113672337467, 0.0 ], [ -92.429443181765976, 48.221121833660149, 0.0 ], [ -92.424023940304295, 48.221106933766627, 0.0 ], [ -92.418604698842614, 48.221092034467311, 0.0 ], [ -92.413185487025331, 48.221077164490637, 0.0 ], [ -92.413025246443269, 48.217474574231503, 0.0 ], [ -92.412865005861207, 48.213871983655153, 0.0 ], [ -92.412704744617884, 48.210269403586878, 0.0 ], [ -92.412544504035822, 48.20666681312504, 0.0 ], [ -92.407131082758866, 48.206681553183309, 0.0 ], [ -92.401717671363386, 48.206696263902153, 0.0 ], [ -92.396304219543723, 48.206710974018009, 0.0 ], [ -92.390890797368442, 48.206725684728347, 0.0 ], [ -92.385463155760533, 48.206763035018561, 0.0 ], [ -92.380035494389702, 48.206800385281511, 0.0 ], [ -92.374607842900318, 48.206837705583418, 0.0 ], [ -92.369180201292437, 48.206875056390587, 0.0 ], [ -92.363730979456449, 48.206870766877273, 0.0 ], [ -92.358281747739014, 48.206866476764901, 0.0 ], [ -92.352832526801365, 48.20686215731709, 0.0 ], [ -92.347383295083915, 48.206857867802619, 0.0 ], [ -92.347314924307639, 48.203227637604243, 0.0 ], [ -92.347246553531377, 48.199597406975293, 0.0 ], [ -92.347178182755101, 48.195967176565581, 0.0 ], [ -92.347109811978811, 48.1923369458274, 0.0 ], [ -92.347064971673106, 48.188711405304453, 0.0 ], [ -92.347020131367387, 48.185085865218987, 0.0 ], [ -92.346975290163343, 48.181460334606513, 0.0 ], [ -92.346930439976163, 48.177834793752183, 0.0 ], [ -92.346883409577771, 48.17420984355963, 0.0 ], [ -92.346836338755196, 48.170584913262523, 0.0 ], [ -92.346789307458508, 48.166959962773227, 0.0 ], [ -92.346742267178641, 48.163335032283683, 0.0 ], [ -92.341315845482896, 48.163341912721393, 0.0 ], [ -92.335889433668626, 48.163348802745112, 0.0 ], [ -92.330463012871192, 48.163355673594033, 0.0 ], [ -92.325036560632725, 48.163362543842837, 0.0 ], [ -92.325036240832489, 48.164013703956797, 0.0 ], [ -92.32013793959058, 48.164021974393442, 0.0 ], [ -92.314691657940543, 48.164032144817682, 0.0 ], [ -92.309245376290491, 48.1640423547856, 0.0 ], [ -92.303761704961687, 48.164062665665213, 0.0 ], [ -92.29827806327728, 48.16408295556564, 0.0 ], [ -92.292942981381316, 48.163983046467777, 0.0 ], [ -92.287607930028059, 48.163883146762167, 0.0 ], [ -92.282272867895031, 48.163783246861946, 0.0 ], [ -92.276937816541761, 48.163683307221291, 0.0 ], [ -92.271579514992339, 48.163706877784414, 0.0 ], [ -92.26622123320584, 48.163730418377767, 0.0 ], [ -92.260862931656405, 48.163753958361113, 0.0 ], [ -92.255504630106969, 48.163777518705743, 0.0 ], [ -92.250139488784953, 48.16378974915736, 0.0 ], [ -92.244774607076067, 48.163801979606014, 0.0 ], [ -92.239409705604245, 48.163814230423881, 0.0 ], [ -92.234044793352638, 48.163826450680659, 0.0 ], [ -92.234005923250294, 48.160202570279452, 0.0 ], [ -92.228610931809698, 48.160224200366621, 0.0 ], [ -92.223215970013513, 48.160245590756361, 0.0 ], [ -92.217822397911092, 48.160262921417697, 0.0 ], [ -92.217808457854488, 48.156646650997388, 0.0 ], [ -92.217789347095149, 48.153027160309037, 0.0 ], [ -92.217273376355507, 48.149709319672162, 0.0 ], [ -92.217255775664157, 48.148001219948434, 0.0 ], [ -92.211849404365552, 48.148036319880461, 0.0 ], [ -92.209741243446686, 48.148040590344579, 0.0 ], [ -92.204957251926373, 48.148050120820471, 0.0 ], [ -92.201070300980788, 48.148057720745911, 0.0 ], [ -92.201077561164908, 48.148701170824459, 0.0 ], [ -92.201089721658917, 48.149764121249149, 0.0 ], [ -92.201635762604369, 48.153083271418993, 0.0 ], [ -92.201650332379955, 48.156709481870692, 0.0 ], [ -92.20166487340947, 48.160331392513207, 0.0 ], [ -92.201679434201893, 48.163953333264161, 0.0 ], [ -92.196302912123571, 48.163984353273101, 0.0 ], [ -92.190926390943531, 48.164015384048511, 0.0 ], [ -92.183985578562044, 48.164328574590222, 0.0 ], [ -92.178578287388575, 48.164330885001718, 0.0 ], [ -92.173172005921501, 48.164349275418033, 0.0 ], [ -92.167765734335887, 48.164367655641882, 0.0 ], [ -92.162359132170266, 48.164425575832688, 0.0 ], [ -92.156952550665878, 48.164483486371367, 0.0 ], [ -92.151545939517092, 48.164541407030569, 0.0 ], [ -92.146139337351457, 48.164599317438473, 0.0 ], [ -92.146075116791792, 48.160991796801937, 0.0 ], [ -92.146010906113617, 48.157384296311449, 0.0 ], [ -92.145946685553952, 48.153776805833317, 0.0 ], [ -92.145882445231351, 48.150169275075037, 0.0 ], [ -92.142808873859764, 48.150209665679363, 0.0 ], [ -92.140483933293169, 48.15024016598251, 0.0 ], [ -92.137570982491027, 48.150278395920367, 0.0 ], [ -92.135085401592036, 48.150284356328697, 0.0 ], [ -92.132048870454597, 48.15032394612858, 0.0 ], [ -92.129686810602124, 48.150354686697753, 0.0 ], [ -92.126827779378274, 48.150391946824797, 0.0 ], [ -92.126669878907521, 48.147327496429057, 0.0 ], [ -92.126676818393094, 48.143771495816857, 0.0 ], [ -92.126692637725256, 48.140215385511503, 0.0 ], [ -92.126708466938879, 48.136659284837762, 0.0 ], [ -92.121260815358013, 48.136657335275878, 0.0 ], [ -92.115813183540098, 48.136655385713929, 0.0 ], [ -92.110365691859357, 48.136660185880672, 0.0 ], [ -92.104918220839863, 48.136664986646423, 0.0 ], [ -92.105078270080782, 48.133058356193523, 0.0 ], [ -92.105238309440224, 48.129451695445248, 0.0 ], [ -92.106256998972427, 48.125739855130902, 0.0 ], [ -92.105914308759523, 48.123950124532847, 0.0 ], [ -92.100064576647384, 48.124070755504611, 0.0 ], [ -92.094639875225411, 48.124182345392462, 0.0 ], [ -92.094710745114796, 48.122367865203202, 0.0 ], [ -92.089280323221089, 48.122471575635622, 0.0 ], [ -92.08384993187012, 48.122575296052922, 0.0 ], [ -92.07841897997038, 48.122697206928059, 0.0 ], [ -92.078351489543095, 48.119052346155122, 0.0 ], [ -92.078283989234322, 48.115407345520047, 0.0 ], [ -92.072857127364088, 48.115505726292938, 0.0 ], [ -92.07279155663656, 48.111841115350018, 0.0 ], [ -92.072726005671953, 48.108176505176708, 0.0 ], [ -92.06730313411822, 48.108243695552069, 0.0 ], [ -92.061880252683011, 48.108310885839607, 0.0 ], [ -92.06188567311743, 48.108081165904572, 0.0 ], [ -92.054568220493493, 48.108031326615453, 0.0 ], [ -92.04917037869852, 48.108009407006158, 0.0 ], [ -92.04377708776876, 48.10797509727746, 0.0 ], [ -92.038383795940689, 48.107940817517417, 0.0 ], [ -92.03300928429195, 48.107885088340467, 0.0 ], [ -92.027634742100517, 48.107829388494849, 0.0 ], [ -92.022260231350074, 48.107773688588921, 0.0 ], [ -92.016885719701349, 48.107717969427902, 0.0 ], [ -92.011485457844984, 48.107691489743843, 0.0 ], [ -92.006085195988632, 48.107664990251664, 0.0 ], [ -92.000684904487869, 48.107638510540284, 0.0 ], [ -91.99528451237579, 48.107611970831812, 0.0 ], [ -91.98989921106218, 48.107661111120237, 0.0 ], [ -91.984513919630032, 48.107710251361702, 0.0 ], [ -91.979128597655162, 48.107759401753327, 0.0 ], [ -91.973743296341553, 48.107808542500663, 0.0 ], [ -91.968348304900971, 48.107896912830647, 0.0 ], [ -91.962953313460375, 48.107985283008702, 0.0 ], [ -91.962979662844305, 48.10434812283642, 0.0 ], [ -91.963006012228206, 48.100710952442633, 0.0 ], [ -91.957612909944658, 48.100806002429302, 0.0 ], [ -91.952219788796498, 48.10090081287462, 0.0 ], [ -91.952247998591375, 48.097270212860231, 0.0 ], [ -91.952276238030635, 48.0936396120496, 0.0 ], [ -91.946880725567183, 48.09373169252347, 0.0 ], [ -91.941485204120596, 48.093823772832437, 0.0 ], [ -91.936089662911044, 48.093915853576533, 0.0 ], [ -91.930516611008102, 48.093991213517029, 0.0 ], [ -91.930581660712775, 48.090374413025764, 0.0 ], [ -91.930646740061846, 48.086757642583393, 0.0 ], [ -91.930703739064938, 48.083136282515468, 0.0 ], [ -91.930760729084881, 48.079514951959368, 0.0 ], [ -91.924074396846962, 48.079391162147033, 0.0 ], [ -91.91866319530709, 48.079304382466248, 0.0 ], [ -91.918795974390918, 48.075694352365012, 0.0 ], [ -91.918928723830334, 48.072084331866861, 0.0 ], [ -91.91905988325172, 48.068517081005552, 0.0 ], [ -91.919191052554538, 48.064949830805872, 0.0 ], [ -91.920285762915967, 48.064953450814343, 0.0 ], [ -91.92182738333463, 48.064978360428142, 0.0 ], [ -91.921242672611129, 48.059472089897177, 0.0 ], [ -91.921024532015736, 48.05569912960469, 0.0 ], [ -91.920804291159214, 48.052041908790187, 0.0 ], [ -91.920583210377899, 48.048384578350728, 0.0 ], [ -91.920539130046919, 48.044629967971566, 0.0 ], [ -91.920494089416877, 48.040959877279562, 0.0 ], [ -91.920449268874094, 48.037329866920722, 0.0 ], [ -91.921041178696257, 48.033597796278059, 0.0 ], [ -91.92111794782214, 48.029975576044642, 0.0 ], [ -91.918361436830097, 48.030082596124402, 0.0 ], [ -91.9130495754859, 48.03029517642657, 0.0 ], [ -91.907545563604117, 48.03051517672715, 0.0 ], [ -91.902423351887762, 48.030570597469683, 0.0 ], [ -91.897111190506266, 48.030627817949643, 0.0 ], [ -91.897160381352904, 48.034235378122382, 0.0 ], [ -91.897150361544234, 48.037856328882647, 0.0 ], [ -91.8971403327524, 48.041477259412453, 0.0 ], [ -91.89422058170355, 48.041527469517803, 0.0 ], [ -91.891764270611489, 48.041569679506317, 0.0 ], [ -91.886388189605938, 48.041661820153202, 0.0 ], [ -91.881043737383237, 48.041791210657557, 0.0 ], [ -91.880997648419267, 48.045474050870943, 0.0 ], [ -91.88095167893124, 48.049149041438667, 0.0 ], [ -91.881133929136084, 48.052716051747133, 0.0 ], [ -91.881315909846336, 48.056276822650823, 0.0 ], [ -91.881399090248379, 48.058090252873292, 0.0 ], [ -91.878021169658552, 48.058172412736837, 0.0 ], [ -91.876531239199679, 48.059074763046503, 0.0 ], [ -91.875931428694571, 48.059399923329018, 0.0 ], [ -91.875903869279981, 48.059414863026163, 0.0 ], [ -91.875599458976282, 48.059613553440833, 0.0 ], [ -91.875500408936418, 48.059678203370247, 0.0 ], [ -91.87523435849198, 48.059882853462668, 0.0 ], [ -91.875149509020133, 48.059968113287347, 0.0 ], [ -91.874936169021623, 48.060251733109418, 0.0 ], [ -91.874730939013517, 48.060534753385909, 0.0 ], [ -91.874509458481882, 48.060909893329573, 0.0 ], [ -91.874317928680156, 48.061336603399383, 0.0 ], [ -91.873982118664017, 48.061778563537423, 0.0 ], [ -91.873616088423404, 48.062134833924688, 0.0 ], [ -91.873189809075001, 48.062359593630603, 0.0 ], [ -91.873024808320238, 48.062413553656803, 0.0 ], [ -91.872430908729726, 48.06254752381556, 0.0 ], [ -91.87200092832235, 48.062631223693998, 0.0 ], [ -91.871691288027066, 48.062738784105719, 0.0 ], [ -91.871671778415703, 48.062745553752137, 0.0 ], [ -91.871160348659856, 48.063014734128863, 0.0 ], [ -91.870710508298174, 48.063360594269128, 0.0 ], [ -91.870404377720689, 48.063628004003618, 0.0 ], [ -91.870154238236566, 48.063952654050631, 0.0 ], [ -91.86999385841564, 48.064170734217093, 0.0 ], [ -91.869988658068465, 48.064214464324493, 0.0 ], [ -91.864917246979743, 48.064193214625909, 0.0 ], [ -91.864563706016526, 48.064191034784322, 0.0 ], [ -91.859185785261289, 48.064136524906559, 0.0 ], [ -91.8540480434703, 48.064084455366242, 0.0 ], [ -91.853807863607713, 48.064084845589292, 0.0 ], [ -91.848424081345271, 48.064073155705287, 0.0 ], [ -91.84324272005901, 48.064061926282093, 0.0 ], [ -91.843040329625509, 48.064061946093453, 0.0 ], [ -91.837661678539945, 48.064040516829152, 0.0 ], [ -91.832382876994828, 48.064019456767433, 0.0 ], [ -91.832283036437516, 48.06401900710982, 0.0 ], [ -91.826902255446413, 48.063971517479111, 0.0 ], [ -91.826987664568691, 48.060114436821962, 0.0 ], [ -91.827020814199315, 48.056486046544002, 0.0 ], [ -91.827070083199388, 48.052872265884403, 0.0 ], [ -91.827119342317985, 48.049258375719027, 0.0 ], [ -91.827109461748165, 48.045639044919078, 0.0 ], [ -91.827099581178359, 48.042019564278831, 0.0 ], [ -91.827088180659089, 48.038395983990434, 0.0 ], [ -91.827076719952686, 48.034758703690507, 0.0 ], [ -91.83252794233681, 48.034765362885643, 0.0 ], [ -91.832513031201401, 48.031153982548553, 0.0 ], [ -91.827077729659081, 48.031157782748458, 0.0 ], [ -91.821620148101076, 48.031161353470416, 0.0 ], [ -91.816390486198628, 48.031195503592549, 0.0 ], [ -91.81101712529177, 48.031230334314962, 0.0 ], [ -91.805642323487206, 48.031264914511077, 0.0 ], [ -91.805642442963133, 48.027670294184198, 0.0 ], [ -91.80564246272607, 48.027225013994581, 0.0 ], [ -91.805643962014273, 48.025659283928682, 0.0 ], [ -91.805644012319945, 48.024030283679899, 0.0 ], [ -91.805644141677334, 48.020412913398332, 0.0 ], [ -91.800270779872164, 48.020447903423509, 0.0 ], [ -91.794746488522847, 48.020016413598754, 0.0 ], [ -91.789378376472172, 48.019596353964587, 0.0 ], [ -91.783994895145341, 48.019201734605552, 0.0 ], [ -91.778611412920171, 48.018807135059014, 0.0 ], [ -91.773200291330355, 48.018516325250452, 0.0 ], [ -91.767789189503446, 48.018225505389211, 0.0 ], [ -91.762378067913644, 48.017934715734206, 0.0 ], [ -91.756966976866536, 48.017643896197548, 0.0 ], [ -91.75690693616788, 48.013985755564462, 0.0 ], [ -91.756846905350699, 48.010327645058638, 0.0 ], [ -91.756786874533532, 48.006669534687603, 0.0 ], [ -91.756726843716351, 48.003011424503057, 0.0 ], [ -91.756654602997827, 47.999355604138202, 0.0 ], [ -91.75658244312767, 47.995700003202998, 0.0 ], [ -91.756510312003627, 47.992044413185269, 0.0 ], [ -91.756438151235173, 47.988388812494833, 0.0 ], [ -91.756226101217408, 47.984736731827091, 0.0 ], [ -91.756014040419871, 47.981084661529607, 0.0 ], [ -91.75580198950378, 47.977432611277628, 0.0 ], [ -91.755589908943307, 47.973780530609581, 0.0 ], [ -91.750938697405147, 47.973457670929527, 0.0 ], [ -91.75074852675445, 47.969861070569728, 0.0 ], [ -91.750380516626947, 47.966348059793283, 0.0 ], [ -91.750012495719659, 47.962835089168941, 0.0 ], [ -91.749513244424108, 47.95929339916821, 0.0 ], [ -91.749013974263917, 47.955751738882732, 0.0 ], [ -91.743615432681338, 47.955803419186729, 0.0 ], [ -91.738216850674561, 47.955854859398833, 0.0 ], [ -91.73278158955641, 47.95590637957303, 0.0 ], [ -91.727346327539948, 47.955957660257774, 0.0 ], [ -91.725315776570042, 47.955931390644473, 0.0 ], [ -91.721029875721953, 47.955875820496011, 0.0 ], [ -91.720537355502799, 47.955869430857597, 0.0 ], [ -91.712137222755743, 47.95576003141403, 0.0 ], [ -91.706924141058508, 47.955801891711488, 0.0 ], [ -91.701519930208164, 47.955697332047563, 0.0 ], [ -91.696115738222431, 47.955592502651847, 0.0 ], [ -91.690870386345253, 47.955490512636473, 0.0 ], [ -91.685625094655194, 47.955388293206418, 0.0 ], [ -91.680119123547769, 47.955338103277938, 0.0 ], [ -91.674613201847691, 47.955287623925791, 0.0 ], [ -91.669107249604906, 47.955236904481282, 0.0 ], [ -91.663601327904829, 47.95518593471634, 0.0 ], [ -91.658459816782909, 47.955411894957443, 0.0 ], [ -91.653407805711055, 47.955444725383607, 0.0 ], [ -91.648632113725668, 47.955475556041208, 0.0 ], [ -91.643856422638578, 47.955506195970472, 0.0 ], [ -91.643452102607284, 47.95894468675543, 0.0 ], [ -91.643047773592869, 47.962383187512899, 0.0 ], [ -91.642426044194821, 47.966318517984597, 0.0 ], [ -91.637614831924779, 47.966378508018323, 0.0 ], [ -91.632178800950442, 47.966444348589476, 0.0 ], [ -91.626827949129648, 47.966513319180457, 0.0 ], [ -91.626741808778746, 47.966514428911637, 0.0 ], [ -91.622111987924129, 47.966395989484852, 0.0 ], [ -91.621657697308535, 47.966413029458131, 0.0 ], [ -91.616578476266739, 47.966599389739002, 0.0 ], [ -91.611499224682206, 47.966785520184693, 0.0 ], [ -91.60641994345329, 47.966971420797627, 0.0 ], [ -91.605796703088942, 47.966989740519367, 0.0 ], [ -91.601003901790648, 47.967130510685223, 0.0 ], [ -91.600349541089926, 47.967145030845948, 0.0 ], [ -91.595588219454115, 47.967212871537988, 0.0 ], [ -91.590170988422045, 47.967290451766068, 0.0 ], [ -91.589469727578646, 47.967300471674903, 0.0 ], [ -91.584754576653509, 47.967367782267367, 0.0 ], [ -91.584864037269185, 47.971053622936253, 0.0 ], [ -91.584973517647811, 47.974739453135101, 0.0 ], [ -91.585082878550509, 47.978429773854899, 0.0 ], [ -91.585191538767262, 47.982115594065291, 0.0 ], [ -91.579856137969358, 47.982297164276602, 0.0 ], [ -91.574519865805655, 47.982478484913393, 0.0 ], [ -91.569183574777313, 47.982659565598958, 0.0 ], [ -91.563848072469796, 47.982840395512618, 0.0 ], [ -91.558424121141073, 47.982947896460253, 0.0 ], [ -91.553000989974208, 47.983055136826493, 0.0 ], [ -91.547577717771844, 47.983166626862094, 0.0 ], [ -91.543796026919679, 47.982980706981579, 0.0 ], [ -91.543455616630979, 47.982997167252257, 0.0 ], [ -91.54315869648012, 47.983056707389849, 0.0 ], [ -91.542866006495927, 47.983070897174862, 0.0 ], [ -91.542581716657949, 47.983067617151583, 0.0 ], [ -91.542152776499691, 47.983116207172479, 0.0 ], [ -91.541954556045738, 47.983170207522242, 0.0 ], [ -91.541584786118605, 47.983270947534642, 0.0 ], [ -91.541390166112279, 47.983413557742622, 0.0 ], [ -91.541127955965692, 47.983557017769108, 0.0 ], [ -91.54067358629834, 47.983788827621147, 0.0 ], [ -91.540360366216646, 47.983903637530616, 0.0 ], [ -91.540121636234957, 47.983899717800668, 0.0 ], [ -91.539869615678626, 47.983806317624953, 0.0 ], [ -91.5396609352415, 47.983795117601517, 0.0 ], [ -91.539308815413051, 47.983763807790041, 0.0 ], [ -91.539131005580657, 47.983716747433647, 0.0 ], [ -91.538919735300567, 47.983704327994801, 0.0 ], [ -91.538850205697571, 47.983775837585611, 0.0 ], [ -91.538780225140314, 47.983874307793791, 0.0 ], [ -91.538628735047425, 47.98399789795716, 0.0 ], [ -91.538373555116252, 47.984021287614503, 0.0 ], [ -91.538173015212223, 47.983983217785052, 0.0 ], [ -91.537956405346065, 47.984007577909424, 0.0 ], [ -91.537804194804323, 47.984035717644858, 0.0 ], [ -91.537635634924413, 47.984066287722143, 0.0 ], [ -91.537178714939984, 47.984114357902357, 0.0 ], [ -91.536666894416982, 47.984268667766862, 0.0 ], [ -91.536501674473286, 47.984339587929917, 0.0 ], [ -91.536314474551233, 47.9844942181997, 0.0 ], [ -91.536131594627363, 47.984640628055921, 0.0 ], [ -91.536088014658006, 47.984748068134017, 0.0 ], [ -91.536093435092411, 47.984766908260113, 0.0 ], [ -91.536124334443244, 47.984874378138663, 0.0 ], [ -91.536238594757492, 47.985100538011402, 0.0 ], [ -91.536220455076972, 47.98528320825379, 0.0 ], [ -91.536222374776713, 47.985651207964587, 0.0 ], [ -91.536243674730429, 47.985874768215382, 0.0 ], [ -91.536319374861108, 47.986027658068721, 0.0 ], [ -91.536476665375787, 47.986129288369767, 0.0 ], [ -91.536715795107767, 47.986204748427639, 0.0 ], [ -91.536955935444482, 47.986262078276809, 0.0 ], [ -91.537098384892332, 47.986452488484382, 0.0 ], [ -91.537131245265428, 47.986479728021571, 0.0 ], [ -91.537308315784344, 47.986626508024621, 0.0 ], [ -91.537715425982896, 47.986910178139979, 0.0 ], [ -91.53786139592836, 47.986957198307863, 0.0 ], [ -91.538049225569438, 47.986977558168547, 0.0 ], [ -91.538154615918572, 47.987033018501393, 0.0 ], [ -91.538179236045565, 47.987105338161577, 0.0 ], [ -91.5381108661676, 47.987149268379582, 0.0 ], [ -91.537975695768495, 47.987183678533761, 0.0 ], [ -91.53772154530661, 47.987171387993143, 0.0 ], [ -91.537535305683605, 47.987124148567688, 0.0 ], [ -91.537283595046048, 47.987021978507073, 0.0 ], [ -91.537189785777542, 47.986959598466683, 0.0 ], [ -91.536964355353632, 47.986809708574903, 0.0 ], [ -91.536744795420091, 47.986639068053179, 0.0 ], [ -91.53671929494412, 47.98661924797802, 0.0 ], [ -91.536616524980687, 47.986437338232989, 0.0 ], [ -91.536509415256106, 47.986409018229722, 0.0 ], [ -91.536387985487565, 47.98642566800298, 0.0 ], [ -91.536280334977178, 47.986469778572562, 0.0 ], [ -91.53610421487582, 47.986521618138802, 0.0 ], [ -91.535912024812376, 47.986555728088057, 0.0 ], [ -91.535728154945076, 47.986597348183977, 0.0 ], [ -91.535593194751726, 47.986577608058582, 0.0 ], [ -91.535459034957313, 47.986529728362648, 0.0 ], [ -91.53534882514667, 47.986487048212538, 0.0 ], [ -91.535183354573036, 47.986410478061302, 0.0 ], [ -91.535159024601882, 47.986310708580703, 0.0 ], [ -91.535311814556962, 47.986106238172553, 0.0 ], [ -91.535395324640731, 47.986025838075783, 0.0 ], [ -91.535493045173965, 47.985883228471131, 0.0 ], [ -91.535525374642731, 47.985691608238348, 0.0 ], [ -91.53557128484195, 47.98549581816286, 0.0 ], [ -91.535549595019418, 47.985299118237258, 0.0 ], [ -91.535501545033171, 47.985099568172828, 0.0 ], [ -91.535488954246162, 47.985025257921087, 0.0 ], [ -91.5354786649429, 47.984964578251137, 0.0 ], [ -91.535427184290583, 47.984883608179352, 0.0 ], [ -91.535321204646635, 47.984828348163887, 0.0 ], [ -91.535200864534531, 47.984808758280053, 0.0 ], [ -91.534879334138154, 47.984822778026107, 0.0 ], [ -91.534692524084932, 47.98480248826499, 0.0 ], [ -91.534562244114213, 47.98475673841692, 0.0 ], [ -91.534440313984078, 47.984708977886868, 0.0 ], [ -91.534265473982003, 47.984724958395702, 0.0 ], [ -91.534156824545036, 47.984778047945881, 0.0 ], [ -91.533903634382213, 47.984774668220638, 0.0 ], [ -91.533730973693025, 47.984745528378163, 0.0 ], [ -91.53352962440691, 47.984733158490869, 0.0 ], [ -91.533040763924248, 47.984854208049903, 0.0 ], [ -91.53302304375697, 47.984855208557683, 0.0 ], [ -91.532665923905654, 47.984875498298109, 0.0 ], [ -91.532503093480599, 47.984936828642297, 0.0 ], [ -91.53224789378649, 47.984987398673653, 0.0 ], [ -91.53197210380776, 47.98494866816457, 0.0 ], [ -91.532038333898711, 47.985560898420466, 0.0 ], [ -91.531302853531187, 47.985604098823288, 0.0 ], [ -91.531265743228488, 47.985606278383393, 0.0 ], [ -91.530550683364012, 47.985648278638394, 0.0 ], [ -91.530492783350681, 47.98565167874915, 0.0 ], [ -91.529773513082475, 47.985693918868748, 0.0 ], [ -91.529718512830897, 47.985697138599441, 0.0 ], [ -91.529404902880373, 47.985715558701934, 0.0 ], [ -91.528794212878864, 47.985751718866432, 0.0 ], [ -91.526751352294625, 47.985874969034469, 0.0 ], [ -91.526715662228384, 47.985430248998838, 0.0 ], [ -91.526603582125333, 47.985448138885431, 0.0 ], [ -91.526254742045992, 47.985503828738892, 0.0 ], [ -91.526135152027166, 47.985616048823978, 0.0 ], [ -91.52604696172078, 47.985807458897852, 0.0 ], [ -91.525946751955885, 47.985997108994447, 0.0 ], [ -91.525810141557358, 47.986110638736598, 0.0 ], [ -91.525475291840252, 47.986276309268227, 0.0 ], [ -91.525454971948534, 47.986286359163238, 0.0 ], [ -91.525200031867541, 47.986363329329279, 0.0 ], [ -91.524638951327589, 47.986466059253047, 0.0 ], [ -91.523904021627359, 47.986644019313019, 0.0 ], [ -91.523282400925481, 47.986833899017128, 0.0 ], [ -91.52273360125379, 47.987060199411758, 0.0 ], [ -91.522287390984161, 47.987255449653127, 0.0 ], [ -91.521768790875711, 47.987448549735511, 0.0 ], [ -91.521509620628024, 47.987531039314462, 0.0 ], [ -91.521204700979567, 47.987628089458063, 0.0 ], [ -91.520555890968978, 47.987772909784233, 0.0 ], [ -91.519882630612969, 47.988085319570708, 0.0 ], [ -91.51966579077812, 47.988216589953247, 0.0 ], [ -91.519592350808708, 47.98837857001574, 0.0 ], [ -91.519613140519326, 47.988602889822459, 0.0 ], [ -91.519582339983188, 47.988711200037947, 0.0 ], [ -91.519472829960151, 47.988790359841587, 0.0 ], [ -91.519363619974442, 47.988834249546017, 0.0 ], [ -91.519202640078902, 47.988850759655037, 0.0 ], [ -91.519044810575039, 47.98883133001997, 0.0 ], [ -91.518911990168718, 47.988757149593702, 0.0 ], [ -91.51886118055792, 47.988646589700011, 0.0 ], [ -91.518822209844274, 47.988593649624868, 0.0 ], [ -91.518713570288767, 47.98859272013388, 0.0 ], [ -91.518364510122183, 47.9887038398805, 0.0 ], [ -91.517886779765874, 47.988967999854857, 0.0 ], [ -91.517524519754502, 47.989217449732877, 0.0 ], [ -91.517138009722032, 47.989470390249963, 0.0 ], [ -91.516857640131974, 47.989687510025597, 0.0 ], [ -91.516640909891578, 47.989914040194897, 0.0 ], [ -91.516429919885866, 47.990237910398761, 0.0 ], [ -91.51622736955224, 47.990465570214212, 0.0 ], [ -91.515975509794316, 47.990678770195082, 0.0 ], [ -91.515639669235483, 47.990862860561357, 0.0 ], [ -91.515535329915238, 47.990920050568533, 0.0 ], [ -91.515183569412898, 47.991100300248547, 0.0 ], [ -91.511966138238463, 47.991124110528993, 0.0 ], [ -91.501105695099682, 47.991203801693068, 0.0 ], [ -91.499260864526548, 47.991217231735803, 0.0 ], [ -91.494506273068865, 47.991386821870783, 0.0 ], [ -91.493866683366363, 47.991409602179971, 0.0 ], [ -91.488472451900492, 47.991601712193763, 0.0 ], [ -91.482984769593941, 47.991796912789987, 0.0 ], [ -91.477497068422792, 47.991991833097487, 0.0 ], [ -91.471946196822529, 47.992404194069231, 0.0 ], [ -91.46639524527221, 47.992816274003417, 0.0 ], [ -91.460991103592121, 47.993217214588483, 0.0 ], [ -91.455586852317595, 47.993617874921412, 0.0 ], [ -91.451438011025672, 47.993583475669922, 0.0 ], [ -91.434049915857372, 47.993437606982518, 0.0 ], [ -91.412364999022074, 47.993985588568172, 0.0 ], [ -91.412349608186304, 47.990310627773027, 0.0 ], [ -91.412343168164028, 47.988774527890527, 0.0 ], [ -91.412339808464864, 47.988720797340157, 0.0 ], [ -91.412209477290205, 47.986635637343909, 0.0 ], [ -91.412205037816065, 47.986527497134347, 0.0 ], [ -91.412182537713136, 47.985979327523729, 0.0 ], [ -91.412116277079477, 47.98436538733224, 0.0 ], [ -91.412070146792985, 47.983241646901291, 0.0 ], [ -91.412036227306189, 47.982982987067587, 0.0 ], [ -91.411557176426413, 47.979330336281997, 0.0 ], [ -91.41107808602078, 47.975677686241141, 0.0 ], [ -91.41059903514099, 47.972025005722998, 0.0 ], [ -91.405348373322155, 47.972263555676413, 0.0 ], [ -91.404484113170454, 47.97230322608852, 0.0 ], [ -91.404497422609722, 47.97014344590054, 0.0 ], [ -91.404512412796862, 47.96834981524993, 0.0 ], [ -91.404679842596153, 47.968304975264367, 0.0 ], [ -91.405193352850219, 47.968044035632388, 0.0 ], [ -91.40577606302557, 47.967960325218108, 0.0 ], [ -91.406156782517712, 47.967758245127733, 0.0 ], [ -91.40672023281337, 47.967281075429597, 0.0 ], [ -91.407266052773238, 47.966955715080537, 0.0 ], [ -91.40779840339377, 47.966700174717467, 0.0 ], [ -91.408008093537291, 47.966544664716103, 0.0 ], [ -91.408413123237651, 47.966244304604061, 0.0 ], [ -91.408609643180768, 47.965976064544179, 0.0 ], [ -91.408670413311441, 47.965769034856947, 0.0 ], [ -91.408639813099597, 47.965021374428851, 0.0 ], [ -91.408538633154194, 47.964887924775951, 0.0 ], [ -91.408037322919995, 47.964095814573383, 0.0 ], [ -91.407949693162365, 47.9639573645822, 0.0 ], [ -91.407706372789548, 47.963547494588823, 0.0 ], [ -91.407620922344776, 47.963316714478623, 0.0 ], [ -91.407609872168464, 47.963235234652842, 0.0 ], [ -91.407671342985054, 47.963051004248968, 0.0 ], [ -91.40772883246828, 47.962840774163872, 0.0 ], [ -91.408001842161227, 47.962625714176028, 0.0 ], [ -91.408145392943638, 47.962508824388649, 0.0 ], [ -91.408295302899916, 47.962386744350241, 0.0 ], [ -91.409057773150153, 47.961799564508652, 0.0 ], [ -91.409402753168706, 47.961550424266491, 0.0 ], [ -91.409642993218398, 47.961235833916419, 0.0 ], [ -91.409882062763288, 47.96073605375198, 0.0 ], [ -91.409982202459574, 47.960371693888028, 0.0 ], [ -91.41013408242128, 47.959407693869537, 0.0 ], [ -91.410162162858754, 47.958635043507087, 0.0 ], [ -91.41016218262169, 47.958634393809298, 0.0 ], [ -91.410033622924757, 47.95845372395727, 0.0 ], [ -91.4097734726151, 47.958208283520598, 0.0 ], [ -91.409375412044724, 47.958085833575311, 0.0 ], [ -91.408335302184582, 47.957909323539127, 0.0 ], [ -91.408005671679277, 47.957823843691209, 0.0 ], [ -91.407394791234935, 47.95763100397491, 0.0 ], [ -91.406983271206641, 47.957513243822419, 0.0 ], [ -91.406571331665134, 47.957471463719124, 0.0 ], [ -91.405418341303005, 47.957419314041552, 0.0 ], [ -91.405099950518547, 47.957370014028037, 0.0 ], [ -91.404767760713, 47.957186003944066, 0.0 ], [ -91.404812600120422, 47.955899653641808, 0.0 ], [ -91.40493525968256, 47.952380433108253, 0.0 ], [ -91.405057949787434, 47.94886119250738, 0.0 ], [ -91.4051806093496, 47.945341972196623, 0.0 ], [ -91.405142988803817, 47.941786791915753, 0.0 ], [ -91.405105397902418, 47.938231631314082, 0.0 ], [ -91.405091387777262, 47.936907731357188, 0.0 ], [ -91.405450297970944, 47.93690507129061, 0.0 ], [ -91.40614589763139, 47.936815760980387, 0.0 ], [ -91.406320947839234, 47.936800410802313, 0.0 ], [ -91.406687447898747, 47.936652710994643, 0.0 ], [ -91.407039167976876, 47.936530991144359, 0.0 ], [ -91.407187538220782, 47.936506390760456, 0.0 ], [ -91.407698238544654, 47.936459310807322, 0.0 ], [ -91.408166978561582, 47.936403850919007, 0.0 ], [ -91.408491188632468, 47.936309510835393, 0.0 ], [ -91.40869484838548, 47.936213211011101, 0.0 ], [ -91.40891506858074, 47.936062330634499, 0.0 ], [ -91.40909780836742, 47.935794890788443, 0.0 ], [ -91.409216388679866, 47.935418560747401, 0.0 ], [ -91.409231658243073, 47.934923670648679, 0.0 ], [ -91.409199798593193, 47.934821110816657, 0.0 ], [ -91.409144568372909, 47.934643330249372, 0.0 ], [ -91.409085768247664, 47.934454040428299, 0.0 ], [ -91.409103358159243, 47.93427488034957, 0.0 ], [ -91.409203678416915, 47.934086780256408, 0.0 ], [ -91.40928863838154, 47.93392748027879, 0.0 ], [ -91.409297537991065, 47.933637270545617, 0.0 ], [ -91.40921376829418, 47.933383450423712, 0.0 ], [ -91.409003608331787, 47.933091320081331, 0.0 ], [ -91.408655288376991, 47.932729480334977, 0.0 ], [ -91.408223638001502, 47.932463420206552, 0.0 ], [ -91.408159977990593, 47.932317630409791, 0.0 ], [ -91.408054797847214, 47.93182152010548, 0.0 ], [ -91.408076587382766, 47.931551840370297, 0.0 ], [ -91.40825751796244, 47.93131492011721, 0.0 ], [ -91.410532478063288, 47.931321339876568, 0.0 ], [ -91.416045299723052, 47.931339649367871, 0.0 ], [ -91.421687841703118, 47.931377798935678, 0.0 ], [ -91.427330393564631, 47.931415968939582, 0.0 ], [ -91.432682485060511, 47.931429088310793, 0.0 ], [ -91.438034556793454, 47.931442208280487, 0.0 ], [ -91.443386658170795, 47.931455347507388, 0.0 ], [ -91.448738729903752, 47.931468467470452, 0.0 ], [ -91.451082910587118, 47.931429967068368, 0.0 ], [ -91.450911880340172, 47.931769786928612, 0.0 ], [ -91.450693030075712, 47.931936927059333, 0.0 ], [ -91.450064340530858, 47.932369437069532, 0.0 ], [ -91.449749930181412, 47.932640787558213, 0.0 ], [ -91.449627170007943, 47.932764167504672, 0.0 ], [ -91.44956857020702, 47.932837607422272, 0.0 ], [ -91.449511500237008, 47.932964767250368, 0.0 ], [ -91.449517480321873, 47.933196917361947, 0.0 ], [ -91.449539590555958, 47.933341827158422, 0.0 ], [ -91.449622100814793, 47.933455957172711, 0.0 ], [ -91.44977349029638, 47.933607247199603, 0.0 ], [ -91.449903850217126, 47.933680267625391, 0.0 ], [ -91.450320200486715, 47.933945077449422, 0.0 ], [ -91.450588530855342, 47.934103677412402, 0.0 ], [ -91.450722670886819, 47.934105727339492, 0.0 ], [ -91.450841251199279, 47.934098387685353, 0.0 ], [ -91.45113812104448, 47.934057247685757, 0.0 ], [ -91.451323871085677, 47.93412272740693, 0.0 ], [ -91.451846081523243, 47.934570627155978, 0.0 ], [ -91.451991681362813, 47.934672167347323, 0.0 ], [ -91.452069391024779, 47.934708737608148, 0.0 ], [ -91.452146911142236, 47.934826617737357, 0.0 ], [ -91.452154871113976, 47.934969327426892, 0.0 ], [ -91.452180371589947, 47.935031297226082, 0.0 ], [ -91.452218881467843, 47.935124857242442, 0.0 ], [ -91.452456631387577, 47.93519083755038, 0.0 ], [ -91.452680591269385, 47.935202137188732, 0.0 ], [ -91.452888231457422, 47.935178077231399, 0.0 ], [ -91.453322202181269, 47.935077957187097, 0.0 ], [ -91.453599521990952, 47.93506251741983, 0.0 ], [ -91.453661572220895, 47.935053457222111, 0.0 ], [ -91.453662231584303, 47.935023037479382, 0.0 ], [ -91.453878121899905, 47.935021837396583, 0.0 ], [ -91.455216252347128, 47.935014367271648, 0.0 ], [ -91.455246692658847, 47.935012577378487, 0.0 ], [ -91.455558202348229, 47.934908866988927, 0.0 ], [ -91.455857082623055, 47.934768467032491, 0.0 ], [ -91.456493072776226, 47.934534327029297, 0.0 ], [ -91.456803233196041, 47.934457477012053, 0.0 ], [ -91.457064703130854, 47.934443166738873, 0.0 ], [ -91.457259333018627, 47.934436616764764, 0.0 ], [ -91.457544162744071, 47.93431448725088, 0.0 ], [ -91.457709263211825, 47.934163807168687, 0.0 ], [ -91.457822282952677, 47.93396737694043, 0.0 ], [ -91.457815912998996, 47.933674076866637, 0.0 ], [ -91.457798703074786, 47.933401046575781, 0.0 ], [ -91.45780274279862, 47.933265166762673, 0.0 ], [ -91.457886683175388, 47.933158216620697, 0.0 ], [ -91.458147052673965, 47.932955126481431, 0.0 ], [ -91.458322802669414, 47.932885456855907, 0.0 ], [ -91.458456523187664, 47.932896086513033, 0.0 ], [ -91.45872844322416, 47.933077156888153, 0.0 ], [ -91.458737453326478, 47.933082266760699, 0.0 ], [ -91.458919522969936, 47.933172796886581, 0.0 ], [ -91.458983032962209, 47.933190996784177, 0.0 ], [ -91.459053263251121, 47.933208636938097, 0.0 ], [ -91.459196733185138, 47.933238516669213, 0.0 ], [ -91.459315212886295, 47.933240746589007, 0.0 ], [ -91.459478583198802, 47.933179976575133, 0.0 ], [ -91.459992373727232, 47.933069936860043, 0.0 ], [ -91.46053179408905, 47.933005256293413, 0.0 ], [ -91.46077982343057, 47.933017086657159, 0.0 ], [ -91.46103687365418, 47.933038806345657, 0.0 ], [ -91.461423564248008, 47.933106696639101, 0.0 ], [ -91.461676273812159, 47.933137266772711, 0.0 ], [ -91.46193132438593, 47.933104996358473, 0.0 ], [ -91.462132184090208, 47.933116366269431, 0.0 ], [ -91.462184084255739, 47.93316207640418, 0.0 ], [ -91.462235714028381, 47.93323481638641, 0.0 ], [ -91.462234114128876, 47.933288556528247, 0.0 ], [ -91.462189834371884, 47.933405486539733, 0.0 ], [ -91.462011534059343, 47.933573546448343, 0.0 ], [ -91.46196869430176, 47.933644856427158, 0.0 ], [ -91.461907294452089, 47.933921106584258, 0.0 ], [ -91.461887154223419, 47.934147726752492, 0.0 ], [ -91.461908044545353, 47.934345946813757, 0.0 ], [ -91.462140754018009, 47.93468417668128, 0.0 ], [ -91.462325174552589, 47.93484849675761, 0.0 ], [ -91.462478064220676, 47.934965216807882, 0.0 ], [ -91.462498874592555, 47.934971196765453, 0.0 ], [ -91.462742664784244, 47.935041266818097, 0.0 ], [ -91.463009565034952, 47.935062686538679, 0.0 ], [ -91.463388645101688, 47.935067986398472, 0.0 ], [ -91.463842975243168, 47.935047196813549, 0.0 ], [ -91.46409784525558, 47.935011106464287, 0.0 ], [ -91.464191275435013, 47.934997866428702, 0.0 ], [ -91.464314455121723, 47.934959836289941, 0.0 ], [ -91.464556614871171, 47.934885066291841, 0.0 ], [ -91.464900875339183, 47.934645936265703, 0.0 ], [ -91.465238215186247, 47.934454206539932, 0.0 ], [ -91.465604455632644, 47.934287656539659, 0.0 ], [ -91.466092735803642, 47.934167686136533, 0.0 ], [ -91.466299065349659, 47.934092136189008, 0.0 ], [ -91.466604465596816, 47.933995086531809, 0.0 ], [ -91.466947375896964, 47.933801026393823, 0.0 ], [ -91.467121475687236, 47.933740726490598, 0.0 ], [ -91.467267495938344, 47.933725006458161, 0.0 ], [ -91.467389506018549, 47.933708656271193, 0.0 ], [ -91.467484405841802, 47.93367395589221, 0.0 ], [ -91.467567995875626, 47.93355810623185, 0.0 ], [ -91.467690976136339, 47.933461056174252, 0.0 ], [ -91.467799225823001, 47.933435376388793, 0.0 ], [ -91.467913955956149, 47.933446395941573, 0.0 ], [ -91.467999465689729, 47.933456016155453, 0.0 ], [ -91.468148326413782, 47.933503946268608, 0.0 ], [ -91.468528755750086, 47.933678776209923, 0.0 ], [ -91.469081256480749, 47.934010066195903, 0.0 ], [ -91.469305816437156, 47.934085556077562, 0.0 ], [ -91.469505066360426, 47.93413192619488, 0.0 ], [ -91.469514326194371, 47.934140296223852, 0.0 ], [ -91.469503786261143, 47.9349271962747, 0.0 ], [ -91.4694932571077, 47.936497936256544, 0.0 ], [ -91.465852216377883, 47.938155297127302, 0.0 ], [ -91.464783225681373, 47.938561807074237, 0.0 ], [ -91.46469024555789, 47.938597137272239, 0.0 ], [ -91.464155655437366, 47.938630887106328, 0.0 ], [ -91.463351815971663, 47.940423227349889, 0.0 ], [ -91.461758345693141, 47.94205934766466, 0.0 ], [ -91.462784265765066, 47.941824607617903, 0.0 ], [ -91.462701135668667, 47.942150587800569, 0.0 ], [ -91.462625825406803, 47.942445887582863, 0.0 ], [ -91.461711775232189, 47.943434508106257, 0.0 ], [ -91.463303046434888, 47.942728787675307, 0.0 ], [ -91.463803125977151, 47.942864557771337, 0.0 ], [ -91.464019996354736, 47.943345677838529, 0.0 ], [ -91.464230846223273, 47.943813407620517, 0.0 ], [ -91.465273986999193, 47.942741787435388, 0.0 ], [ -91.466553876971588, 47.942132797247403, 0.0 ], [ -91.469463197681662, 47.940748376885963, 0.0 ], [ -91.471390618463701, 47.940069217023741, 0.0 ], [ -91.472743958286998, 47.94010213663325, 0.0 ], [ -91.47295602896601, 47.941175946637657, 0.0 ], [ -91.470330197694977, 47.94145473695734, 0.0 ], [ -91.472274158258031, 47.942100767135443, 0.0 ], [ -91.472265128392792, 47.942122096675647, 0.0 ], [ -91.471398798522671, 47.944168587363563, 0.0 ], [ -91.474749599872396, 47.943941937102068, 0.0 ], [ -91.475076380023296, 47.943919847107423, 0.0 ], [ -91.475170379734635, 47.943014896576813, 0.0 ], [ -91.475820099738598, 47.942433636940471, 0.0 ], [ -91.476671719695929, 47.942155736492843, 0.0 ], [ -91.478562970711351, 47.942024606553957, 0.0 ], [ -91.478989620165663, 47.941357216090218, 0.0 ], [ -91.480224701273386, 47.941529796535363, 0.0 ], [ -91.480314780736819, 47.941542376560768, 0.0 ], [ -91.480934640740742, 47.940946685980762, 0.0 ], [ -91.482430391384355, 47.939886176198463, 0.0 ], [ -91.484068021943926, 47.939236485893019, 0.0 ], [ -91.482960901356847, 47.938914195636542, 0.0 ], [ -91.483425131831069, 47.938562465449692, 0.0 ], [ -91.48671078196648, 47.936073135374279, 0.0 ], [ -91.487953872453275, 47.935519664744348, 0.0 ], [ -91.488720002439962, 47.934994404603323, 0.0 ], [ -91.491117632882748, 47.935009834761381, 0.0 ], [ -91.494872964469522, 47.935031224402643, 0.0 ], [ -91.496562345175988, 47.935040814229367, 0.0 ], [ -91.502013816393429, 47.935071604097161, 0.0 ], [ -91.507466918053112, 47.93507397356629, 0.0 ], [ -91.512920060137006, 47.935076122759568, 0.0 ], [ -91.518170531512965, 47.935145772581848, 0.0 ], [ -91.518162371216945, 47.931675602102963, 0.0 ], [ -91.52353075276217, 47.931720691763701, 0.0 ], [ -91.52890704397349, 47.931743261256578, 0.0 ], [ -91.533394655230438, 47.931758960825498, 0.0 ], [ -91.533422705125176, 47.9311182708121, 0.0 ], [ -91.533549505022478, 47.928222580568203, 0.0 ], [ -91.533577765122999, 47.9275772503781, 0.0 ], [ -91.538964516317492, 47.927616259874178, 0.0 ], [ -91.544351288173203, 47.927655019538783, 0.0 ], [ -91.549916249848721, 47.927694779585707, 0.0 ], [ -91.549983209371675, 47.924102629072458, 0.0 ], [ -91.555478671088594, 47.92419133829835, 0.0 ], [ -91.560978652229664, 47.924041387809552, 0.0 ], [ -91.566478714219159, 47.923891157568939, 0.0 ], [ -91.572038415360353, 47.92379570748539, 0.0 ], [ -91.577598247655573, 47.923700006802598, 0.0 ], [ -91.583074058725643, 47.92364724635059, 0.0 ], [ -91.583110219509081, 47.925494766798707, 0.0 ], [ -91.583287829017152, 47.925416886639233, 0.0 ], [ -91.583500868978376, 47.925351186412598, 0.0 ], [ -91.583755409309077, 47.925336546755311, 0.0 ], [ -91.584024479889507, 47.925304596531667, 0.0 ], [ -91.584308049278604, 47.92533509663442, 0.0 ], [ -91.584563000139383, 47.925393096622322, 0.0 ], [ -91.584703799382069, 47.925438646239243, 0.0 ], [ -91.584701010113108, 47.925528976653148, 0.0 ], [ -91.58465690013773, 47.925670916818241, 0.0 ], [ -91.584612190087711, 47.925837826849182, 0.0 ], [ -91.584513079860741, 47.926034586525653, 0.0 ], [ -91.584443930245115, 47.926114686351013, 0.0 ], [ -91.584344419369515, 47.926328896657367, 0.0 ], [ -91.584192799919222, 47.926481366883728, 0.0 ], [ -91.584042779470138, 47.926604256493668, 0.0 ], [ -91.583918269378515, 47.926728776476438, 0.0 ], [ -91.583862419320667, 47.926844506601313, 0.0 ], [ -91.583845959489722, 47.926943406802152, 0.0 ], [ -91.583882699686527, 47.927052346567272, 0.0 ], [ -91.584000520024233, 47.927144056816118, 0.0 ], [ -91.584010529951442, 47.927188136764023, 0.0 ], [ -91.588679070889754, 47.927156126286377, 0.0 ], [ -91.594215372714416, 47.927117956148088, 0.0 ], [ -91.599751684420553, 47.92707949584684, 0.0 ], [ -91.599502134231258, 47.923528795342918, 0.0 ], [ -91.604798115157863, 47.923488784679257, 0.0 ], [ -91.604617984977097, 47.919923644401251, 0.0 ], [ -91.60998336614928, 47.919869163729203, 0.0 ], [ -91.615348748219787, 47.91981468360175, 0.0 ], [ -91.620714119510509, 47.919760202814942, 0.0 ], [ -91.625885811331031, 47.919889182806187, 0.0 ], [ -91.63105747260883, 47.920018162475877, 0.0 ], [ -91.636229154547863, 47.920147112324983, 0.0 ], [ -91.641400846368398, 47.92027609195366, 0.0 ], [ -91.646680777994135, 47.9202057713211, 0.0 ], [ -91.651960729382807, 47.920135460827311, 0.0 ], [ -91.65177008891321, 47.91654378054956, 0.0 ], [ -91.657103690385597, 47.916500270112749, 0.0 ], [ -91.663680562007841, 47.916268579686722, 0.0 ], [ -91.669043793511534, 47.916273128891163, 0.0 ], [ -91.672068664516615, 47.9162755991644, 0.0 ], [ -91.672104314158673, 47.916206728889641, 0.0 ], [ -91.672106274282612, 47.916144198887501, 0.0 ], [ -91.672027334827007, 47.916071389110392, 0.0 ], [ -91.67198859408208, 47.915999289069397, 0.0 ], [ -91.67201853403219, 47.915891528960607, 0.0 ], [ -91.67209912459127, 47.91585667875286, 0.0 ], [ -91.672272324269628, 47.915796748671063, 0.0 ], [ -91.672611724851961, 47.915718408979707, 0.0 ], [ -91.672880464852355, 47.915694578980222, 0.0 ], [ -91.672999924615468, 47.915732178957477, 0.0 ], [ -91.673159394443019, 47.915815618767198, 0.0 ], [ -91.673359565139464, 47.915908538627797, 0.0 ], [ -91.673541825225783, 47.916008658455951, 0.0 ], [ -91.673751494708043, 47.916048098726193, 0.0 ], [ -91.673920755273869, 47.916076288735418, 0.0 ], [ -91.674098695361977, 47.916102318512479, 0.0 ], [ -91.674275774864057, 47.916124328878112, 0.0 ], [ -91.674407845177114, 47.916188748789892, 0.0 ], [ -91.674449815365506, 47.916209218432193, 0.0 ], [ -91.674539175278383, 47.916253548524743, 0.0 ], [ -91.674752215239607, 47.916273868829229, 0.0 ], [ -91.674858695245177, 47.91626672893824, 0.0 ], [ -91.674982425599126, 47.916240308503362, 0.0 ], [ -91.675116415611967, 47.916205968480391, 0.0 ], [ -91.675263215600765, 47.916101278742509, 0.0 ], [ -91.675318445821048, 47.916057178509327, 0.0 ], [ -91.675483955920583, 47.915932098801783, 0.0 ], [ -91.675632025228865, 47.915852528684233, 0.0 ], [ -91.675766045784414, 47.915835888669719, 0.0 ], [ -91.675907015707011, 47.915847008303707, 0.0 ], [ -91.676073866092935, 47.91585697858374, 0.0 ], [ -91.676194775736917, 47.915903598648207, 0.0 ], [ -91.676247215789942, 47.91595023853899, 0.0 ], [ -91.676418705974299, 47.916059888415838, 0.0 ], [ -91.676511125549055, 47.916078488689813, 0.0 ], [ -91.676616726103973, 47.916124448689423, 0.0 ], [ -91.676763986030181, 47.916226898696117, 0.0 ], [ -91.676832975745683, 47.916278838274629, 0.0 ], [ -91.677093726129954, 47.916278988790879, 0.0 ], [ -91.679779766982904, 47.916280468064762, 0.0 ], [ -91.685151828925839, 47.916283208062787, 0.0 ], [ -91.690538510051724, 47.916278747362817, 0.0 ], [ -91.695925221720358, 47.916274016937251, 0.0 ], [ -91.701319092961782, 47.916269286511259, 0.0 ], [ -91.706712994745928, 47.916264306227731, 0.0 ], [ -91.706832024215998, 47.912668805980651, 0.0 ], [ -91.7069510240417, 47.909073275078221, 0.0 ], [ -91.707070043630324, 47.905477774986352, 0.0 ], [ -91.707100833386676, 47.905030915000907, 0.0 ], [ -91.706908803223342, 47.903369624824357, 0.0 ], [ -91.706839323027694, 47.901945434149972, 0.0 ], [ -91.706666941714559, 47.898413123892432, 0.0 ], [ -91.706494581062699, 47.894880783432619, 0.0 ], [ -91.706479631299729, 47.894574533549807, 0.0 ], [ -91.706468661073473, 47.892606183085917, 0.0 ], [ -91.706457591134225, 47.891348453168398, 0.0 ], [ -91.705780630617582, 47.888559952781357, 0.0 ], [ -91.705312169078383, 47.88508599197236, 0.0 ], [ -91.704394478930212, 47.881754801657017, 0.0 ], [ -91.703476797765191, 47.878423601368667, 0.0 ], [ -91.698553396695957, 47.878166541786428, 0.0 ], [ -91.693629994728383, 47.877909471891073, 0.0 ], [ -91.688706623303531, 47.87765241216799, 0.0 ], [ -91.683783232115772, 47.877395372860171, 0.0 ], [ -91.678548860346297, 47.877224243177238, 0.0 ], [ -91.673314498458296, 47.877053113531588, 0.0 ], [ -91.668080136570296, 47.876882003806578, 0.0 ], [ -91.66284574503787, 47.876710874235613, 0.0 ], [ -91.662612695103718, 47.873248383959748, 0.0 ], [ -91.662379654152716, 47.869785883466342, 0.0 ], [ -91.662146603320238, 47.866323392684201, 0.0 ], [ -91.661913532724839, 47.862860922507153, 0.0 ], [ -91.661886112549098, 47.859305241935488, 0.0 ], [ -91.661864041840886, 47.856446561703599, 0.0 ], [ -91.662019951644965, 47.856431681341483, 0.0 ], [ -91.662296281511189, 47.856444241676563, 0.0 ], [ -91.663051011876945, 47.856052621557993, 0.0 ], [ -91.663131092192941, 47.855991321471237, 0.0 ], [ -91.663208242204476, 47.855924101537227, 0.0 ], [ -91.663362522464638, 47.855757391577789, 0.0 ], [ -91.663455622064049, 47.855656781501743, 0.0 ], [ -91.663672562510229, 47.855524361169948, 0.0 ], [ -91.663767252127684, 47.855489391358709, 0.0 ], [ -91.664037232701503, 47.855340191187061, 0.0 ], [ -91.66421479190393, 47.855198681398953, 0.0 ], [ -91.664354522151427, 47.855036731048529, 0.0 ], [ -91.664382912507662, 47.854954311426823, 0.0 ], [ -91.664439912409065, 47.854822001418057, 0.0 ], [ -91.664457962258069, 47.854651041317346, 0.0 ], [ -91.664421761948759, 47.854444081184774, 0.0 ], [ -91.664451162011375, 47.854381081151097, 0.0 ], [ -91.664506062549947, 47.854319390894197, 0.0 ], [ -91.66472277212911, 47.854258401001729, 0.0 ], [ -91.664840872741195, 47.854233551126299, 0.0 ], [ -91.665258512093189, 47.854165931073787, 0.0 ], [ -91.665461352582668, 47.854105331004767, 0.0 ], [ -91.665639092346467, 47.853998621111252, 0.0 ], [ -91.665748902406804, 47.853917840634892, 0.0 ], [ -91.665897092987649, 47.853795231121779, 0.0 ], [ -91.666012842708625, 47.853412660668717, 0.0 ], [ -91.666057862677391, 47.85323895077827, 0.0 ], [ -91.666115832759331, 47.853078051015707, 0.0 ], [ -91.666157942186587, 47.852980050692828, 0.0 ], [ -91.666227972151191, 47.852889710597047, 0.0 ], [ -91.666366752879426, 47.852781240426758, 0.0 ], [ -91.666661202663263, 47.852581740391393, 0.0 ], [ -91.666824333125589, 47.852511100534528, 0.0 ], [ -91.667202162737468, 47.852294450745617, 0.0 ], [ -91.667202063024476, 47.852201370285478, 0.0 ], [ -91.667389502796709, 47.85220163069954, 0.0 ], [ -91.667407992820188, 47.852193630803249, 0.0 ], [ -91.668153142653424, 47.85170074053255, 0.0 ], [ -91.66858528350906, 47.851559330525141, 0.0 ], [ -91.668857053526906, 47.851437230243057, 0.0 ], [ -91.669064072979083, 47.851285270151223, 0.0 ], [ -91.669371242907332, 47.851128750465577, 0.0 ], [ -91.669659733267579, 47.851040290366299, 0.0 ], [ -91.670137983748418, 47.850867190425298, 0.0 ], [ -91.670558453691896, 47.850736880417223, 0.0 ], [ -91.670790103152513, 47.850693819839648, 0.0 ], [ -91.671006073418184, 47.850668789818833, 0.0 ], [ -91.671271283937827, 47.850645600221121, 0.0 ], [ -91.67176644430559, 47.850615819886762, 0.0 ], [ -91.672234253667881, 47.850514319702903, 0.0 ], [ -91.672508203896925, 47.850471960032337, 0.0 ], [ -91.672808974227095, 47.850425449836152, 0.0 ], [ -91.673317143996798, 47.850353709888218, 0.0 ], [ -91.673592584530908, 47.85030263011668, 0.0 ], [ -91.67374992445292, 47.850261909978627, 0.0 ], [ -91.673840184477726, 47.850220679811578, 0.0 ], [ -91.674024014819139, 47.850120009560293, 0.0 ], [ -91.674096264520813, 47.849972899646197, 0.0 ], [ -91.674128244544931, 47.849773139834618, 0.0 ], [ -91.674173474719481, 47.849537739892327, 0.0 ], [ -91.674328154729935, 47.849250469553837, 0.0 ], [ -91.674801784276966, 47.848995409588973, 0.0 ], [ -91.674883394423901, 47.848968849323413, 0.0 ], [ -91.675035114485496, 47.848789999719862, 0.0 ], [ -91.675060094836923, 47.848619349492459, 0.0 ], [ -91.675068034147415, 47.848565089774013, 0.0 ], [ -91.675004954448156, 47.848337849420332, 0.0 ], [ -91.674997994301336, 47.8481790094852, 0.0 ], [ -91.67505232440972, 47.848080789506639, 0.0 ], [ -91.67515865439664, 47.847975899305752, 0.0 ], [ -91.675351884709187, 47.847850209593219, 0.0 ], [ -91.675731984363779, 47.847566299315588, 0.0 ], [ -91.676012274902106, 47.847300609150587, 0.0 ], [ -91.676240864700873, 47.847060589044347, 0.0 ], [ -91.676328244726875, 47.846806419002242, 0.0 ], [ -91.676346304457368, 47.846643709346061, 0.0 ], [ -91.676322974311105, 47.846510679399117, 0.0 ], [ -91.67624596443676, 47.846411718941873, 0.0 ], [ -91.6760346142066, 47.846292039157177, 0.0 ], [ -91.675796104312141, 47.846189949334693, 0.0 ], [ -91.675345194056959, 47.846067969045038, 0.0 ], [ -91.674799454047118, 47.845999289329527, 0.0 ], [ -91.674569023600341, 47.845922179406507, 0.0 ], [ -91.674454224296909, 47.845867128897133, 0.0 ], [ -91.674341854038019, 47.84577158918767, 0.0 ], [ -91.674257714235253, 47.845712538974553, 0.0 ], [ -91.674247373728022, 47.845594519133563, 0.0 ], [ -91.674067863384792, 47.845285899096922, 0.0 ], [ -91.673957243942382, 47.845167708872481, 0.0 ], [ -91.673859843209399, 47.845050949044868, 0.0 ], [ -91.673725783127978, 47.844922358951557, 0.0 ], [ -91.673719443717019, 47.844916289005077, 0.0 ], [ -91.67345428350302, 47.844804908858308, 0.0 ], [ -91.673275913121884, 47.84465830899218, 0.0 ], [ -91.673085133413437, 47.84451120890791, 0.0 ], [ -91.67299545280197, 47.844376089262013, 0.0 ], [ -91.672891733319275, 47.844182979021568, 0.0 ], [ -91.672803613081484, 47.844067729062758, 0.0 ], [ -91.672693003520536, 47.843982508994017, 0.0 ], [ -91.672604552702737, 47.843920888965137, 0.0 ], [ -91.672481772766332, 47.843897748803123, 0.0 ], [ -91.672403743304116, 47.843883039080097, 0.0 ], [ -91.67220892297351, 47.843872749265252, 0.0 ], [ -91.671967352518877, 47.843824538980464, 0.0 ], [ -91.671827672577038, 47.843822918967497, 0.0 ], [ -91.671564452724056, 47.843810928940599, 0.0 ], [ -91.671238152273517, 47.843840719211492, 0.0 ], [ -91.671214472682621, 47.843842879428998, 0.0 ], [ -91.670896122322347, 47.843857349206282, 0.0 ], [ -91.670546072212318, 47.843943139227157, 0.0 ], [ -91.670425982730194, 47.844004509023733, 0.0 ], [ -91.670318472356996, 47.844082889103191, 0.0 ], [ -91.670207462147445, 47.844190448995633, 0.0 ], [ -91.67008427257926, 47.844279649084569, 0.0 ], [ -91.669937102484582, 47.844331649390071, 0.0 ], [ -91.669826581856881, 47.844339599252457, 0.0 ], [ -91.669680712522705, 47.844364969349698, 0.0 ], [ -91.669462062582539, 47.844506979566312, 0.0 ], [ -91.669237522389082, 47.8445131894334, 0.0 ], [ -91.669024182390572, 47.844447569187778, 0.0 ], [ -91.668945581599843, 47.844401549173632, 0.0 ], [ -91.668810831612277, 47.844381949462033, 0.0 ], [ -91.668367611834242, 47.844484609569072, 0.0 ], [ -91.668287601586826, 47.844510669312697, 0.0 ], [ -91.667951711620631, 47.844596519748713, 0.0 ], [ -91.667845342107839, 47.844604689628532, 0.0 ], [ -91.667348811809276, 47.844598699830406, 0.0 ], [ -91.667134511511733, 47.844623289650407, 0.0 ], [ -91.667022201439963, 47.844670529733108, 0.0 ], [ -91.666865751748389, 47.844736339609263, 0.0 ], [ -91.666756311793961, 47.844843589464041, 0.0 ], [ -91.666675631403336, 47.844908359729487, 0.0 ], [ -91.666646191814863, 47.844931989594187, 0.0 ], [ -91.666590491775665, 47.84501238977542, 0.0 ], [ -91.666535281318318, 47.845119089824252, 0.0 ], [ -91.666505191349557, 47.845201159725463, 0.0 ], [ -91.666450091384974, 47.845280779951743, 0.0 ], [ -91.666371961311441, 47.845235529966097, 0.0 ], [ -91.666095961126928, 47.845108299853592, 0.0 ], [ -91.665853760953283, 47.845049749889817, 0.0 ], [ -91.665664811113061, 47.845046369466168, 0.0 ], [ -91.665477151253569, 47.845063429540282, 0.0 ], [ -91.665234781298324, 47.845096210043593, 0.0 ], [ -91.665154301232036, 47.845113559489803, 0.0 ], [ -91.664982670910462, 47.845174099528087, 0.0 ], [ -91.664812801286885, 47.845497679697871, 0.0 ], [ -91.664717140590597, 47.845620609669623, 0.0 ], [ -91.664580930840671, 47.845753609946499, 0.0 ], [ -91.664399781072049, 47.845950490195847, 0.0 ], [ -91.664356951195956, 47.846102559968713, 0.0 ], [ -91.664403041058222, 47.846382050120248, 0.0 ], [ -91.664505890971739, 47.846535399739693, 0.0 ], [ -91.664517851141426, 47.846607469919242, 0.0 ], [ -91.664542040975405, 47.846698440110778, 0.0 ], [ -91.664488121397113, 47.846742809830268, 0.0 ], [ -91.664271500751184, 47.846812590010153, 0.0 ], [ -91.664136280944717, 47.846811020128968, 0.0 ], [ -91.663962191035921, 47.846835950126149, 0.0 ], [ -91.66389658078252, 47.846870890203547, 0.0 ], [ -91.663799100997764, 47.846969560406599, 0.0 ], [ -91.663689051087275, 47.847103240275757, 0.0 ], [ -91.663525160650195, 47.847226490182521, 0.0 ], [ -91.663377240462268, 47.847306169998113, 0.0 ], [ -91.663149221093676, 47.847365470395133, 0.0 ], [ -91.663045360575481, 47.847382110111489, 0.0 ], [ -91.662888190435069, 47.847408850240903, 0.0 ], [ -91.66277138070204, 47.84743391016972, 0.0 ], [ -91.66255322034371, 47.847522240172992, 0.0 ], [ -91.662243990578503, 47.847679490561553, 0.0 ], [ -91.662026140138948, 47.847892120465623, 0.0 ], [ -91.661942460273607, 47.847955300197697, 0.0 ], [ -91.661888840732615, 47.847974480174628, 0.0 ], [ -91.661820950555011, 47.847998750687502, 0.0 ], [ -91.661740000669838, 47.847997810227163, 0.0 ], [ -91.661661070197368, 47.847987560414417, 0.0 ], [ -91.66151550000221, 47.847923030315137, 0.0 ], [ -91.661396640313711, 47.847895080510099, 0.0 ], [ -91.661236120355596, 47.847874870215072, 0.0 ], [ -91.661129810131627, 47.847865000180299, 0.0 ], [ -91.66091259030938, 47.847868940477809, 0.0 ], [ -91.660725729950499, 47.847896330239642, 0.0 ], [ -91.660579880379302, 47.847921190386238, 0.0 ], [ -91.659986539540867, 47.848165110613543, 0.0 ], [ -91.659941499809165, 47.848222080590773, 0.0 ], [ -91.659781239464166, 47.848387400479083, 0.0 ], [ -91.659680760204694, 47.84858499053685, 0.0 ], [ -91.659675929963399, 47.848620490691196, 0.0 ], [ -91.655936989037286, 47.848590521104057, 0.0 ], [ -91.650602717421719, 47.84848485123873, 0.0 ], [ -91.645268515874719, 47.848380141505707, 0.0 ], [ -91.639934353853604, 47.848275441809868, 0.0 ], [ -91.634545541923856, 47.847828342618278, 0.0 ], [ -91.62915676053683, 47.847381272730161, 0.0 ], [ -91.623751108788767, 47.84739261324772, 0.0 ], [ -91.623724798032413, 47.843968862821207, 0.0 ], [ -91.618335217144775, 47.843884402855728, 0.0 ], [ -91.618324945807828, 47.840364822354793, 0.0 ], [ -91.618314705911899, 47.836845271995479, 0.0 ], [ -91.618304435473249, 47.833325691526767, 0.0 ], [ -91.618329894626726, 47.829783611175742, 0.0 ], [ -91.618355324135791, 47.826241520655202, 0.0 ], [ -91.61838078328924, 47.822699420009663, 0.0 ], [ -91.61840621279832, 47.819157339443223, 0.0 ], [ -91.618273102236131, 47.815597619284837, 0.0 ], [ -91.618139971911035, 47.812037868629417, 0.0 ], [ -91.618006871230335, 47.808478148453062, 0.0 ], [ -91.617889730018973, 47.80497225795623, 0.0 ], [ -91.614232539376985, 47.804934978193018, 0.0 ], [ -91.612366948737645, 47.804915968140122, 0.0 ], [ -91.608861417970118, 47.804880178636218, 0.0 ], [ -91.606870746808951, 47.804858058843649, 0.0 ], [ -91.603492236025971, 47.804820868899277, 0.0 ], [ -91.601489354963448, 47.804798869150318, 0.0 ], [ -91.59812305408181, 47.804761808886262, 0.0 ], [ -91.596132043357443, 47.804738089531099, 0.0 ], [ -91.592187982916002, 47.804731389800828, 0.0 ], [ -91.590735102572708, 47.804728949805153, 0.0 ], [ -91.586252940496266, 47.804721320292813, 0.0 ], [ -91.585361060742855, 47.804719110177672, 0.0 ], [ -91.581408409712338, 47.804765960617033, 0.0 ], [ -91.580503179197166, 47.804776710708033, 0.0 ], [ -91.5765638780301, 47.804823380690529, 0.0 ], [ -91.576575537264162, 47.802019470264703, 0.0 ], [ -91.576595756544577, 47.798401579594582, 0.0 ], [ -91.576639066121061, 47.794784019333221, 0.0 ], [ -91.576682375697544, 47.791166469130353, 0.0 ], [ -91.576673015252268, 47.787550068561558, 0.0 ], [ -91.576663635044085, 47.783933648132823, 0.0 ], [ -91.576654273700498, 47.780317227206098, 0.0 ], [ -91.57664488361084, 47.776700807037997, 0.0 ], [ -91.571263431578217, 47.776689267551383, 0.0 ], [ -91.565882010088316, 47.776677697877773, 0.0 ], [ -91.560500558954004, 47.776666128201668, 0.0 ], [ -91.555119106921396, 47.776654568785617, 0.0 ], [ -91.549727735691391, 47.776618218908972, 0.0 ], [ -91.544336343800154, 47.776581869006932, 0.0 ], [ -91.538944971671853, 47.776545529945878, 0.0 ], [ -91.533553580678912, 47.776509149808533, 0.0 ], [ -91.533503549907479, 47.773100129316788, 0.0 ], [ -91.52878636878981, 47.773161069710639, 0.0 ], [ -91.523422997148884, 47.773229880228428, 0.0 ], [ -91.518059505133763, 47.773294450680702, 0.0 ], [ -91.512695993355678, 47.773359011393197, 0.0 ], [ -91.507318162431957, 47.773342831527593, 0.0 ], [ -91.50194032072848, 47.773326681843223, 0.0 ], [ -91.496562609280687, 47.773310522494292, 0.0 ], [ -91.492222057625654, 47.77329753270687, 0.0 ], [ -91.491380467358468, 47.773853712580497, 0.0 ], [ -91.491191057580807, 47.774018252717887, 0.0 ], [ -91.490571657514309, 47.774556302649323, 0.0 ], [ -91.490000907508659, 47.774811083119467, 0.0 ], [ -91.488949786998077, 47.774816343239003, 0.0 ], [ -91.487437666355035, 47.774522043170471, 0.0 ], [ -91.485810205622798, 47.774090643355173, 0.0 ], [ -91.482719285088137, 47.773271243410257, 0.0 ], [ -91.480421034366927, 47.773264923592961, 0.0 ], [ -91.475039052328285, 47.773250173928531, 0.0 ], [ -91.469657071187967, 47.77323544418293, 0.0 ], [ -91.464275788936931, 47.773232964673312, 0.0 ], [ -91.458894527347155, 47.773230485163587, 0.0 ], [ -91.45369598578111, 47.773228095609177, 0.0 ], [ -91.453514345532341, 47.77334215535393, 0.0 ], [ -91.45237704604331, 47.774056295426703, 0.0 ], [ -91.451712245122351, 47.774349685918253, 0.0 ], [ -91.451138985223793, 47.774427605509374, 0.0 ], [ -91.45036753541396, 47.774484686016883, 0.0 ], [ -91.448144014642935, 47.774800876204019, 0.0 ], [ -91.448067594961728, 47.774811765914791, 0.0 ], [ -91.446308223816516, 47.775163746000423, 0.0 ], [ -91.443572703757724, 47.77583217626664, 0.0 ], [ -91.442778273246319, 47.775995776830193, 0.0 ], [ -91.442121733232725, 47.776130976703783, 0.0 ], [ -91.441639852659804, 47.776177506402007, 0.0 ], [ -91.441345042651534, 47.77614097689478, 0.0 ], [ -91.441051812779875, 47.7760021464223, 0.0 ], [ -91.440053482665277, 47.775612436545131, 0.0 ], [ -91.439718341894022, 47.775536516979663, 0.0 ], [ -91.438385002162207, 47.775397607015641, 0.0 ], [ -91.437394451457962, 47.775304077103939, 0.0 ], [ -91.437057591311273, 47.775272266741297, 0.0 ], [ -91.435564001115935, 47.775184887151418, 0.0 ], [ -91.434258930467777, 47.775184926995962, 0.0 ], [ -91.432564399719794, 47.77522949731226, 0.0 ], [ -91.432010999775528, 47.775212937090963, 0.0 ], [ -91.431439919189842, 47.775195857074472, 0.0 ], [ -91.431188079194882, 47.775159417433372, 0.0 ], [ -91.431036139046043, 47.775067717531073, 0.0 ], [ -91.430932899263709, 47.774862627196811, 0.0 ], [ -91.430761679472241, 47.774465407037027, 0.0 ], [ -91.430628829421494, 47.773909827162527, 0.0 ], [ -91.430660928921554, 47.773279306790798, 0.0 ], [ -91.426604668002796, 47.77329174719118, 0.0 ], [ -91.421238106444321, 47.77333499757291, 0.0 ], [ -91.415871535004385, 47.773378238259028, 0.0 ], [ -91.410504993208846, 47.773421478305522, 0.0 ], [ -91.405138431650371, 47.773464688733462, 0.0 ], [ -91.405127971667213, 47.772657728533098, 0.0 ], [ -91.400108649390248, 47.772666818960808, 0.0 ], [ -91.394648698076509, 47.772618339679973, 0.0 ], [ -91.389189256107557, 47.772570109696623, 0.0 ], [ -91.383739004802251, 47.772521950305673, 0.0 ], [ -91.378285632749666, 47.772469750665202, 0.0 ], [ -91.372841441479295, 47.772417631269398, 0.0 ], [ -91.367406379787141, 47.772365571591394, 0.0 ], [ -91.361980418028836, 47.772313612081867, 0.0 ], [ -91.36200626884775, 47.77590354232013, 0.0 ], [ -91.362014209056554, 47.777006932413691, 0.0 ], [ -91.362018388917576, 47.777934872586798, 0.0 ], [ -91.362025339182921, 47.77949256311485, 0.0 ], [ -91.36205893976782, 47.783080123506991, 0.0 ], [ -91.36209253047123, 47.786666833961696, 0.0 ], [ -91.356645679289286, 47.786587223998389, 0.0 ], [ -91.351207997211446, 47.786507724367077, 0.0 ], [ -91.345779465373099, 47.78642834472555, 0.0 ], [ -91.340360044248385, 47.786349135171022, 0.0 ], [ -91.334972142312026, 47.786274605626431, 0.0 ], [ -91.329593210952069, 47.786200226265677, 0.0 ], [ -91.324223288796134, 47.786125946388879, 0.0 ], [ -91.32325165840841, 47.786112526433897, 0.0 ], [ -91.320114938167308, 47.790766417471552, 0.0 ], [ -91.319988188575664, 47.790954477658047, 0.0 ], [ -91.319871508200038, 47.791127587374362, 0.0 ], [ -91.319555128743502, 47.791544427855527, 0.0 ], [ -91.319494328968432, 47.791624537781317, 0.0 ], [ -91.319097728160386, 47.792226557758781, 0.0 ], [ -91.31889935858608, 47.79261044784441, 0.0 ], [ -91.318844808390452, 47.792752547791103, 0.0 ], [ -91.318843768141363, 47.793152467685942, 0.0 ], [ -91.318841828678671, 47.793491997875897, 0.0 ], [ -91.318925578612607, 47.793718398181397, 0.0 ], [ -91.319092259216944, 47.793969798158699, 0.0 ], [ -91.31926948873766, 47.794168658180617, 0.0 ], [ -91.319397749295618, 47.794236378160718, 0.0 ], [ -91.319776679343704, 47.794482538021072, 0.0 ], [ -91.320211829555547, 47.794705088043457, 0.0 ], [ -91.320660649431048, 47.795304167825577, 0.0 ], [ -91.321076149894353, 47.795899058088438, 0.0 ], [ -91.321192749421598, 47.796613448334377, 0.0 ], [ -91.321145459410104, 47.79676494820761, 0.0 ], [ -91.321023049579608, 47.797157108236973, 0.0 ], [ -91.320707430097784, 47.797874638392287, 0.0 ], [ -91.320320269685055, 47.79838924838996, 0.0 ], [ -91.319745779992886, 47.798811688388312, 0.0 ], [ -91.319466469516527, 47.798932268782814, 0.0 ], [ -91.318809429141311, 47.79915834849902, 0.0 ], [ -91.318802869643108, 47.800306828691717, 0.0 ], [ -91.313491667662319, 47.800230899329392, 0.0 ], [ -91.308189256594929, 47.800155129761087, 0.0 ], [ -91.302895595118386, 47.800079460249393, 0.0 ], [ -91.297610673351258, 47.800003940274777, 0.0 ], [ -91.294738642606944, 47.799945370794319, 0.0 ], [ -91.294363072258008, 47.799764860547327, 0.0 ], [ -91.294240362390198, 47.799713460636681, 0.0 ], [ -91.294141361757681, 47.799626300739639, 0.0 ], [ -91.294150202078384, 47.799511180516589, 0.0 ], [ -91.294173292374467, 47.799390200792203, 0.0 ], [ -91.294352912312135, 47.799163120396763, 0.0 ], [ -91.294584432415377, 47.798836770581637, 0.0 ], [ -91.294637512068888, 47.798603040348709, 0.0 ], [ -91.294569192496596, 47.798423770324611, 0.0 ], [ -91.294408441671436, 47.798195810116802, 0.0 ], [ -91.294171001670477, 47.798024920467249, 0.0 ], [ -91.293939991810333, 47.797928830433058, 0.0 ], [ -91.293691321970002, 47.797882710025959, 0.0 ], [ -91.29316938192531, 47.797833650211842, 0.0 ], [ -91.292601590970207, 47.797727750251191, 0.0 ], [ -91.292320051773643, 47.797709920310027, 0.0 ], [ -91.292270330920971, 47.797718960495857, 0.0 ], [ -91.292067111342462, 47.797755880354671, 0.0 ], [ -91.291780181355875, 47.797897660286061, 0.0 ], [ -91.29146235112016, 47.798106740806887, 0.0 ], [ -91.291350510867275, 47.798162560681909, 0.0 ], [ -91.290548780645878, 47.798671960810722, 0.0 ], [ -91.290008490714868, 47.798997510911427, 0.0 ], [ -91.289844350546161, 47.799198560835279, 0.0 ], [ -91.289766130641112, 47.799374140661158, 0.0 ], [ -91.289648970565111, 47.799585720647237, 0.0 ], [ -91.289564510962109, 47.799656021036121, 0.0 ], [ -91.289434151041348, 47.79984221103841, 0.0 ], [ -91.286900919906429, 47.799792631116901, 0.0 ], [ -91.284911749830087, 47.799745721280857, 0.0 ], [ -91.284900519092389, 47.799475740894763, 0.0 ], [ -91.284998029419867, 47.799061051291837, 0.0 ], [ -91.285107679580065, 47.798674880819561, 0.0 ], [ -91.285161639582554, 47.798431001287867, 0.0 ], [ -91.285169418992922, 47.79820839119057, 0.0 ], [ -91.285001519374731, 47.797973751159752, 0.0 ], [ -91.284843949484014, 47.797852641132557, 0.0 ], [ -91.284528808804239, 47.797717710764601, 0.0 ], [ -91.283938498881597, 47.797690710890457, 0.0 ], [ -91.283433048312247, 47.797657551045482, 0.0 ], [ -91.282979638943957, 47.797686341354478, 0.0 ], [ -91.282569178029391, 47.797744440885673, 0.0 ], [ -91.282096657901732, 47.797821210856249, 0.0 ], [ -91.281656037848137, 47.797924810912917, 0.0 ], [ -91.281642198402878, 47.79792662123581, 0.0 ], [ -91.281299147965541, 47.797971531102448, 0.0 ], [ -91.28092585754078, 47.797974611062351, 0.0 ], [ -91.280635267817757, 47.797936951540471, 0.0 ], [ -91.280073597982977, 47.797956081214792, 0.0 ], [ -91.279492597301612, 47.798100871156777, 0.0 ], [ -91.27909449720535, 47.798215421239057, 0.0 ], [ -91.278566487244291, 47.798506331656817, 0.0 ], [ -91.277990667147165, 47.798868121797717, 0.0 ], [ -91.277725537475902, 47.799080431578147, 0.0 ], [ -91.277427816926121, 47.799388821968449, 0.0 ], [ -91.276318026546022, 47.799363051534527, 0.0 ], [ -91.276353226132102, 47.79754045138322, 0.0 ], [ -91.276379036526862, 47.795971721198313, 0.0 ], [ -91.276413546206811, 47.794028641116363, 0.0 ], [ -91.276420485692384, 47.792486951130677, 0.0 ], [ -91.276478625555882, 47.790390790553893, 0.0 ], [ -91.276518675146193, 47.788946840092393, 0.0 ], [ -91.276574145216685, 47.786947880336179, 0.0 ], [ -91.276581064939307, 47.785405409898821, 0.0 ], [ -91.276573704143871, 47.783338589504098, 0.0 ], [ -91.276568493915221, 47.781875879163699, 0.0 ], [ -91.276561253494037, 47.779843668818089, 0.0 ], [ -91.276555913907984, 47.778345569097773, 0.0 ], [ -91.276548783081267, 47.776344168406538, 0.0 ], [ -91.276543333002436, 47.774814388428197, 0.0 ], [ -91.276536372855617, 47.772865588430058, 0.0 ], [ -91.273765081882189, 47.772869758406522, 0.0 ], [ -91.27116220077005, 47.772888008615389, 0.0 ], [ -91.268398680223839, 47.772905668972193, 0.0 ], [ -91.264978039352371, 47.772932769264649, 0.0 ], [ -91.263034998664182, 47.77296260927357, 0.0 ], [ -91.257671346748907, 47.773045019675031, 0.0 ], [ -91.2523206754895, 47.773219779862451, 0.0 ], [ -91.246970043755951, 47.773394530406641, 0.0 ], [ -91.241619372496544, 47.77356927070403, 0.0 ], [ -91.236268710220273, 47.773744041204033, 0.0 ], [ -91.234041969887272, 47.773755121308412, 0.0 ], [ -91.230904669334492, 47.773775761339643, 0.0 ], [ -91.230013908881901, 47.773781631926177, 0.0 ], [ -91.225540657194799, 47.773820361842397, 0.0 ], [ -91.220186026161628, 47.773922332613772, 0.0 ], [ -91.214831364585706, 47.774024292921958, 0.0 ], [ -91.209467683026034, 47.774064373174788, 0.0 ], [ -91.204104000568051, 47.77410445339666, 0.0 ], [ -91.202757050461358, 47.77410568377308, 0.0 ], [ -91.199589219765343, 47.774111963642852, 0.0 ], [ -91.198735159085373, 47.774115613718671, 0.0 ], [ -91.193366287958312, 47.774138664249541, 0.0 ], [ -91.188023296396267, 47.77417052481043, 0.0 ], [ -91.182680314715682, 47.774202375088628, 0.0 ], [ -91.177337323153651, 47.774234235610443, 0.0 ], [ -91.171994341473052, 47.774266096112783, 0.0 ], [ -91.166640580009073, 47.774292676501013, 0.0 ], [ -91.161286818545065, 47.77431922668989, 0.0 ], [ -91.155933056182775, 47.774345796787813, 0.0 ], [ -91.150579294718767, 47.774372347553289, 0.0 ], [ -91.147722264043082, 47.774374747921982, 0.0 ], [ -91.145237612900416, 47.774322267602713, 0.0 ], [ -91.141009541997065, 47.774232947884059, 0.0 ], [ -91.139895951743298, 47.774232767976677, 0.0 ], [ -91.134541070080161, 47.774261988430979, 0.0 ], [ -91.129186198298484, 47.774291199209429, 0.0 ], [ -91.12383563663353, 47.774296449118367, 0.0 ], [ -91.118485095629836, 47.774301669444768, 0.0 ], [ -91.11313452318511, 47.774306890374348, 0.0 ], [ -91.107783992062878, 47.774312130622278, 0.0 ], [ -91.102451480246927, 47.774324491085189, 0.0 ], [ -91.097118968430976, 47.774336871467767, 0.0 ], [ -91.097103979142162, 47.777950811969149, 0.0 ], [ -91.097088989853333, 47.78156474213737, 0.0 ], [ -91.09707400056449, 47.785178182675587, 0.0 ], [ -91.097059011275661, 47.788791623113418, 0.0 ], [ -91.097061351386984, 47.792406723643857, 0.0 ], [ -91.097063661853895, 47.796021824347797, 0.0 ], [ -91.097065983100578, 47.799636044784457, 0.0 ], [ -91.097068293567489, 47.80325028532976, 0.0 ], [ -91.097089663589784, 47.80686699547887, 0.0 ], [ -91.09171255221662, 47.806868996144708, 0.0 ], [ -91.086335460606364, 47.806870756682287, 0.0 ], [ -91.086367030998716, 47.810486686864088, 0.0 ], [ -91.086398622052329, 47.814102657274681, 0.0 ], [ -91.091765513292515, 47.814101427241688, 0.0 ], [ -91.097132405431012, 47.814099926951322, 0.0 ], [ -91.102499276908247, 47.814098416405542, 0.0 ], [ -91.102515527431734, 47.817714886929338, 0.0 ], [ -91.102550537473306, 47.821331767244857, 0.0 ], [ -91.102585548413188, 47.824948537924598, 0.0 ], [ -91.102620559353085, 47.828565058423131, 0.0 ], [ -91.102655569394656, 47.832181438497052, 0.0 ], [ -91.097289627673717, 47.832180328897927, 0.0 ], [ -91.096774967576081, 47.832180239044533, 0.0 ], [ -91.097062238024151, 47.832358129191498, 0.0 ], [ -91.097290938315709, 47.832570189312328, 0.0 ], [ -91.097401087939218, 47.832672329457402, 0.0 ], [ -91.097836628019891, 47.833109139491299, 0.0 ], [ -91.09793574812835, 47.833190089266907, 0.0 ], [ -91.098023588091763, 47.833364699091327, 0.0 ], [ -91.098116778421016, 47.833652389074949, 0.0 ], [ -91.098366059115733, 47.834480229698919, 0.0 ], [ -91.098452238992536, 47.834883949339279, 0.0 ], [ -91.098505908839158, 47.835797839730454, 0.0 ], [ -91.098541489310946, 47.836403679711459, 0.0 ], [ -91.098709679084962, 47.836932169844488, 0.0 ], [ -91.0989767994229, 47.837333609823887, 0.0 ], [ -91.099158729827508, 47.837512230001117, 0.0 ], [ -91.099518869814801, 47.837681929694739, 0.0 ], [ -91.099892969621592, 47.837758889665999, 0.0 ], [ -91.100461959827626, 47.837790469432633, 0.0 ], [ -91.101519179898986, 47.837797239667083, 0.0 ], [ -91.102178380722449, 47.837778369475473, 0.0 ], [ -91.102340650598748, 47.837740069507582, 0.0 ], [ -91.102512420159172, 47.837840099306817, 0.0 ], [ -91.10272525081291, 47.837964029673337, 0.0 ], [ -91.103157200327388, 47.838231259416673, 0.0 ], [ -91.103513321252109, 47.838300799607602, 0.0 ], [ -91.103897401341726, 47.838364939496081, 0.0 ], [ -91.10406695116508, 47.838516809614248, 0.0 ], [ -91.104150251043052, 47.838680459464662, 0.0 ], [ -91.104126480722329, 47.838781729561433, 0.0 ], [ -91.104044160906312, 47.838938129737812, 0.0 ], [ -91.103834821105764, 47.83900778957404, 0.0 ], [ -91.103691610784864, 47.839018439720171, 0.0 ], [ -91.10336989084395, 47.83900811939516, 0.0 ], [ -91.102973700565997, 47.839006349696753, 0.0 ], [ -91.102605900644264, 47.8390456695466, 0.0 ], [ -91.102142070818672, 47.839240399772883, 0.0 ], [ -91.101407210288698, 47.839358719873687, 0.0 ], [ -91.100823640425631, 47.839393560072921, 0.0 ], [ -91.100120299982351, 47.839381919944557, 0.0 ], [ -91.099680299766291, 47.839349829836777, 0.0 ], [ -91.099266989395659, 47.839319690284867, 0.0 ], [ -91.098730089706535, 47.839250670005953, 0.0 ], [ -91.098255189043371, 47.839146600065853, 0.0 ], [ -91.097656079224194, 47.838963369824633, 0.0 ], [ -91.097311999317554, 47.838841980330422, 0.0 ], [ -91.097252018806032, 47.838820819851563, 0.0 ], [ -91.096857038558753, 47.838559619819073, 0.0 ], [ -91.096551098424115, 47.838194250145683, 0.0 ], [ -91.09624483848927, 47.837666659850349, 0.0 ], [ -91.09602368853767, 47.836907589644483, 0.0 ], [ -91.095904457844952, 47.836343919963561, 0.0 ], [ -91.095912608259525, 47.835797139646331, 0.0 ], [ -91.095917887658459, 47.835442799985827, 0.0 ], [ -91.095961178370317, 47.835127719820782, 0.0 ], [ -91.095948228257171, 47.834953709894428, 0.0 ], [ -91.095833038186598, 47.834811769404517, 0.0 ], [ -91.095536887891939, 47.834615099542582, 0.0 ], [ -91.095093277346749, 47.834273209574661, 0.0 ], [ -91.094582617447088, 47.833806379350307, 0.0 ], [ -91.094223597658953, 47.833383139722422, 0.0 ], [ -91.094025016980567, 47.83310631971257, 0.0 ], [ -91.093860806743251, 47.832712409712563, 0.0 ], [ -91.093716227389862, 47.832396719576273, 0.0 ], [ -91.093560967067731, 47.832179569666771, 0.0 ], [ -91.09192370661404, 47.832179199398382, 0.0 ], [ -91.08655775501164, 47.832178100050918, 0.0 ], [ -91.081190872754604, 47.83217375030133, 0.0 ], [ -91.075824011158829, 47.832169371002259, 0.0 ], [ -91.070457119918657, 47.832164991099752, 0.0 ], [ -91.065090228678486, 47.832160611196869, 0.0 ], [ -91.059719006660302, 47.832166001800118, 0.0 ], [ -91.054347805303394, 47.832171372502351, 0.0 ], [ -91.048976583285224, 47.832176742600993, 0.0 ], [ -91.043605391809763, 47.832182142851281, 0.0 ], [ -91.038236749753096, 47.83217915356709, 0.0 ], [ -91.032868138239152, 47.83217618358011, 0.0 ], [ -91.030799678364247, 47.83217593392029, 0.0 ], [ -91.029147557080819, 47.832176193831849, 0.0 ], [ -91.027495416932766, 47.8321763041887, 0.0 ], [ -91.021794074827483, 47.832177644753401, 0.0 ], [ -91.021790165359349, 47.831168164401987, 0.0 ], [ -91.016300963103362, 47.831168564830357, 0.0 ], [ -91.01093244142092, 47.831168485227138, 0.0 ], [ -91.005568820048367, 47.831188795504737, 0.0 ], [ -91.000205238201701, 47.831209085873553, 0.0 ], [ -90.994841967172121, 47.831216026424997, 0.0 ], [ -90.989478705125691, 47.831222966975503, 0.0 ], [ -90.984115434096097, 47.831229906922047, 0.0 ], [ -90.978752172049667, 47.831236847470699, 0.0 ], [ -90.973409400574866, 47.831232147870892, 0.0 ], [ -90.968066638981512, 47.831227418117919, 0.0 ], [ -90.962723877388171, 47.831222718517203, 0.0 ], [ -90.95738110591337, 47.831218018916118, 0.0 ], [ -90.952034143797761, 47.831213929605433, 0.0 ], [ -90.946687161919243, 47.831209819790637, 0.0 ], [ -90.941340200701944, 47.83120573047934, 0.0 ], [ -90.935993208941937, 47.831201640564679, 0.0 ], [ -90.930613527488745, 47.831186520782992, 0.0 ], [ -90.92523387567995, 47.831171411248803, 0.0 ], [ -90.919854194226744, 47.831156261908617, 0.0 ], [ -90.914474542417963, 47.83114115236561, 0.0 ], [ -90.909103990542988, 47.831133502611273, 0.0 ], [ -90.90373347909221, 47.83112583295501, 0.0 ], [ -90.898361437810507, 47.831120943382693, 0.0 ], [ -90.893863486046342, 47.831106923550713, 0.0 ], [ -90.893880987024701, 47.834727384379327, 0.0 ], [ -90.89389848710475, 47.838347844658529, 0.0 ], [ -90.893915988083123, 47.841965585127589, 0.0 ], [ -90.893933458518774, 47.845583325327311, 0.0 ], [ -90.893936129210104, 47.849198395809672, 0.0 ], [ -90.893938790019973, 47.852813466295871, 0.0 ], [ -90.893941460711318, 47.856434847042848, 0.0 ], [ -90.893944120622876, 47.860056227416678, 0.0 ], [ -90.894067541956389, 47.86366043830526, 0.0 ], [ -90.892855831419084, 47.86469921841816, 0.0 ], [ -90.892863681796371, 47.864728828547563, 0.0 ], [ -90.892893941546703, 47.86486885809903, 0.0 ], [ -90.892886521462472, 47.864990188492932, 0.0 ], [ -90.892863091603218, 47.865052748349299, 0.0 ], [ -90.892771721260729, 47.865100558622743, 0.0 ], [ -90.892711161335853, 47.865130938119712, 0.0 ], [ -90.892619351717187, 47.865210238472862, 0.0 ], [ -90.892550171558838, 47.865267448265158, 0.0 ], [ -90.892557931206255, 47.865344078636682, 0.0 ], [ -90.892573571773667, 47.865411848636342, 0.0 ], [ -90.892535001708637, 47.865456128218533, 0.0 ], [ -90.892444081422099, 47.865472458391622, 0.0 ], [ -90.892367431772158, 47.865466548143573, 0.0 ], [ -90.892298591176981, 47.865474288657957, 0.0 ], [ -90.892260851155285, 47.865518578431939, 0.0 ], [ -90.892291421722703, 47.865568628344043, 0.0 ], [ -90.892192141714133, 47.865584808420621, 0.0 ], [ -90.89207022146546, 47.865582568352941, 0.0 ], [ -90.891803111008997, 47.865636148551303, 0.0 ], [ -90.891726461359056, 47.865630238321927, 0.0 ], [ -90.891680660754304, 47.865543918281347, 0.0 ], [ -90.891627701475045, 47.865448468457387, 0.0 ], [ -90.891626100677215, 47.865446218741333, 0.0 ], [ -90.891563671358227, 47.865358838320027, 0.0 ], [ -90.891544141085632, 47.865326348449308, 0.0 ], [ -90.891520510902083, 47.865302348202277, 0.0 ], [ -90.891414270746694, 47.865264348190188, 0.0 ], [ -90.89134425066355, 47.865299668784672, 0.0 ], [ -90.891299670869273, 47.865334768782411, 0.0 ], [ -90.89126867090711, 47.865464098346457, 0.0 ], [ -90.891277061171877, 47.865515438596667, 0.0 ], [ -90.891299460663475, 47.865649388258127, 0.0 ], [ -90.891375191336891, 47.865925218632633, 0.0 ], [ -90.891401690739457, 47.866005868308903, 0.0 ], [ -90.891421310843569, 47.866065538442243, 0.0 ], [ -90.891452111379721, 47.866192078334883, 0.0 ], [ -90.891459420971188, 47.866300188392067, 0.0 ], [ -90.89149772154164, 47.866386368564768, 0.0 ], [ -90.891573851067008, 47.866446258827963, 0.0 ], [ -90.891665631041278, 47.866470438736037, 0.0 ], [ -90.891764831099792, 47.866476758667751, 0.0 ], [ -90.891810551754503, 47.866441608821177, 0.0 ], [ -90.891817651140187, 47.866369748807053, 0.0 ], [ -90.891879421095751, 47.866330398445037, 0.0 ], [ -90.891955701538109, 47.866345288621709, 0.0 ], [ -90.892054201809003, 47.866410088682493, 0.0 ], [ -90.892085131702558, 47.866451148686892, 0.0 ], [ -90.892092571549739, 47.866473778591363, 0.0 ], [ -90.892107631805459, 47.86651454867355, 0.0 ], [ -90.892176971863933, 47.866556308866869, 0.0 ], [ -90.892275441592119, 47.866580618894517, 0.0 ], [ -90.892398211647063, 47.866582868561331, 0.0 ], [ -90.892459571970861, 47.86659610862899, 0.0 ], [ -90.89248934124106, 47.866602538829071, 0.0 ], [ -90.8925578512562, 47.866644288706567, 0.0 ], [ -90.892649671654652, 47.866708958825619, 0.0 ], [ -90.892756631360584, 47.86679190876724, 0.0 ], [ -90.892802411304089, 47.866837738366272, 0.0 ], [ -90.892756251373228, 47.866904378874743, 0.0 ], [ -90.892649451567408, 47.866920408477228, 0.0 ], [ -90.892558351617808, 47.866941228452028, 0.0 ], [ -90.892482091836726, 47.866966828548478, 0.0 ], [ -90.892374831195141, 47.86697384868576, 0.0 ], [ -90.892373111819708, 47.866973368382808, 0.0 ], [ -90.892237651264765, 47.866935338861182, 0.0 ], [ -90.892130441827163, 47.866879388618798, 0.0 ], [ -90.8919091813828, 47.866812338885289, 0.0 ], [ -90.891772321252645, 47.866827818908327, 0.0 ], [ -90.891703661218827, 47.866831058702317, 0.0 ], [ -90.891642821019573, 47.866888428815749, 0.0 ], [ -90.891642231724774, 47.866964898899496, 0.0 ], [ -90.891680340954053, 47.867055578464907, 0.0 ], [ -90.891688381774173, 47.867145698624988, 0.0 ], [ -90.891749401636474, 47.867227808998862, 0.0 ], [ -90.891817921533089, 47.867269558975373, 0.0 ], [ -90.891940351126536, 47.867321298791857, 0.0 ], [ -90.892092481718194, 47.867382578853679, 0.0 ], [ -90.892191711421134, 47.86742938901741, 0.0 ], [ -90.892359491563354, 47.867454968985882, 0.0 ], [ -90.892504631465499, 47.867462128867842, 0.0 ], [ -90.892580731346484, 47.867481518577733, 0.0 ], [ -90.892710771467009, 47.867654868589298, 0.0 ], [ -90.892848061890192, 47.867855348958138, 0.0 ], [ -90.893015421620888, 47.868056378748953, 0.0 ], [ -90.89308473203495, 47.868161128900383, 0.0 ], [ -90.893206381890721, 47.868293828512883, 0.0 ], [ -90.893313532039514, 47.86837227854793, 0.0 ], [ -90.893374522257403, 47.868413888999513, 0.0 ], [ -90.893381812085948, 47.86848150854852, 0.0 ], [ -90.893343822332568, 47.868552798569247, 0.0 ], [ -90.893229511712676, 47.868568698701189, 0.0 ], [ -90.8931221621379, 47.868598218637658, 0.0 ], [ -90.893038572104089, 47.868619178951462, 0.0 ], [ -90.893015502469282, 47.868672738534819, 0.0 ], [ -90.893008152453604, 47.868771589019033, 0.0 ], [ -90.892931801942666, 47.868923148950017, 0.0 ], [ -90.892847332458189, 47.869007078815613, 0.0 ], [ -90.892824762286679, 47.869110139124501, 0.0 ], [ -90.892855822435934, 47.869209689010283, 0.0 ], [ -90.892916382360823, 47.869282788877619, 0.0 ], [ -90.893031272394097, 47.869293888984487, 0.0 ], [ -90.893191342296234, 47.869283339062108, 0.0 ], [ -90.893320612560572, 47.869290208835302, 0.0 ], [ -90.893481132518687, 47.869392129044819, 0.0 ], [ -90.893499712373711, 47.869419908776862, 0.0 ], [ -90.893527372399632, 47.869460918790708, 0.0 ], [ -90.893598372544758, 47.869530878711679, 0.0 ], [ -90.893718572519646, 47.869635198634178, 0.0 ], [ -90.893802042179217, 47.869671528630278, 0.0 ], [ -90.893840272681075, 47.869727008838517, 0.0 ], [ -90.893824092226168, 47.869781808645243, 0.0 ], [ -90.893769842067869, 47.869857818890608, 0.0 ], [ -90.893687062314442, 47.869940569151623, 0.0 ], [ -90.893563612234828, 47.87002894879852, 0.0 ], [ -90.89349688268058, 47.87006743884902, 0.0 ], [ -90.893359642563041, 47.87009180929789, 0.0 ], [ -90.893241942599573, 47.870127109127267, 0.0 ], [ -90.893192182221043, 47.870159498969898, 0.0 ], [ -90.89311512204101, 47.870240478911292, 0.0 ], [ -90.893106162244379, 47.870405089246113, 0.0 ], [ -90.893145962103034, 47.870492819103177, 0.0 ], [ -90.893160922645777, 47.870564578793143, 0.0 ], [ -90.893114122216119, 47.87065026919597, 0.0 ], [ -90.89306888216008, 47.87068906912166, 0.0 ], [ -90.892955852537781, 47.870723289296663, 0.0 ], [ -90.892557752441519, 47.870720439022293, 0.0 ], [ -90.892352941946626, 47.870779939219688, 0.0 ], [ -90.892216451922351, 47.870750779069702, 0.0 ], [ -90.892100201839753, 47.870703079462302, 0.0 ], [ -90.891970551588074, 47.870686729243737, 0.0 ], [ -90.891849072412199, 47.870720878916643, 0.0 ], [ -90.891702791649649, 47.870727059130679, 0.0 ], [ -90.891589011934073, 47.870707089130697, 0.0 ], [ -90.891520051862969, 47.870696819100218, 0.0 ], [ -90.891329471580491, 47.870738308974317, 0.0 ], [ -90.891146182024869, 47.870847419495533, 0.0 ], [ -90.890978281508382, 47.870947809070998, 0.0 ], [ -90.890909642135838, 47.870991539180793, 0.0 ], [ -90.890810881353502, 47.871097699487819, 0.0 ], [ -90.890779471759586, 47.871288299154799, 0.0 ], [ -90.890742131488167, 47.871514839361893, 0.0 ], [ -90.890711521394877, 47.871671739203393, 0.0 ], [ -90.890711581581996, 47.871896689329837, 0.0 ], [ -90.890726221426178, 47.872009439405957, 0.0 ], [ -90.890848671680871, 47.872061179311288, 0.0 ], [ -90.890917002032964, 47.872107419427849, 0.0 ], [ -90.890932271596157, 47.872184189728628, 0.0 ], [ -90.890879242248303, 47.872255199278321, 0.0 ], [ -90.890757401949699, 47.87227094943789, 0.0 ], [ -90.890589001969886, 47.872321849693279, 0.0 ], [ -90.890558411639518, 47.872375269267977, 0.0 ], [ -90.890532621906033, 47.87239939940909, 0.0 ], [ -90.890459361599682, 47.872467929671608, 0.0 ], [ -90.890360291796881, 47.872520099357118, 0.0 ], [ -90.8903073019749, 47.872528119617598, 0.0 ], [ -90.890039591443823, 47.872554689508434, 0.0 ], [ -90.889643431708578, 47.872574399689881, 0.0 ], [ -90.889223151309636, 47.872611659806047, 0.0 ], [ -90.889001921407981, 47.872625589484727, 0.0 ], [ -90.888880371265202, 47.872654849811923, 0.0 ], [ -90.888803661428142, 47.872711919423807, 0.0 ], [ -90.888788781733794, 47.872810629638323, 0.0 ], [ -90.888788731428136, 47.872873609687893, 0.0 ], [ -90.888926051495716, 47.872970619747733, 0.0 ], [ -90.889093361819079, 47.873090670002718, 0.0 ], [ -90.889261761798863, 47.873183749718507, 0.0 ], [ -90.889421821819568, 47.873276669587277, 0.0 ], [ -90.889574331500285, 47.873328959574053, 0.0 ], [ -90.889688681646064, 47.873353559873877, 0.0 ], [ -90.889841711451339, 47.873351879924321, 0.0 ], [ -90.889955821746923, 47.873299989461273, 0.0 ], [ -90.890253612365314, 47.873273969492153, 0.0 ], [ -90.890619452163065, 47.873280689902721, 0.0 ], [ -90.890749122177724, 47.873319069679042, 0.0 ], [ -90.890855871677886, 47.873366019698928, 0.0 ], [ -90.89099379182008, 47.873386549661419, 0.0 ], [ -90.89140524267809, 47.873587569446073, 0.0 ], [ -90.891718392691189, 47.873759779478512, 0.0 ], [ -90.891962082271561, 47.873872229644853, 0.0 ], [ -90.892054253012972, 47.873887419536373, 0.0 ], [ -90.892191123024617, 47.873871939814279, 0.0 ], [ -90.892305442627674, 47.873856049745193, 0.0 ], [ -90.892397142651873, 47.873862229585278, 0.0 ], [ -90.892451102654363, 47.873912709499862, 0.0 ], [ -90.892442912713904, 47.874011539746093, 0.0 ], [ -90.892412212789083, 47.874046959827012, 0.0 ], [ -90.892405202336604, 47.874096319410533, 0.0 ], [ -90.892385743030914, 47.874185019759977, 0.0 ], [ -90.892381592814303, 47.874203709799112, 0.0 ], [ -90.892351553151201, 47.874261879776178, 0.0 ], [ -90.892236962256945, 47.874331629553218, 0.0 ], [ -90.892123002878307, 47.874397069782759, 0.0 ], [ -90.892024722694643, 47.874412999454442, 0.0 ], [ -90.891938462867799, 47.874409159389927, 0.0 ], [ -90.889206311491321, 47.874287479871967, 0.0 ], [ -90.886209431092183, 47.874153980349099, 0.0 ], [ -90.886278130651846, 47.874078119813227, 0.0 ], [ -90.886453580609995, 47.874018370328862, 0.0 ], [ -90.886590800964584, 47.873953409859318, 0.0 ], [ -90.886744050857118, 47.873843759959442, 0.0 ], [ -90.886858040778449, 47.873733380127483, 0.0 ], [ -90.886904290540869, 47.873644249981432, 0.0 ], [ -90.886934570952462, 47.873536839753953, 0.0 ], [ -90.886926720575204, 47.873442209674351, 0.0 ], [ -90.886873401071512, 47.873355750195408, 0.0 ], [ -90.886789351100262, 47.873264219984357, 0.0 ], [ -90.886606060646315, 47.873198280001887, 0.0 ], [ -90.886591640889378, 47.87319309974, 0.0 ], [ -90.886408090822314, 47.873225710013173, 0.0 ], [ -90.886019260441472, 47.873250039810067, 0.0 ], [ -90.885690490522222, 47.873297970265817, 0.0 ], [ -90.885553620510592, 47.873313450159422, 0.0 ], [ -90.885515480738576, 47.873326240199603, 0.0 ], [ -90.885454250670492, 47.873352110103887, 0.0 ], [ -90.885446470361813, 47.873378959764587, 0.0 ], [ -90.885446670686122, 47.873414950303157, 0.0 ], [ -90.885499950663927, 47.873420430016957, 0.0 ], [ -90.885607220288648, 47.87341341015037, 0.0 ], [ -90.885683230338103, 47.87341480990581, 0.0 ], [ -90.885683250999364, 47.8734552997592, 0.0 ], [ -90.885622220357263, 47.873517160066683, 0.0 ], [ -90.885530580520182, 47.87359196031278, 0.0 ], [ -90.885439320670471, 47.873698250266287, 0.0 ], [ -90.885428400749873, 47.873717180299927, 0.0 ], [ -90.885385360667982, 47.87379173983615, 0.0 ], [ -90.885340280512082, 47.873831400274078, 0.0 ], [ -90.885340120611957, 47.873876390310187, 0.0 ], [ -90.885324490824331, 47.873952580137761, 0.0 ], [ -90.885428750194521, 47.874020459995329, 0.0 ], [ -90.885431160374438, 47.874022030257912, 0.0 ], [ -90.885553520797586, 47.874096270000933, 0.0 ], [ -90.885599380691175, 47.874119609993002, 0.0 ], [ -90.88561857050226, 47.874136879832903, 0.0 ], [ -90.885428880450235, 47.87413497033517, 0.0 ], [ -90.884772460810879, 47.874121990087083, 0.0 ], [ -90.884698850161556, 47.874044530319829, 0.0 ], [ -90.884592550717358, 47.873966090076102, 0.0 ], [ -90.884370709961303, 47.873912510053238, 0.0 ], [ -90.884089110577605, 47.873848829888097, 0.0 ], [ -90.883867639927473, 47.87378626016158, 0.0 ], [ -90.883753090355697, 47.873725660128471, 0.0 ], [ -90.883684089860409, 47.873634410159127, 0.0 ], [ -90.883653530072763, 47.8735843602025, 0.0 ], [ -90.88366916974185, 47.873508160192529, 0.0 ], [ -90.883745499591555, 47.873419590043312, 0.0 ], [ -90.884004800094957, 47.87327140015357, 0.0 ], [ -90.884096449813484, 47.87319661029089, 0.0 ], [ -90.884118790016288, 47.873161029948548, 0.0 ], [ -90.88411169961374, 47.873088920146778, 0.0 ], [ -90.884050340188267, 47.873056289902813, 0.0 ], [ -90.883966820223051, 47.873054750341907, 0.0 ], [ -90.88393563969953, 47.873072389910703, 0.0 ], [ -90.883928310345141, 47.873076539794027, 0.0 ], [ -90.88387524955624, 47.873107050193703, 0.0 ], [ -90.883798899943613, 47.873155130218322, 0.0 ], [ -90.883668889467486, 47.873166230098327, 0.0 ], [ -90.883593149810949, 47.873137840166478, 0.0 ], [ -90.883529509562948, 47.873134700190263, 0.0 ], [ -90.883448000027329, 47.873130670222388, 0.0 ], [ -90.883424739949689, 47.873180510321582, 0.0 ], [ -90.883402210202362, 47.873228799970917, 0.0 ], [ -90.883287819632386, 47.873307670356972, 0.0 ], [ -90.883180649720686, 47.873332690051868, 0.0 ], [ -90.883160259760359, 47.873346609895677, 0.0 ], [ -90.883097250129694, 47.873389640212153, 0.0 ], [ -90.88311496939869, 47.873415210008091, 0.0 ], [ -90.883135140170069, 47.87344432045375, 0.0 ], [ -90.883211269695465, 47.873504220035578, 0.0 ], [ -90.883234239617266, 47.873576620296767, 0.0 ], [ -90.88329522983517, 47.873618240428719, 0.0 ], [ -90.883417009946655, 47.873665480009308, 0.0 ], [ -90.883440340092903, 47.873728890452902, 0.0 ], [ -90.883470350111608, 47.873792430369143, 0.0 ], [ -90.883531839792795, 47.873883540266647, 0.0 ], [ -90.883608440035403, 47.873952440344439, 0.0 ], [ -90.883715190433875, 47.873999400033952, 0.0 ], [ -90.883859890161517, 47.874038060069253, 0.0 ], [ -90.884028070054057, 47.874054660496348, 0.0 ], [ -90.884157190299746, 47.874106530319352, 0.0 ], [ -90.884163150621646, 47.874109940181633, 0.0 ], [ -90.883975700069627, 47.874106230246689, 0.0 ], [ -90.883717840463959, 47.874101140458933, 0.0 ], [ -90.881100199133371, 47.874049420666992, 0.0 ], [ -90.879063509076815, 47.874009130724161, 0.0 ], [ -90.878745059003535, 47.874006040812937, 0.0 ], [ -90.873514446683529, 47.873955350696711, 0.0 ], [ -90.873423856078716, 47.870391580187203, 0.0 ], [ -90.873333296016597, 47.866827809868703, 0.0 ], [ -90.873242725174705, 47.863264039788888, 0.0 ], [ -90.873152134569864, 47.859700239256327, 0.0 ], [ -90.867810982757547, 47.859773739483153, 0.0 ], [ -90.862469791419315, 47.859847239605777, 0.0 ], [ -90.857128609962558, 47.859920740226883, 0.0 ], [ -90.85178741862434, 47.859994230497563, 0.0 ], [ -90.846426296364911, 47.860038901050608, 0.0 ], [ -90.841065134579623, 47.860083541429269, 0.0 ], [ -90.835703983574092, 47.860128201659172, 0.0 ], [ -90.830342831670251, 47.86017287209679, 0.0 ], [ -90.830303241119054, 47.856558041621753, 0.0 ], [ -90.830263620923461, 47.852943211083293, 0.0 ], [ -90.830224009711003, 47.849328380530821, 0.0 ], [ -90.830184389515395, 47.845713550013933, 0.0 ], [ -90.824791507319091, 47.845775270403713, 0.0 ], [ -90.819398626021126, 47.845836981073852, 0.0 ], [ -90.817877575225864, 47.845834020911852, 0.0 ], [ -90.815288325149808, 47.845828181373932, 0.0 ], [ -90.814974324432143, 47.84582746152995, 0.0 ], [ -90.814001504674991, 47.845828791492941, 0.0 ], [ -90.808604342904687, 47.845836201544458, 0.0 ], [ -90.803236131141034, 47.845907472066251, 0.0 ], [ -90.797867919377381, 47.845978772634261, 0.0 ], [ -90.792499697732268, 47.846050053209133, 0.0 ], [ -90.787131485968615, 47.846121323437117, 0.0 ], [ -90.781826555126827, 47.846182153490332, 0.0 ], [ -90.776521613505281, 47.846242953931139, 0.0 ], [ -90.771216681765182, 47.846303764549631, 0.0 ], [ -90.765911740143636, 47.846364594991783, 0.0 ], [ -90.765893470207388, 47.849981565416137, 0.0 ], [ -90.765875230813847, 47.853598575955949, 0.0 ], [ -90.765856991420321, 47.857215576524759, 0.0 ], [ -90.765838752026795, 47.860832576718479, 0.0 ], [ -90.760587910544899, 47.860822997245222, 0.0 ], [ -90.755337039418606, 47.860813447905663, 0.0 ], [ -90.749979407114054, 47.860803277772767, 0.0 ], [ -90.744621535857647, 47.860793158265579, 0.0 ], [ -90.739265674132525, 47.860735588538262, 0.0 ], [ -90.733909842950112, 47.860678048882598, 0.0 ], [ -90.732835712093546, 47.860675649486943, 0.0 ], [ -90.732887762277727, 47.860582248963098, 0.0 ], [ -90.73293367247696, 47.860506678958068, 0.0 ], [ -90.733147022356931, 47.860443409041892, 0.0 ], [ -90.733390962567285, 47.860349239034541, 0.0 ], [ -90.733612752119356, 47.860245648996091, 0.0 ], [ -90.733978882072975, 47.86003241880519, 0.0 ], [ -90.734406342705952, 47.859811409009652, 0.0 ], [ -90.73461966294154, 47.859595168835533, 0.0 ], [ -90.734818452927399, 47.859405638799572, 0.0 ], [ -90.734978552473962, 47.859260329056262, 0.0 ], [ -90.735177152915298, 47.85915176854288, 0.0 ], [ -90.735420932327202, 47.85908009852912, 0.0 ], [ -90.735748852440196, 47.859014578684878, 0.0 ], [ -90.735924533265361, 47.858991058906092, 0.0 ], [ -90.736367373056041, 47.858896308842887, 0.0 ], [ -90.73674060329364, 47.858768698766347, 0.0 ], [ -90.737091793365764, 47.85866764850941, 0.0 ], [ -90.737465473659356, 47.858549048781867, 0.0 ], [ -90.737832173144852, 47.858398808649831, 0.0 ], [ -90.738152313847493, 47.858243148243957, 0.0 ], [ -90.738358613749099, 47.85813023862984, 0.0 ], [ -90.738671033431885, 47.857978928620618, 0.0 ], [ -90.739068493927675, 47.857716818468027, 0.0 ], [ -90.739289373486343, 47.857571068204606, 0.0 ], [ -90.739373043470238, 47.857515868523109, 0.0 ], [ -90.739633003337033, 47.857341028357837, 0.0 ], [ -90.739910043770664, 47.857165168348267, 0.0 ], [ -90.739983613995804, 47.857118477904351, 0.0 ], [ -90.740373154045713, 47.856865208245623, 0.0 ], [ -90.740800564373046, 47.85664416807127, 0.0 ], [ -90.741158724473465, 47.856439757737313, 0.0 ], [ -90.741479624252534, 47.856266118263846, 0.0 ], [ -90.741868143816276, 47.856093797661593, 0.0 ], [ -90.74215059390454, 47.85597788761784, 0.0 ], [ -90.742600744184998, 47.855829268112032, 0.0 ], [ -90.742967234363036, 47.855759997950813, 0.0 ], [ -90.743279954981404, 47.855716657639803, 0.0 ], [ -90.743760665049521, 47.85559563766742, 0.0 ], [ -90.744195494562788, 47.855491707811808, 0.0 ], [ -90.744554114600618, 47.855372787377142, 0.0 ], [ -90.744656055419071, 47.855348047740563, 0.0 ], [ -90.744828565191284, 47.855306197745868, 0.0 ], [ -90.745264265172068, 47.855143787813077, 0.0 ], [ -90.745599685319377, 47.85501990752978, 0.0 ], [ -90.746088205340556, 47.854795557459198, 0.0 ], [ -90.746454435007166, 47.854577797244289, 0.0 ], [ -90.746782505138825, 47.854372777184572, 0.0 ], [ -90.747125825969036, 47.854105077230969, 0.0 ], [ -90.747209145609958, 47.854052727461728, 0.0 ], [ -90.747362035278073, 47.853821777462528, 0.0 ], [ -90.747510705559264, 47.853579077372352, 0.0 ], [ -90.74755265598472, 47.853510587235903, 0.0 ], [ -90.74751447578852, 47.853176907128002, 0.0 ], [ -90.74741602582327, 47.852923026867458, 0.0 ], [ -90.747278415599851, 47.852762857325679, 0.0 ], [ -90.747117565061686, 47.852579737267362, 0.0 ], [ -90.746904715543323, 47.852382097325751, 0.0 ], [ -90.746728794867977, 47.852315656967363, 0.0 ], [ -90.746392914783257, 47.85221908687766, 0.0 ], [ -90.745950464861437, 47.852210397369191, 0.0 ], [ -90.745645504788769, 47.85219090730579, 0.0 ], [ -90.745256334844754, 47.852205756935973, 0.0 ], [ -90.744889814123994, 47.852257037377022, 0.0 ], [ -90.744675324281914, 47.852309747027697, 0.0 ], [ -90.744432074876016, 47.852369517319573, 0.0 ], [ -90.74415749402965, 47.852458597248663, 0.0 ], [ -90.743775814238461, 47.852532076998394, 0.0 ], [ -90.743165683887383, 47.85263255750619, 0.0 ], [ -90.742646943641745, 47.852725837323383, 0.0 ], [ -90.742234523501537, 47.852852697316152, 0.0 ], [ -90.741960194183434, 47.852955267718492, 0.0 ], [ -90.741594183705757, 47.85311003738893, 0.0 ], [ -90.741281493630098, 47.853229857565793, 0.0 ], [ -90.740861373131267, 47.853437537460593, 0.0 ], [ -90.740590363088145, 47.85358627774977, 0.0 ], [ -90.740441953318381, 47.853667727843188, 0.0 ], [ -90.739915293525186, 47.853981287898492, 0.0 ], [ -90.739587633025295, 47.85419528802128, 0.0 ], [ -90.739313763644617, 47.854315897750993, 0.0 ], [ -90.739098653066691, 47.854410607962052, 0.0 ], [ -90.738694523478244, 47.854596107970892, 0.0 ], [ -90.737900932891648, 47.854917898178861, 0.0 ], [ -90.737496443078768, 47.855053887897562, 0.0 ], [ -90.73713768290375, 47.855195288375683, 0.0 ], [ -90.736726062264154, 47.85532213810778, 0.0 ], [ -90.736283162286355, 47.855457378122892, 0.0 ], [ -90.735940092086096, 47.855545088073008, 0.0 ], [ -90.735352562449251, 47.85568195860192, 0.0 ], [ -90.734909951728966, 47.855772208239962, 0.0 ], [ -90.734368471530203, 47.855887488248719, 0.0 ], [ -90.734154651831346, 47.855923758562767, 0.0 ], [ -90.733950721685432, 47.855958008377669, 0.0 ], [ -90.733635141729479, 47.856010678703221, 0.0 ], [ -90.733218011722258, 47.856068948665758, 0.0 ], [ -90.73292738157501, 47.856106658858288, 0.0 ], [ -90.732543651828365, 47.856184498655821, 0.0 ], [ -90.732210671505356, 47.856266888595037, 0.0 ], [ -90.731942801074169, 47.856366818777403, 0.0 ], [ -90.731560421495388, 47.856534248883833, 0.0 ], [ -90.731133180949627, 47.856803948901472, 0.0 ], [ -90.73056431111786, 47.857174708715753, 0.0 ], [ -90.730187290888068, 47.857415528877262, 0.0 ], [ -90.729782470495167, 47.857672959019538, 0.0 ], [ -90.729416301015675, 47.857868179270007, 0.0 ], [ -90.728981270279775, 47.858147508976131, 0.0 ], [ -90.728652030541625, 47.858286609401993, 0.0 ], [ -90.728584541012637, 47.858315118976101, 0.0 ], [ -90.728263840659594, 47.858425749235337, 0.0 ], [ -90.727889940278772, 47.858548819139237, 0.0 ], [ -90.727478130094653, 47.858621639304403, 0.0 ], [ -90.726914020435558, 47.858718449413537, 0.0 ], [ -90.726463800086535, 47.8587905092932, 0.0 ], [ -90.725769200250951, 47.858871229740778, 0.0 ], [ -90.724784579325913, 47.858991179452389, 0.0 ], [ -90.724006909581107, 47.859079239638334, 0.0 ], [ -90.723358419370754, 47.859156359533387, 0.0 ], [ -90.723137018789188, 47.859174459496032, 0.0 ], [ -90.722987258851532, 47.859159309894054, 0.0 ], [ -90.722694408967229, 47.85912967970679, 0.0 ], [ -90.722236789195193, 47.859084609965578, 0.0 ], [ -90.72161845902221, 47.859045339660852, 0.0 ], [ -90.721076788380614, 47.859030089967753, 0.0 ], [ -90.720657518586364, 47.859044249923627, 0.0 ], [ -90.719962757952374, 47.859070940040617, 0.0 ], [ -90.719306747944771, 47.859147889978289, 0.0 ], [ -90.718780187864581, 47.859245400077953, 0.0 ], [ -90.718337557381375, 47.859353580074448, 0.0 ], [ -90.71797885739349, 47.859472420257383, 0.0 ], [ -90.71759862748317, 47.859586190049917, 0.0 ], [ -90.71741490763452, 47.859641160300377, 0.0 ], [ -90.716895347227023, 47.859788290402548, 0.0 ], [ -90.71638424715286, 47.859895100487151, 0.0 ], [ -90.715972216881497, 47.859972380094817, 0.0 ], [ -90.715339457070087, 47.860090260536722, 0.0 ], [ -90.714774387111959, 47.860150990427982, 0.0 ], [ -90.714072976249909, 47.860195510769358, 0.0 ], [ -90.713287066258999, 47.860166350691429, 0.0 ], [ -90.712844115975528, 47.860148530736197, 0.0 ], [ -90.712477976140448, 47.860132230829947, 0.0 ], [ -90.712202525724891, 47.86013602072132, 0.0 ], [ -90.711676925943735, 47.860143260570347, 0.0 ], [ -90.710845425553813, 47.860162660853391, 0.0 ], [ -90.709983024914763, 47.860181450576327, 0.0 ], [ -90.709517815276897, 47.860194660937822, 0.0 ], [ -90.708632565090241, 47.860257970936892, 0.0 ], [ -90.708456794433559, 47.860245460948462, 0.0 ], [ -90.7079760044154, 47.860289851021967, 0.0 ], [ -90.707442644088516, 47.860351180984168, 0.0 ], [ -90.706984394597455, 47.86039601094911, 0.0 ], [ -90.70687537415624, 47.860397851038179, 0.0 ], [ -90.706740204655446, 47.86040013110906, 0.0 ], [ -90.706511514245364, 47.860431551235443, 0.0 ], [ -90.705954184171731, 47.860505900854591, 0.0 ], [ -90.705267484120782, 47.860595650885138, 0.0 ], [ -90.704794874161607, 47.860662680935498, 0.0 ], [ -90.704077673611792, 47.860742811427627, 0.0 ], [ -90.703755353596279, 47.860834751296032, 0.0 ], [ -90.701545272520221, 47.860831181444873, 0.0 ], [ -90.700728162242839, 47.860689241239008, 0.0 ], [ -90.700483602194936, 47.860625861249297, 0.0 ], [ -90.69986560260196, 47.86054149169351, 0.0 ], [ -90.699209191945769, 47.860456341485317, 0.0 ], [ -90.698477401857431, 47.860356191358477, 0.0 ], [ -90.698317061562378, 47.860334971548987, 0.0 ], [ -90.697980821253211, 47.86034173160855, 0.0 ], [ -90.697660411954303, 47.860330801961183, 0.0 ], [ -90.697286681355081, 47.860372791949253, 0.0 ], [ -90.696844120940469, 47.860440391853032, 0.0 ], [ -90.696371421149763, 47.860565881689347, 0.0 ], [ -90.696185371071252, 47.860653671596452, 0.0 ], [ -90.696051351414013, 47.860716921969257, 0.0 ], [ -90.695727071274561, 47.860851621747521, 0.0 ], [ -90.695669091311174, 47.860875712050863, 0.0 ], [ -90.695570310765888, 47.861049192039758, 0.0 ], [ -90.695455500682684, 47.861244841963078, 0.0 ], [ -90.695348461026683, 47.8613596722411, 0.0 ], [ -90.695279861180026, 47.861493261979767, 0.0 ], [ -90.695218960793653, 47.861716991821638, 0.0 ], [ -90.69518071142717, 47.861995162297838, 0.0 ], [ -90.695226850696798, 47.86219855206533, 0.0 ], [ -90.695325781260721, 47.862492972116733, 0.0 ], [ -90.695394871587538, 47.862593342316202, 0.0 ], [ -90.695653871155315, 47.862877481915937, 0.0 ], [ -90.69590577133738, 47.863058012034728, 0.0 ], [ -90.69615302183955, 47.863205812265633, 0.0 ], [ -90.696263991624932, 47.863272151884061, 0.0 ], [ -90.696584691977989, 47.863409071925687, 0.0 ], [ -90.696790721486707, 47.863512181937473, 0.0 ], [ -90.697156821795915, 47.863605011870803, 0.0 ], [ -90.697500151609304, 47.863683881836472, 0.0 ], [ -90.698034491998172, 47.863771092113382, 0.0 ], [ -90.69847655205119, 47.863847442042591, 0.0 ], [ -90.698774282482418, 47.863880411966527, 0.0 ], [ -90.69914803284459, 47.863932892236448, 0.0 ], [ -90.699720752855669, 47.864002862030063, 0.0 ], [ -90.700697443453379, 47.864103422161101, 0.0 ], [ -90.701299663240064, 47.864205461653732, 0.0 ], [ -90.701534033697698, 47.864236881884437, 0.0 ], [ -90.701531363006353, 47.864452851987537, 0.0 ], [ -90.701486474191611, 47.868074562382368, 0.0 ], [ -90.701423694529666, 47.871699182676963, 0.0 ], [ -90.701360885223309, 47.875323813383908, 0.0 ], [ -90.695982493750861, 47.875299073627261, 0.0 ], [ -90.690604081617153, 47.875274374229058, 0.0 ], [ -90.690574562078609, 47.878897004597583, 0.0 ], [ -90.690545012895655, 47.882519625072497, 0.0 ], [ -90.685154601066387, 47.88248961543578, 0.0 ], [ -90.679764189237119, 47.882459396126137, 0.0 ], [ -90.679721340496371, 47.886120016704197, 0.0 ], [ -90.680118160493365, 47.889602537189703, 0.0 ], [ -90.685629682290909, 47.889564816426933, 0.0 ], [ -90.691141213969928, 47.88952710587705, 0.0 ], [ -90.691140414469331, 47.893097676736843, 0.0 ], [ -90.691139624850194, 47.896668247150437, 0.0 ], [ -90.691139285287036, 47.898192147070517, 0.0 ], [ -90.691101256007798, 47.89930218735504, 0.0 ], [ -90.691107795743065, 47.900032217825419, 0.0 ], [ -90.691112185809843, 47.900522617769923, 0.0 ], [ -90.691123136273163, 47.901744367817237, 0.0 ], [ -90.691133516306266, 47.902903258178718, 0.0 ], [ -90.691138146223238, 47.903420357823393, 0.0 ], [ -90.691138056391722, 47.903836187804252, 0.0 ], [ -90.691150347141431, 47.907415398869361, 0.0 ], [ -90.691162607348431, 47.910994609307373, 0.0 ], [ -90.691174837911035, 47.914557959548837, 0.0 ], [ -90.6911870783551, 47.918121299817479, 0.0 ], [ -90.691238118832885, 47.921688320340991, 0.0 ], [ -90.69125503949958, 47.922869990677221, 0.0 ], [ -90.690904209651904, 47.922947720562611, 0.0 ], [ -90.690812099097627, 47.922968360903127, 0.0 ], [ -90.690606459457712, 47.922964230668534, 0.0 ], [ -90.690232029070884, 47.922992680579817, 0.0 ], [ -90.689728978799977, 47.923072540709427, 0.0 ], [ -90.68937758930187, 47.92312845073323, 0.0 ], [ -90.688950208618934, 47.923218830932342, 0.0 ], [ -90.688615068746003, 47.923248071108539, 0.0 ], [ -90.688042518516497, 47.923272530915888, 0.0 ], [ -90.687707118132124, 47.923270280700777, 0.0 ], [ -90.687256348014145, 47.923265691176702, 0.0 ], [ -90.686783878192145, 47.923278671149262, 0.0 ], [ -90.686356048351556, 47.923360021346497, 0.0 ], [ -90.685989948042348, 47.923483121239983, 0.0 ], [ -90.685838487593884, 47.923546660923499, 0.0 ], [ -90.685539747456247, 47.923672000938907, 0.0 ], [ -90.685250217745235, 47.923841621501182, 0.0 ], [ -90.68487580801964, 47.924113011317608, 0.0 ], [ -90.68454035732961, 47.924317691073732, 0.0 ], [ -90.684432557698884, 47.924360011461147, 0.0 ], [ -90.683432257578872, 47.9245141417029, 0.0 ], [ -90.682231996968213, 47.924923901750837, 0.0 ], [ -90.681762766471124, 47.924985971474968, 0.0 ], [ -90.681450247075361, 47.925051641465409, 0.0 ], [ -90.681015576563865, 47.925173331752973, 0.0 ], [ -90.680718306968387, 47.925263471808712, 0.0 ], [ -90.680442646347032, 47.925347051552542, 0.0 ], [ -90.680389586456457, 47.925363141928948, 0.0 ], [ -90.680084316465027, 47.925509941551567, 0.0 ], [ -90.679740846514477, 47.925687462172313, 0.0 ], [ -90.679451096716207, 47.925992032145047, 0.0 ], [ -90.679275846184041, 47.926280921971269, 0.0 ], [ -90.679252706480639, 47.926554901801929, 0.0 ], [ -90.679344266367664, 47.926808692236207, 0.0 ], [ -90.679489196962351, 47.926991592154877, 0.0 ], [ -90.679603256952277, 47.927079371847327, 0.0 ], [ -90.679855036760131, 47.927174442067837, 0.0 ], [ -90.680145686670286, 47.927261302291782, 0.0 ], [ -90.680469397277889, 47.927280582339108, 0.0 ], [ -90.680603007303347, 47.927288542354113, 0.0 ], [ -90.681015147169177, 47.927296871957068, 0.0 ], [ -90.68145758720955, 47.927301302212221, 0.0 ], [ -90.682014297445619, 47.927276562001403, 0.0 ], [ -90.682602107356828, 47.927229941952042, 0.0 ], [ -90.683372787310446, 47.927191511830991, 0.0 ], [ -90.683990487764433, 47.927149981697802, 0.0 ], [ -90.684456437614088, 47.927096401913857, 0.0 ], [ -90.684990337828481, 47.927057681558672, 0.0 ], [ -90.685463108586106, 47.92707621166543, 0.0 ], [ -90.685901388528393, 47.927148011552823, 0.0 ], [ -90.68608942837524, 47.92717882177066, 0.0 ], [ -90.686493178874613, 47.927281441905237, 0.0 ], [ -90.687622219252944, 47.927538141533468, 0.0 ], [ -90.688416019147013, 47.927675601419331, 0.0 ], [ -90.688973199201982, 47.927677821346172, 0.0 ], [ -90.68939236928324, 47.92764127139418, 0.0 ], [ -90.690048929958095, 47.927591501154112, 0.0 ], [ -90.691321150114618, 47.927488621598947, 0.0 ], [ -90.691340970543024, 47.928873321778937, 0.0 ], [ -90.690544439770505, 47.928978171664639, 0.0 ], [ -90.690079440338423, 47.9289913115175, 0.0 ], [ -90.68960639020473, 47.92905377181976, 0.0 ], [ -90.689262560029746, 47.929145831843989, 0.0 ], [ -90.688881500076121, 47.929228141896033, 0.0 ], [ -90.688614759725525, 47.928979821519903, 0.0 ], [ -90.688393279193932, 47.928786401662599, 0.0 ], [ -90.688149219507636, 47.928592531446398, 0.0 ], [ -90.687729258908945, 47.92832762198141, 0.0 ], [ -90.687340168914986, 47.928139821683942, 0.0 ], [ -90.686806028850413, 47.927940101902372, 0.0 ], [ -90.686348798947208, 47.927854401534418, 0.0 ], [ -90.685914548847293, 47.927836972035578, 0.0 ], [ -90.685898588479631, 47.927836331581453, 0.0 ], [ -90.685424808913965, 47.92784027181888, 0.0 ], [ -90.685036368401953, 47.927881932016618, 0.0 ], [ -90.684631707909176, 47.927968251723946, 0.0 ], [ -90.684112647863287, 47.928124242003712, 0.0 ], [ -90.68371600842768, 47.928255702142572, 0.0 ], [ -90.682762167377533, 47.92860987220817, 0.0 ], [ -90.682182767494012, 47.928805132191059, 0.0 ], [ -90.681121897567664, 47.929157122570793, 0.0 ], [ -90.680725237470782, 47.929288572259352, 0.0 ], [ -90.680498037365751, 47.92935101233946, 0.0 ], [ -90.680343996955784, 47.929393352083252, 0.0 ], [ -90.679649436646088, 47.929599762502853, 0.0 ], [ -90.679138036534624, 47.929733392382829, 0.0 ], [ -90.678687836846834, 47.92984576255968, 0.0 ], [ -90.677940566989534, 47.930033102826172, 0.0 ], [ -90.676940655840056, 47.930255812620253, 0.0 ], [ -90.676139835612034, 47.930424062733472, 0.0 ], [ -90.675613146174442, 47.930543872688382, 0.0 ], [ -90.675119535400526, 47.930637023106897, 0.0 ], [ -90.674644296072515, 47.930726702819953, 0.0 ], [ -90.673835505092967, 47.930885782734038, 0.0 ], [ -90.673071995491966, 47.931005273217487, 0.0 ], [ -90.672667745529282, 47.931118553099672, 0.0 ], [ -90.671966014866982, 47.931315772995468, 0.0 ], [ -90.671157404448834, 47.931600813512489, 0.0 ], [ -90.670393994560825, 47.931792273340029, 0.0 ], [ -90.669799423928765, 47.931969163293338, 0.0 ], [ -90.669693174790225, 47.931990953240323, 0.0 ], [ -90.668663763865112, 47.932202423527698, 0.0 ], [ -90.668233264231503, 47.932279823402467, 0.0 ], [ -90.667954563711234, 47.932358323394311, 0.0 ], [ -90.667609474098214, 47.932455533815137, 0.0 ], [ -90.666855723794455, 47.932628924005328, 0.0 ], [ -90.665434182976483, 47.932937713748352, 0.0 ], [ -90.664720512805744, 47.93304891415, 0.0 ], [ -90.664273413204015, 47.933064373778379, 0.0 ], [ -90.664160922570858, 47.933068264264222, 0.0 ], [ -90.663751742653886, 47.933073744287462, 0.0 ], [ -90.663103062899012, 47.9330698941273, 0.0 ], [ -90.662719772428545, 47.93303046382443, 0.0 ], [ -90.662416702411235, 47.932931643876827, 0.0 ], [ -90.662230412482558, 47.932804754208199, 0.0 ], [ -90.662192232286358, 47.932655464269907, 0.0 ], [ -90.662276471802116, 47.932462183951728, 0.0 ], [ -90.662351501789615, 47.932371633923552, 0.0 ], [ -90.662545501958348, 47.932137504133188, 0.0 ], [ -90.662620091771359, 47.932003444100751, 0.0 ], [ -90.662672122192603, 47.931824563833807, 0.0 ], [ -90.662674712035567, 47.931657623767947, 0.0 ], [ -90.662551411974604, 47.931444963726527, 0.0 ], [ -90.66230332154764, 47.931063753778481, 0.0 ], [ -90.662025132168779, 47.930655053559882, 0.0 ], [ -90.661680751326529, 47.930521713769267, 0.0 ], [ -90.661490861848506, 47.930509253849714, 0.0 ], [ -90.661195351154319, 47.930484934095652, 0.0 ], [ -90.661023681306887, 47.930447123942827, 0.0 ], [ -90.66090163170081, 47.930420243674838, 0.0 ], [ -90.660682551467644, 47.930312553930783, 0.0 ], [ -90.66062286111196, 47.930267763993442, 0.0 ], [ -90.660492311646664, 47.930169794071183, 0.0 ], [ -90.660261801249817, 47.92991689409768, 0.0 ], [ -90.659827001380947, 47.929687693663183, 0.0 ], [ -90.65961247111467, 47.929606673633707, 0.0 ], [ -90.659239141164065, 47.929603183759497, 0.0 ], [ -90.658942000925975, 47.929611044101883, 0.0 ], [ -90.65878704064113, 47.929567113686993, 0.0 ], [ -90.658600120993441, 47.929514123872274, 0.0 ], [ -90.658133830682274, 47.929410073810693, 0.0 ], [ -90.657768130123372, 47.929384523832397, 0.0 ], [ -90.657452410030245, 47.929396173848822, 0.0 ], [ -90.656951750176333, 47.929484574244277, 0.0 ], [ -90.656542689735275, 47.92964020422211, 0.0 ], [ -90.656055500119038, 47.929795403969472, 0.0 ], [ -90.65569392013235, 47.929909114457288, 0.0 ], [ -90.655264779649769, 47.929999843951798, 0.0 ], [ -90.654820709167154, 47.930075094110776, 0.0 ], [ -90.653775949627118, 47.930180644583118, 0.0 ], [ -90.653440459411229, 47.930202944493672, 0.0 ], [ -90.652702709000991, 47.930251984520673, 0.0 ], [ -90.652017088724989, 47.930305564646993, 0.0 ], [ -90.651472178758482, 47.930338304485687, 0.0 ], [ -90.650790518256272, 47.930362104867953, 0.0 ], [ -90.650532208594626, 47.930312214458169, 0.0 ], [ -90.650270117923981, 47.930227294475479, 0.0 ], [ -90.65010872839666, 47.930097144878459, 0.0 ], [ -90.650015688086057, 47.929935544765101, 0.0 ], [ -90.650023157577621, 47.929733734868783, 0.0 ], [ -90.650077107698664, 47.92954754437104, 0.0 ], [ -90.65024377842154, 47.929429144795527, 0.0 ], [ -90.650290447697174, 47.92931697475251, 0.0 ], [ -90.650275907565984, 47.92904312451919, 0.0 ], [ -90.650136677680081, 47.928886054159733, 0.0 ], [ -90.650124278234244, 47.928873874340113, 0.0 ], [ -90.649679198045249, 47.928436474561657, 0.0 ], [ -90.649570797441584, 47.928306194655562, 0.0 ], [ -90.649466027828325, 47.928180284408462, 0.0 ], [ -90.649267627711311, 47.927843274248318, 0.0 ], [ -90.649246277451937, 47.927500184160003, 0.0 ], [ -90.64956042728997, 47.927320484128977, 0.0 ], [ -90.649564257706317, 47.927318284050727, 0.0 ], [ -90.649790477749377, 47.927234584094933, 0.0 ], [ -90.650316457517903, 47.927111344450303, 0.0 ], [ -90.650751327455367, 47.926991174408244, 0.0 ], [ -90.651174398021581, 47.926841794249988, 0.0 ], [ -90.651671897602341, 47.926610514312699, 0.0 ], [ -90.652070817860448, 47.926295634197032, 0.0 ], [ -90.652254208027387, 47.926071394044207, 0.0 ], [ -90.652335058199569, 47.925837723915059, 0.0 ], [ -90.652366278248962, 47.925563934115601, 0.0 ], [ -90.65234429827062, 47.925342133542763, 0.0 ], [ -90.652343028052798, 47.925329343705343, 0.0 ], [ -90.652220248116393, 47.924992533481451, 0.0 ], [ -90.65209788769323, 47.924271573411971, 0.0 ], [ -90.652053247711805, 47.923778023788181, 0.0 ], [ -90.652032407695529, 47.92336087375395, 0.0 ], [ -90.652075567253362, 47.923338763527802, 0.0 ], [ -90.652411677306802, 47.923233163575048, 0.0 ], [ -90.652663537963022, 47.92310334372312, 0.0 ], [ -90.652823518033642, 47.923025623703353, 0.0 ], [ -90.652816158136517, 47.922818523654932, 0.0 ], [ -90.652663557725958, 47.922603943635814, 0.0 ], [ -90.652548617387026, 47.922426133107493, 0.0 ], [ -90.652487617287662, 47.922276413483772, 0.0 ], [ -90.652518327992283, 47.922097083592249, 0.0 ], [ -90.652571697801619, 47.921990203061704, 0.0 ], [ -90.652686327323451, 47.921916063266558, 0.0 ], [ -90.652914617983228, 47.92182624305979, 0.0 ], [ -90.653033138108569, 47.92178878356335, 0.0 ], [ -90.653235467456625, 47.921724832961473, 0.0 ], [ -90.653365567764283, 47.921660003356912, 0.0 ], [ -90.653466147635058, 47.921640783220717, 0.0 ], [ -90.653640488173835, 47.921620603484762, 0.0 ], [ -90.653759468236586, 47.921627323040923, 0.0 ], [ -90.653876028237974, 47.921638873066172, 0.0 ], [ -90.6540827278899, 47.921715193107211, 0.0 ], [ -90.654239617755962, 47.921740233366869, 0.0 ], [ -90.654357537806661, 47.921747633169133, 0.0 ], [ -90.654562438133098, 47.921747473036739, 0.0 ], [ -90.654722398440768, 47.921688033185937, 0.0 ], [ -90.654814318552226, 47.921613593160252, 0.0 ], [ -90.654861747802613, 47.921541432816007, 0.0 ], [ -90.654875987896474, 47.921452422859339, 0.0 ], [ -90.654822818411446, 47.921257463212243, 0.0 ], [ -90.654853468030637, 47.921181613266192, 0.0 ], [ -90.654982138220348, 47.92106805275489, 0.0 ], [ -90.655340928039763, 47.920872582959397, 0.0 ], [ -90.655608758046796, 47.920783432786962, 0.0 ], [ -90.655755218472393, 47.92067298321183, 0.0 ], [ -90.655903758497885, 47.92054802302566, 0.0 ], [ -90.65623488829138, 47.920219212606149, 0.0 ], [ -90.65646210815936, 47.920063452538621, 0.0 ], [ -90.656621288729383, 47.919888462786609, 0.0 ], [ -90.656755728798174, 47.919762992596709, 0.0 ], [ -90.656845068049819, 47.919669922529593, 0.0 ], [ -90.657049638694531, 47.919554572485971, 0.0 ], [ -90.657535768298729, 47.919396802651363, 0.0 ], [ -90.657653278717675, 47.919331592656853, 0.0 ], [ -90.657821138809979, 47.91920500254281, 0.0 ], [ -90.657860798531445, 47.919092112570873, 0.0 ], [ -90.657852808915322, 47.919002182707203, 0.0 ], [ -90.657775189084887, 47.918883202711292, 0.0 ], [ -90.657629998877098, 47.918822332745457, 0.0 ], [ -90.656902588075766, 47.918761142424707, 0.0 ], [ -90.656586098126439, 47.918738432410308, 0.0 ], [ -90.65635539818507, 47.918752042646787, 0.0 ], [ -90.656097628410919, 47.918805442637179, 0.0 ], [ -90.655753607793073, 47.918950642602887, 0.0 ], [ -90.655570367644799, 47.919068292553668, 0.0 ], [ -90.655494657632659, 47.919156372861387, 0.0 ], [ -90.655501997766848, 47.919281432733868, 0.0 ], [ -90.655625057977602, 47.919435452885828, 0.0 ], [ -90.6557697181794, 47.919590222704358, 0.0 ], [ -90.655814307855152, 47.919681193050017, 0.0 ], [ -90.655654387971637, 47.919830483115547, 0.0 ], [ -90.655449208269161, 47.919907353063238, 0.0 ], [ -90.655395798035642, 47.920000812813363, 0.0 ], [ -90.655417428569365, 47.920109282574138, 0.0 ], [ -90.655356637777444, 47.920179823075067, 0.0 ], [ -90.655250058058897, 47.920218252987482, 0.0 ], [ -90.655151237987752, 47.920185052819797, 0.0 ], [ -90.655013268438196, 47.919965943098667, 0.0 ], [ -90.654937237727495, 47.919932822838042, 0.0 ], [ -90.654830397497506, 47.919971222832856, 0.0 ], [ -90.654617207517646, 47.920205183148163, 0.0 ], [ -90.654304017978674, 47.920613043056314, 0.0 ], [ -90.654127658027136, 47.920672573240317, 0.0 ], [ -90.653776017899077, 47.92070118334351, 0.0 ], [ -90.6536472273351, 47.920721013066327, 0.0 ], [ -90.653478397960598, 47.920759143376337, 0.0 ], [ -90.653464757941322, 47.920762223274522, 0.0 ], [ -90.653281137805692, 47.920807962991127, 0.0 ], [ -90.653067917283096, 47.920916083097161, 0.0 ], [ -90.652892567936277, 47.921056463471572, 0.0 ], [ -90.652747747834368, 47.921224462975928, 0.0 ], [ -90.65257945744905, 47.921504463144871, 0.0 ], [ -90.652402227928334, 47.921791353505377, 0.0 ], [ -90.65237429750951, 47.921836833451977, 0.0 ], [ -90.652160507455051, 47.92226422367974, 0.0 ], [ -90.652151857577167, 47.922413043358141, 0.0 ], [ -90.652197277296253, 47.922579093421668, 0.0 ], [ -90.652320137182727, 47.922749483298681, 0.0 ], [ -90.6524863677311, 47.922855933644627, 0.0 ], [ -90.652572198163242, 47.922948453181412, 0.0 ], [ -90.652510518039207, 47.92300608321559, 0.0 ], [ -90.652424127956635, 47.923031723632917, 0.0 ], [ -90.652340927791656, 47.923056523664798, 0.0 ], [ -90.652022517244248, 47.923162203440143, 0.0 ], [ -90.651777797296234, 47.923264643724899, 0.0 ], [ -90.651335947448999, 47.923449603515337, 0.0 ], [ -90.651175267590773, 47.923468803716062, 0.0 ], [ -90.650931657062131, 47.923342343520133, 0.0 ], [ -90.650778297575144, 47.92318174386893, 0.0 ], [ -90.650588037092916, 47.92293040378798, 0.0 ], [ -90.65028249670857, 47.922730693388132, 0.0 ], [ -90.649954866751415, 47.922575513376493, 0.0 ], [ -90.649695626435147, 47.92248022340339, 0.0 ], [ -90.649393986535799, 47.922417453563803, 0.0 ], [ -90.649359946674721, 47.92241036388414, 0.0 ], [ -90.648847966251594, 47.922408873949642, 0.0 ], [ -90.648497176828101, 47.922469173822208, 0.0 ], [ -90.648268476536529, 47.922567963796673, 0.0 ], [ -90.648194756292739, 47.922622433800761, 0.0 ], [ -90.648034126740157, 47.92274110360021, 0.0 ], [ -90.648001846678739, 47.922764963463678, 0.0 ], [ -90.647741655944913, 47.922930594016073, 0.0 ], [ -90.647242305834666, 47.923105023865098, 0.0 ], [ -90.647194405867083, 47.923131094050923, 0.0 ], [ -90.646871945714381, 47.923326673903269, 0.0 ], [ -90.646696376280303, 47.923489543777507, 0.0 ], [ -90.646483276131974, 47.923539163857733, 0.0 ], [ -90.646551536415473, 47.9236575341764, 0.0 ], [ -90.646650725694201, 47.923776544126667, 0.0 ], [ -90.646673595903025, 47.923862493848112, 0.0 ], [ -90.646643375678551, 47.923938354310778, 0.0 ], [ -90.646512405801687, 47.923996514184338, 0.0 ], [ -90.646246315831377, 47.924114673969569, 0.0 ], [ -90.645918446024027, 47.924130443877317, 0.0 ], [ -90.645605896085556, 47.924196024056009, 0.0 ], [ -90.645391805993782, 47.924304103972439, 0.0 ], [ -90.645308475573074, 47.924351884249518, 0.0 ], [ -90.645140425936248, 47.924514904397931, 0.0 ], [ -90.645079315344105, 47.924626124114972, 0.0 ], [ -90.645087145958442, 47.924711764217641, 0.0 ], [ -90.64522375545863, 47.924854044327823, 0.0 ], [ -90.645405545726049, 47.924949583956973, 0.0 ], [ -90.645490986289346, 47.924994494077119, 0.0 ], [ -90.645712175766818, 47.925080014381301, 0.0 ], [ -90.6457958161063, 47.92511772431854, 0.0 ], [ -90.645918775705752, 47.925192224313577, 0.0 ], [ -90.645948736317095, 47.925269324068623, 0.0 ], [ -90.645933646416978, 47.925417484384248, 0.0 ], [ -90.645842235650278, 47.925532584183969, 0.0 ], [ -90.645559845749133, 47.925670764523453, 0.0 ], [ -90.645464285664147, 47.925710524289883, 0.0 ], [ -90.645178625895383, 47.925829404310313, 0.0 ], [ -90.645078576030627, 47.925876844278633, 0.0 ], [ -90.645010516071437, 47.925938434306893, 0.0 ], [ -90.644987795881278, 47.925996454686569, 0.0 ], [ -90.645101845989743, 47.926138264149458, 0.0 ], [ -90.64514306608487, 47.926172694493957, 0.0 ], [ -90.645322736328211, 47.92632275437829, 0.0 ], [ -90.645422496037142, 47.926392284164208, 0.0 ], [ -90.645475926033612, 47.926523854647741, 0.0 ], [ -90.64543723649264, 47.926694024462172, 0.0 ], [ -90.645300156275226, 47.926893674414757, 0.0 ], [ -90.645063546317601, 47.927055284634903, 0.0 ], [ -90.644857435960503, 47.927208514773383, 0.0 ], [ -90.644804235932739, 47.927292904591042, 0.0 ], [ -90.644766135686595, 47.927431594882492, 0.0 ], [ -90.644720166198553, 47.927633104368589, 0.0 ], [ -90.64421690572189, 47.928009694522352, 0.0 ], [ -90.644094745623036, 47.928101674542951, 0.0 ], [ -90.643698186137485, 47.928210504725563, 0.0 ], [ -90.642981065537768, 47.928339754979547, 0.0 ], [ -90.642721255689594, 47.928311924982339, 0.0 ], [ -90.64248497541368, 47.928190094606947, 0.0 ], [ -90.642294185823744, 47.928006214773212, 0.0 ], [ -90.642072575036423, 47.92792967467873, 0.0 ], [ -90.641951024893615, 47.927805704742312, 0.0 ], [ -90.641828845031824, 47.927677224831122, 0.0 ], [ -90.641622235211415, 47.927547005011661, 0.0 ], [ -90.641447264953655, 47.927291464757971, 0.0 ], [ -90.641225705370275, 47.927048464657979, 0.0 ], [ -90.640981944822997, 47.926962464851897, 0.0 ], [ -90.640898084396284, 47.926911254716863, 0.0 ], [ -90.640851814870942, 47.926824824895803, 0.0 ], [ -90.640928565132185, 47.926664434698488, 0.0 ], [ -90.640912964988971, 47.926529144547658, 0.0 ], [ -90.640767794544118, 47.926391185008271, 0.0 ], [ -90.640707384637878, 47.926350364530947, 0.0 ], [ -90.639599663976185, 47.925643845053607, 0.0 ], [ -90.639292724016656, 47.925336944650667, 0.0 ], [ -90.639127584023029, 47.9252012049743, 0.0 ], [ -90.638784503941295, 47.924834224616767, 0.0 ], [ -90.638472003410143, 47.924530864405938, 0.0 ], [ -90.637983203114615, 47.92429585455173, 0.0 ], [ -90.637680173521488, 47.924119894888868, 0.0 ], [ -90.637675423230263, 47.923825864748878, 0.0 ], [ -90.637656553219415, 47.922657904317717, 0.0 ], [ -90.643012824576303, 47.922674823869819, 0.0 ], [ -90.643734284937182, 47.922674584277509, 0.0 ], [ -90.644175105315071, 47.922469754143499, 0.0 ], [ -90.644959825038256, 47.922152673806089, 0.0 ], [ -90.64538758570859, 47.921932484003847, 0.0 ], [ -90.645678525774585, 47.921798173573521, 0.0 ], [ -90.645947465200962, 47.921674023992317, 0.0 ], [ -90.646198075402296, 47.921535663812911, 0.0 ], [ -90.646346245321908, 47.920933733458121, 0.0 ], [ -90.646498245657881, 47.920444383562213, 0.0 ], [ -90.6466858552117, 47.920066733553213, 0.0 ], [ -90.646877545811847, 47.919804783317197, 0.0 ], [ -90.647129005819437, 47.919560013605398, 0.0 ], [ -90.647490985556445, 47.919244243512559, 0.0 ], [ -90.647843335353599, 47.919042023455539, 0.0 ], [ -90.648202496177234, 47.918860183304488, 0.0 ], [ -90.648204235315617, 47.91819028313602, 0.0 ], [ -90.64809236541835, 47.914655542400183, 0.0 ], [ -90.647980494622757, 47.911120802237072, 0.0 ], [ -90.647961204200342, 47.910511292098363, 0.0 ], [ -90.647585264643823, 47.910475382126407, 0.0 ], [ -90.647226724556049, 47.910450032337422, 0.0 ], [ -90.646867824243856, 47.910469672102579, 0.0 ], [ -90.646470763498385, 47.910556012436757, 0.0 ], [ -90.646242023680955, 47.910582812106171, 0.0 ], [ -90.645601103573526, 47.910623652251509, 0.0 ], [ -90.64497589320375, 47.910705302338961, 0.0 ], [ -90.644716453461498, 47.910744972450111, 0.0 ], [ -90.644411013688483, 47.91074770250502, 0.0 ], [ -90.643892242900094, 47.910732552324014, 0.0 ], [ -90.643503312806274, 47.910805552660683, 0.0 ], [ -90.643175252556091, 47.910956282732947, 0.0 ], [ -90.642739803205274, 47.911095812835207, 0.0 ], [ -90.642644712939173, 47.911127602637471, 0.0 ], [ -90.6424349132012, 47.911233512707128, 0.0 ], [ -90.642083772536409, 47.911487252467779, 0.0 ], [ -90.641832062797178, 47.911743022529969, 0.0 ], [ -90.641496012930858, 47.912051052464953, 0.0 ], [ -90.64129818234575, 47.912078472741761, 0.0 ], [ -90.641160482290772, 47.912053152639523, 0.0 ], [ -90.640984682887989, 47.911964052900387, 0.0 ], [ -90.640588352472847, 47.911757952642247, 0.0 ], [ -90.640107932560568, 47.911653592897828, 0.0 ], [ -90.639542921891277, 47.911569992836043, 0.0 ], [ -90.638871972002192, 47.911479703076218, 0.0 ], [ -90.63861971159568, 47.911380032699761, 0.0 ], [ -90.638131601206283, 47.911316002998028, 0.0 ], [ -90.637314171128651, 47.911267662748543, 0.0 ], [ -90.6373089609, 47.911134162789168, 0.0 ], [ -90.632733749529805, 47.911154253286071, 0.0 ], [ -90.627404438411247, 47.911177413405682, 0.0 ], [ -90.622133916638106, 47.911200083987971, 0.0 ], [ -90.616863384983503, 47.91122252454899, 0.0 ], [ -90.611816283204689, 47.911246024837922, 0.0 ], [ -90.606769182324186, 47.911269305341129, 0.0 ], [ -90.601675800240244, 47.911292585231728, 0.0 ], [ -90.59658244869901, 47.911315645939197, 0.0 ], [ -90.59653545872483, 47.908593995436291, 0.0 ], [ -90.598058279201211, 47.90880503570552, 0.0 ], [ -90.59820201862982, 47.908551225589029, 0.0 ], [ -90.596537828480535, 47.907943555502413, 0.0 ], [ -90.596532458351774, 47.907736145180948, 0.0 ], [ -90.596439847435875, 47.904156644955513, 0.0 ], [ -90.596015356633202, 47.900571614267498, 0.0 ], [ -90.5908518358885, 47.900597274836613, 0.0 ], [ -90.590692145075394, 47.898813014715742, 0.0 ], [ -90.590946274876003, 47.897025304020872, 0.0 ], [ -90.591452324621642, 47.893464983995493, 0.0 ], [ -90.589896173054953, 47.889943373335058, 0.0 ], [ -90.58719202216588, 47.886187772789008, 0.0 ], [ -90.584360520712252, 47.882254682732381, 0.0 ], [ -90.584131310177611, 47.878329652008269, 0.0 ], [ -90.583902129287367, 47.874404621569717, 0.0 ], [ -90.578479307140967, 47.874181752105599, 0.0 ], [ -90.573056485892877, 47.873958862401103, 0.0 ], [ -90.567808284559618, 47.874193432628402, 0.0 ], [ -90.562560082328034, 47.874428002998911, 0.0 ], [ -90.557311851350363, 47.874662583755999, 0.0 ], [ -90.552063659898565, 47.874897124285617, 0.0 ], [ -90.546780127825173, 47.874926734614569, 0.0 ], [ -90.541496636175964, 47.874956334683333, 0.0 ], [ -90.536213114882344, 47.874985944978476, 0.0 ], [ -90.530929593588752, 47.875015545615973, 0.0 ], [ -90.531286143908162, 47.878801196174912, 0.0 ], [ -90.531642674464635, 47.882586866549047, 0.0 ], [ -90.531995145534367, 47.886379216954701, 0.0 ], [ -90.532418956312355, 47.890129947318172, 0.0 ], [ -90.532561046434097, 47.893578627975032, 0.0 ], [ -90.532703137454178, 47.897027298199937, 0.0 ], [ -90.53284524823718, 47.900476009143091, 0.0 ], [ -90.532987338358922, 47.90392468909041, 0.0 ], [ -90.533117138629279, 47.907505359710811, 0.0 ], [ -90.533246949679423, 47.911086070445563, 0.0 ], [ -90.533376749949753, 47.914666740558751, 0.0 ], [ -90.533506580762818, 47.918247421184148, 0.0 ], [ -90.528028659550159, 47.918183361449017, 0.0 ], [ -90.522550747320651, 47.918119341971533, 0.0 ], [ -90.517072855752374, 47.918055282679873, 0.0 ], [ -90.511594934539701, 47.917991232941617, 0.0 ], [ -90.509373233755426, 47.918001052899193, 0.0 ], [ -90.509379063821626, 47.918543883360378, 0.0 ], [ -90.506985152404127, 47.918206373330428, 0.0 ], [ -90.506228872444538, 47.918185093526517, 0.0 ], [ -90.504621561822432, 47.9181398632278, 0.0 ], [ -90.502378800934622, 47.918318493418063, 0.0 ], [ -90.501449931252751, 47.91805415384659, 0.0 ], [ -90.50086035076211, 47.918054593339008, 0.0 ], [ -90.495455649431619, 47.918106004294451, 0.0 ], [ -90.490050967864079, 47.918157414596799, 0.0 ], [ -90.484753226239505, 47.918239134675012, 0.0 ], [ -90.479455484614959, 47.918320825124148, 0.0 ], [ -90.474157742990386, 47.918402545546293, 0.0 ], [ -90.468859970823104, 47.918484256206753, 0.0 ], [ -90.463475489671367, 47.918423416475562, 0.0 ], [ -90.458090968095419, 47.918362606774863, 0.0 ], [ -90.452706345908155, 47.918301766900619, 0.0 ], [ -90.44732171473774, 47.918240817383108, 0.0 ], [ -90.447350315299744, 47.921889967786427, 0.0 ], [ -90.447378905980301, 47.925539078701917, 0.0 ], [ -90.447407506542319, 47.929188228937662, 0.0 ], [ -90.447436107104323, 47.932837339589057, 0.0 ], [ -90.447379557258884, 47.936455129892629, 0.0 ], [ -90.447323267924858, 47.940072910197777, 0.0 ], [ -90.44732015795735, 47.940272760650068, 0.0 ], [ -90.44714685766769, 47.94041042078134, 0.0 ], [ -90.446938998290719, 47.940461860669927, 0.0 ], [ -90.446719727614706, 47.940436740409723, 0.0 ], [ -90.44649985776239, 47.940374990722653, 0.0 ], [ -90.446236367516519, 47.940340570434991, 0.0 ], [ -90.446035967749665, 47.940304920676731, 0.0 ], [ -90.445685657128223, 47.940301990583272, 0.0 ], [ -90.445511367793415, 47.940333090848164, 0.0 ], [ -90.445072057483515, 47.940411470894773, 0.0 ], [ -90.444623027402216, 47.940428050649082, 0.0 ], [ -90.444326547425845, 47.940498740966618, 0.0 ], [ -90.443918057415004, 47.940503081026868, 0.0 ], [ -90.443489667025688, 47.940551320543591, 0.0 ], [ -90.443106766424052, 47.940534090903377, 0.0 ], [ -90.4428960863371, 47.940511580611407, 0.0 ], [ -90.442671646754931, 47.940488410755137, 0.0 ], [ -90.442511546310044, 47.940458750652027, 0.0 ], [ -90.442330556441547, 47.940425221060558, 0.0 ], [ -90.441968356617309, 47.940392630832847, 0.0 ], [ -90.441856056427014, 47.940382531083657, 0.0 ], [ -90.441385796460594, 47.940383930834543, 0.0 ], [ -90.440907686116944, 47.940446420704987, 0.0 ], [ -90.440260216392772, 47.940633131016547, 0.0 ], [ -90.439840935818737, 47.94076080124043, 0.0 ], [ -90.439497965331469, 47.940908510976477, 0.0 ], [ -90.439148296107135, 47.941016041449103, 0.0 ], [ -90.438865385183121, 47.941212641078238, 0.0 ], [ -90.438538645456404, 47.94141718095041, 0.0 ], [ -90.438288085560714, 47.941629041148111, 0.0 ], [ -90.438096985153706, 47.941840751239233, 0.0 ], [ -90.437993855864136, 47.942032591378961, 0.0 ], [ -90.437994785620461, 47.942291891416581, 0.0 ], [ -90.438058915450284, 47.942473091364263, 0.0 ], [ -90.43820758573149, 47.942608161684802, 0.0 ], [ -90.438428556020014, 47.942716291582933, 0.0 ], [ -90.438783255809952, 47.942763981435697, 0.0 ], [ -90.439193725707668, 47.942881831164733, 0.0 ], [ -90.439581156513299, 47.942923111572867, 0.0 ], [ -90.440741996354376, 47.943067941156912, 0.0 ], [ -90.441254766396639, 47.943109491001657, 0.0 ], [ -90.44195849670875, 47.943242871145351, 0.0 ], [ -90.442036016826194, 47.943257571324708, 0.0 ], [ -90.442500927325071, 47.943300291421998, 0.0 ], [ -90.442923427461082, 47.943435611112221, 0.0 ], [ -90.44330468773903, 47.943544201421801, 0.0 ], [ -90.443491017193551, 47.943635271049587, 0.0 ], [ -90.443709217077767, 47.943741911284498, 0.0 ], [ -90.443987847529428, 47.943889731046099, 0.0 ], [ -90.444125337378622, 47.944041011003129, 0.0 ], [ -90.444194677437082, 47.944220431492226, 0.0 ], [ -90.444242357317421, 47.944446521518728, 0.0 ], [ -90.444265917432375, 47.94466190148426, 0.0 ], [ -90.444341798124427, 47.945000991135487, 0.0 ], [ -90.444553548104878, 47.945231701426813, 0.0 ], [ -90.444717688273599, 47.945330901625383, 0.0 ], [ -90.444873448059013, 47.945420651529098, 0.0 ], [ -90.445060967781316, 47.945450781139868, 0.0 ], [ -90.445346688635539, 47.945490691173653, 0.0 ], [ -90.445767578092244, 47.945505371458587, 0.0 ], [ -90.446201268541728, 47.94555100144256, 0.0 ], [ -90.446866128751495, 47.945610271260861, 0.0 ], [ -90.447127508854763, 47.945705311024753, 0.0 ], [ -90.44729535906562, 47.945787081449993, 0.0 ], [ -90.447295409371264, 47.947309111521932, 0.0 ], [ -90.44733047959997, 47.9508558719753, 0.0 ], [ -90.447365560608432, 47.954402652536508, 0.0 ], [ -90.447375570535641, 47.955386392720868, 0.0 ], [ -90.447259560303223, 47.955430742780663, 0.0 ], [ -90.446899740116166, 47.955617172763993, 0.0 ], [ -90.446650119858276, 47.95575515239296, 0.0 ], [ -90.446277900225368, 47.956015202973077, 0.0 ], [ -90.445781660082631, 47.956291622968223, 0.0 ], [ -90.445330260245626, 47.956523812720313, 0.0 ], [ -90.445014259878121, 47.956794842725138, 0.0 ], [ -90.444606259449131, 47.957011873133943, 0.0 ], [ -90.444248399386012, 47.957273233061763, 0.0 ], [ -90.443902589324139, 47.95751122309796, 0.0 ], [ -90.443575339354339, 47.957809862935221, 0.0 ], [ -90.443429240051486, 47.957932593269419, 0.0 ], [ -90.443294109178225, 47.958046093287606, 0.0 ], [ -90.442885139467052, 47.958259833231693, 0.0 ], [ -90.44227017977299, 47.958809503319642, 0.0 ], [ -90.442052849457994, 47.959043493677243, 0.0 ], [ -90.442008869738316, 47.959088663541309, 0.0 ], [ -90.441872729158675, 47.959228513189267, 0.0 ], [ -90.441666809244424, 47.959466313750092, 0.0 ], [ -90.441537819254449, 47.959749523728007, 0.0 ], [ -90.441475998993226, 47.959979863795013, 0.0 ], [ -90.441460789617153, 47.960155003635137, 0.0 ], [ -90.441513659064881, 47.960319223502708, 0.0 ], [ -90.441567779865821, 47.960437193817903, 0.0 ], [ -90.441644429515748, 47.960515743695531, 0.0 ], [ -90.441903529694827, 47.960701473777107, 0.0 ], [ -90.442017869959145, 47.960748413748817, 0.0 ], [ -90.442041580092749, 47.960758153402637, 0.0 ], [ -90.442288729983602, 47.960804603663782, 0.0 ], [ -90.442539969903947, 47.960859783521627, 0.0 ], [ -90.442898139885841, 47.960932233689171, 0.0 ], [ -90.44324709045793, 47.960982153503849, 0.0 ], [ -90.443610670094458, 47.960945123600368, 0.0 ], [ -90.443943810317592, 47.960956513255113, 0.0 ], [ -90.444812370704554, 47.960919323322187, 0.0 ], [ -90.445340810958641, 47.960862653498218, 0.0 ], [ -90.445780891124741, 47.960831293686518, 0.0 ], [ -90.446105430877338, 47.960807273328342, 0.0 ], [ -90.446631511257181, 47.960738643414253, 0.0 ], [ -90.447006041357014, 47.960718963180497, 0.0 ], [ -90.447427621618161, 47.960668243052147, 0.0 ], [ -90.447435981340206, 47.961496223248368, 0.0 ], [ -90.447520922440191, 47.965089474147938, 0.0 ], [ -90.447606322579304, 47.968682734324886, 0.0 ], [ -90.447698823002426, 47.972258185054891, 0.0 ], [ -90.447791313544087, 47.975833605338252, 0.0 ], [ -90.442431032107763, 47.975845425900452, 0.0 ], [ -90.437070790197311, 47.9758572362366, 0.0 ], [ -90.431732428552237, 47.975865966345829, 0.0 ], [ -90.426394127094284, 47.975874366902183, 0.0 ], [ -90.426353547497968, 47.979639977544707, 0.0 ], [ -90.426324508558096, 47.983404757958112, 0.0 ], [ -90.426286319378718, 47.987170618406317, 0.0 ], [ -90.426193469510963, 47.990940149149338, 0.0 ], [ -90.426263640511053, 47.994442619281642, 0.0 ], [ -90.426333830375796, 47.997945130004922, 0.0 ], [ -90.426404061563019, 48.001446680478367, 0.0 ], [ -90.426474361920512, 48.004948260752869, 0.0 ], [ -90.426578922226327, 48.008449071457953, 0.0 ], [ -90.426692402802914, 48.011950121701588, 0.0 ], [ -90.426719593009935, 48.013700102188587, 0.0 ], [ -90.430102414807948, 48.015582972097043, 0.0 ], [ -90.432229425076443, 48.016766752182107, 0.0 ], [ -90.437761037695338, 48.019844911903377, 0.0 ], [ -90.443154729273687, 48.019551241835032, 0.0 ], [ -90.448544500604157, 48.019254911262408, 0.0 ], [ -90.453955062543571, 48.019770481042748, 0.0 ], [ -90.459365634364431, 48.020286060688477, 0.0 ], [ -90.464777675829126, 48.020801770368642, 0.0 ], [ -90.470189687649395, 48.021317459868818, 0.0 ], [ -90.470408018687621, 48.024887040331073, 0.0 ], [ -90.470626329064601, 48.028456591082112, 0.0 ], [ -90.470846749584183, 48.032043531068076, 0.0 ], [ -90.471173280003427, 48.035612311666931, 0.0 ], [ -90.476336762120567, 48.035288751548457, 0.0 ], [ -90.481500213694986, 48.03496516116607, 0.0 ], [ -90.48644843521555, 48.034603380692722, 0.0 ], [ -90.491396686380497, 48.03424156043635, 0.0 ], [ -90.496322688072482, 48.034088609818362, 0.0 ], [ -90.501249549452226, 48.033941369550973, 0.0 ], [ -90.506636491089537, 48.033826269113518, 0.0 ], [ -90.511891512432442, 48.033713218598962, 0.0 ], [ -90.517134633792793, 48.033744228388407, 0.0 ], [ -90.522377765932902, 48.033775197912441, 0.0 ], [ -90.527620867530302, 48.033806177629756, 0.0 ], [ -90.5328639987721, 48.033837157328414, 0.0 ], [ -90.533277189666833, 48.037680697603051, 0.0 ], [ -90.533690380561538, 48.041524218436138, 0.0 ], [ -90.533803331132091, 48.044207298238149, 0.0 ], [ -90.536736501214662, 48.043875638038458, 0.0 ], [ -90.537901342151997, 48.044630798559929, 0.0 ], [ -90.533812590966036, 48.044938238462308, 0.0 ], [ -90.533803311369155, 48.045230628823781, 0.0 ], [ -90.533708771770335, 48.04820792903692, 0.0 ], [ -90.53370318155433, 48.048937058970388, 0.0 ], [ -90.539069893131469, 48.049044729063318, 0.0 ], [ -90.544436575064182, 48.049152398330619, 0.0 ], [ -90.549801986779087, 48.049260007921767, 0.0 ], [ -90.555167358069824, 48.049367657522559, 0.0 ], [ -90.555163738757528, 48.05253059807184, 0.0 ], [ -90.555160109563801, 48.055693528690803, 0.0 ], [ -90.560557521065746, 48.055545678274399, 0.0 ], [ -90.565954902024984, 48.055397568041428, 0.0 ], [ -90.571400943824855, 48.05524785719313, 0.0 ], [ -90.576846965861776, 48.05509791713888, 0.0 ], [ -90.582357877703274, 48.055067916346133, 0.0 ], [ -90.587868768883482, 48.055037675956903, 0.0 ], [ -90.5933110108097, 48.055007535824821, 0.0 ], [ -90.598753252735918, 48.054977155495401, 0.0 ], [ -90.604159713866053, 48.054948524858602, 0.0 ], [ -90.6095661758945, 48.054919604788978, 0.0 ], [ -90.614800376984064, 48.054891394435479, 0.0 ], [ -90.620034618497812, 48.054862943886206, 0.0 ], [ -90.625314189899129, 48.054636283439521, 0.0 ], [ -90.630593731656035, 48.054409383013599, 0.0 ], [ -90.635742713167858, 48.054187852690347, 0.0 ], [ -90.640035664892608, 48.054002972351689, 0.0 ], [ -90.644978775897513, 48.054239922033339, 0.0 ], [ -90.649921907563652, 48.054476671873957, 0.0 ], [ -90.654730679111083, 48.054564561033978, 0.0 ], [ -90.659539480302897, 48.054652260901207, 0.0 ], [ -90.664503732259689, 48.054681730535378, 0.0 ], [ -90.669443343428227, 48.054703819990323, 0.0 ], [ -90.67437217571171, 48.054720179919237, 0.0 ], [ -90.679301007096853, 48.054736549450183, 0.0 ], [ -90.684449238515398, 48.054706909318838, 0.0 ], [ -90.689508770282814, 48.054673808760263, 0.0 ], [ -90.691773850712153, 48.054658918725877, 0.0 ], [ -90.695409641687448, 48.054780978691852, 0.0 ], [ -90.699243592929562, 48.054909558057197, 0.0 ], [ -90.704812024797008, 48.055019558014429, 0.0 ], [ -90.710401746736679, 48.055129727663363, 0.0 ], [ -90.712937566816251, 48.055179617031548, 0.0 ], [ -90.715473358149708, 48.055229457114848, 0.0 ], [ -90.720768959987254, 48.058937637136673, 0.0 ], [ -90.726597402027153, 48.062841367327593, 0.0 ], [ -90.728186042962705, 48.062837807206357, 0.0 ], [ -90.731947493873221, 48.062823727014369, 0.0 ], [ -90.733710704417945, 48.062822586934708, 0.0 ], [ -90.737472155328419, 48.062808506738563, 0.0 ], [ -90.739235336228745, 48.062807366058209, 0.0 ], [ -90.742908227625264, 48.06280459600589, 0.0 ], [ -90.744736218380083, 48.06280320617681, 0.0 ], [ -90.74834432866821, 48.062800485953979, 0.0 ], [ -90.750237069988685, 48.062798345677052, 0.0 ], [ -90.753364010271298, 48.062816755057582, 0.0 ], [ -90.755640201064054, 48.062830155046008, 0.0 ], [ -90.758383642467038, 48.062846314875152, 0.0 ], [ -90.761043342919223, 48.062862405057743, 0.0 ], [ -90.763779173795115, 48.062889364702379, 0.0 ], [ -90.766436864716013, 48.062915244290977, 0.0 ], [ -90.766771194308546, 48.062917434392638, 0.0 ], [ -90.77184555636299, 48.062928773930842, 0.0 ], [ -90.772126696707559, 48.062929024279583, 0.0 ], [ -90.777207747617595, 48.062933383469229, 0.0 ], [ -90.777482167665525, 48.062933633817927, 0.0 ], [ -90.782569939770539, 48.062938023024998, 0.0 ], [ -90.782837659284766, 48.062938252961558, 0.0 ], [ -90.787932101380747, 48.062942642768562, 0.0 ], [ -90.788193131141071, 48.062942863099423, 0.0 ], [ -90.793294292635366, 48.062944922322231, 0.0 ], [ -90.793576183073199, 48.062945642750002, 0.0 ], [ -90.79866245409336, 48.062958892015473, 0.0 ], [ -90.798959214344094, 48.062959671878339, 0.0 ], [ -90.804030615551341, 48.062972891722751, 0.0 ], [ -90.804342235733515, 48.062974341582837, 0.0 ], [ -90.809372037756603, 48.062998011218838, 0.0 ], [ -90.809725287665671, 48.06299968140884, 0.0 ], [ -90.814713449182065, 48.06302362119316, 0.0 ], [ -90.815057259594127, 48.063023510727753, 0.0 ], [ -90.820053671238085, 48.063022090286417, 0.0 ], [ -90.820389200979861, 48.063022010439113, 0.0 ], [ -90.825393882514319, 48.063020600203828, 0.0 ], [ -90.825721163026842, 48.063024820103223, 0.0 ], [ -90.830733023897068, 48.063089650057627, 0.0 ], [ -90.831053134057001, 48.063093769692102, 0.0 ], [ -90.836072155398355, 48.063154629418527, 0.0 ], [ -90.836473606210603, 48.063154099305862, 0.0 ], [ -90.841519127852848, 48.063147348924502, 0.0 ], [ -90.841894047821512, 48.063146848829511, 0.0 ], [ -90.846966068866323, 48.063140048617797, 0.0 ], [ -90.847314519076804, 48.063139578540458, 0.0 ], [ -90.852413040422505, 48.063132748310011, 0.0 ], [ -90.852734960687712, 48.063132298044323, 0.0 ], [ -90.857860011978687, 48.063129418144626, 0.0 ], [ -90.857899592648423, 48.066678748505403, 0.0 ], [ -90.857927053248346, 48.069139438457917, 0.0 ], [ -90.857928393534749, 48.070065398580979, 0.0 ], [ -90.857928423179146, 48.070228088633108, 0.0 ], [ -90.857975164319996, 48.073754809197013, 0.0 ], [ -90.858021914444024, 48.077281539540238, 0.0 ], [ -90.859157815256168, 48.077316699815633, 0.0 ], [ -90.860365545358434, 48.077428799366302, 0.0 ], [ -90.862322085928724, 48.077752809592283, 0.0 ], [ -90.863426266329853, 48.078113279299103, 0.0 ], [ -90.863842076711961, 48.07824901933045, 0.0 ], [ -90.864764486608621, 48.078487899213449, 0.0 ], [ -90.865155947256625, 48.078540319688187, 0.0 ], [ -90.865991507133288, 48.078521129102469, 0.0 ], [ -90.866539417472865, 48.0784145991651, 0.0 ], [ -90.867449147649296, 48.078126139344938, 0.0 ], [ -90.868098587378896, 48.077788088982089, 0.0 ], [ -90.868549068239375, 48.077462598916803, 0.0 ], [ -90.868783817786039, 48.077460979011647, 0.0 ], [ -90.869968938190937, 48.07745274864434, 0.0 ], [ -90.869973558226434, 48.077452719235168, 0.0 ], [ -90.870521328428808, 48.077880688787673, 0.0 ], [ -90.871211958609123, 48.078291738780777, 0.0 ], [ -90.87228612899159, 48.078677098692609, 0.0 ], [ -90.873162159768441, 48.078856008747337, 0.0 ], [ -90.874147699670033, 48.078939298596332, 0.0 ], [ -90.874318449642601, 48.078940068614358, 0.0 ], [ -90.875110779892864, 48.078943609016562, 0.0 ], [ -90.875407290411943, 48.078991769025343, 0.0 ], [ -90.875421770356041, 48.078994118688193, 0.0 ], [ -90.876262730904202, 48.079290238960233, 0.0 ], [ -90.876693620406641, 48.079363488547493, 0.0 ], [ -90.87713230099753, 48.079390008630583, 0.0 ], [ -90.877901741276062, 48.079352868627147, 0.0 ], [ -90.878217500895062, 48.079310098443713, 0.0 ], [ -90.879471461895108, 48.079147018188053, 0.0 ], [ -90.879485111795859, 48.081292538653699, 0.0 ], [ -90.87950863238494, 48.084988149250137, 0.0 ], [ -90.879532402705664, 48.088685339511997, 0.0 ], [ -90.87955614338199, 48.092382570011473, 0.0 ], [ -90.879662583861688, 48.095870850933267, 0.0 ], [ -90.879769035121186, 48.099359130984482, 0.0 ], [ -90.879875445058161, 48.102847441914477, 0.0 ], [ -90.87998188643617, 48.10633572188727, 0.0 ], [ -90.879946886276073, 48.109890442914043, 0.0 ], [ -90.879911887014288, 48.113445142988752, 0.0 ], [ -90.879876877871027, 48.116999863449109, 0.0 ], [ -90.879841898372192, 48.120554583853909, 0.0 ], [ -90.879745369005022, 48.124353944638877, 0.0 ], [ -90.879648849519313, 48.128153305022572, 0.0 ], [ -90.87955233991508, 48.131952665546329, 0.0 ], [ -90.879455830310846, 48.135752026151891, 0.0 ], [ -90.879444631014195, 48.136067966493243, 0.0 ], [ -90.879034561765096, 48.142213557067713, 0.0 ], [ -90.882865403039716, 48.142197456937019, 0.0 ], [ -90.888441964660473, 48.142173156573783, 0.0 ], [ -90.890278284594601, 48.142165096012647, 0.0 ], [ -90.891875855682386, 48.142158056283087, 0.0 ], [ -90.899834437721225, 48.142476105554778, 0.0 ], [ -90.900203377605052, 48.142490835305317, 0.0 ], [ -90.900253728176722, 48.142501705334602, 0.0 ], [ -90.900254047976958, 48.142555695790037, 0.0 ], [ -90.900101478109107, 48.142629395337522, 0.0 ], [ -90.899895207851898, 48.142742585528012, 0.0 ], [ -90.899773517571916, 48.142821345746903, 0.0 ], [ -90.899658888050098, 48.142994705558444, 0.0 ], [ -90.899575438153448, 48.143186625829557, 0.0 ], [ -90.899574647636001, 48.14339823565475, 0.0 ], [ -90.899575658240707, 48.143399695835988, 0.0 ], [ -90.899628607638476, 48.143592485543337, 0.0 ], [ -90.899636298115638, 48.143651115519717, 0.0 ], [ -90.899483597992059, 48.143666316072817, 0.0 ], [ -90.899323047491222, 48.143667885939223, 0.0 ], [ -90.899216518078319, 48.143683925667347, 0.0 ], [ -90.899102388019784, 48.143762815713401, 0.0 ], [ -90.899102068219548, 48.14385279596511, 0.0 ], [ -90.899086797758031, 48.143897495916526, 0.0 ], [ -90.898995387889656, 48.143913825688053, 0.0 ], [ -90.898888447946661, 48.144001845602681, 0.0 ], [ -90.898872837921971, 48.144096035687348, 0.0 ], [ -90.898881148236669, 48.144101405796128, 0.0 ], [ -90.898987447680881, 48.144170105855423, 0.0 ], [ -90.899132967570367, 48.144289735676452, 0.0 ], [ -90.899063617630446, 48.144382945803358, 0.0 ], [ -90.899155568284613, 48.144456606163587, 0.0 ], [ -90.899292738333543, 48.144513106068018, 0.0 ], [ -90.899514018540856, 48.14462961579553, 0.0 ], [ -90.89958258784479, 48.144761335677259, 0.0 ], [ -90.899590148066238, 48.144905435828861, 0.0 ], [ -90.899643708318408, 48.145054876214438, 0.0 ], [ -90.899757768308348, 48.145142445823232, 0.0 ], [ -90.899948528253887, 48.145244906079867, 0.0 ], [ -90.900094218823298, 48.145319545813621, 0.0 ], [ -90.900154537999683, 48.145406125970588, 0.0 ], [ -90.900261738454105, 48.145538545748273, 0.0 ], [ -90.900338068303796, 48.145562435732742, 0.0 ], [ -90.900353048609475, 48.145504225716472, 0.0 ], [ -90.900360808256906, 48.145396396004813, 0.0 ], [ -90.900375858631179, 48.145315695898489, 0.0 ], [ -90.90048272850558, 48.145250165779572, 0.0 ], [ -90.900696938971592, 48.145128116032282, 0.0 ], [ -90.900767448636557, 48.145115315899773, 0.0 ], [ -90.901438408407103, 48.144630576039432, 0.0 ], [ -90.901440568855378, 48.145050606101293, 0.0 ], [ -90.90144103867425, 48.14514190576638, 0.0 ], [ -90.901441418661634, 48.145339015962158, 0.0 ], [ -90.901476708977569, 48.146132745946908, 0.0 ], [ -90.901636569572261, 48.149726866659677, 0.0 ], [ -90.90698192100858, 48.149722246319151, 0.0 ], [ -90.911344412217773, 48.149718486036512, 0.0 ], [ -90.912327302987592, 48.149721075800869, 0.0 ], [ -90.912199693708203, 48.153372856318157, 0.0 ], [ -90.912164743853765, 48.154372286021129, 0.0 ], [ -90.911952214135638, 48.156897406529808, 0.0 ], [ -90.911952124304122, 48.160455796985957, 0.0 ], [ -90.911825834649889, 48.164068357839021, 0.0 ], [ -90.906126892843034, 48.1640622480394, 0.0 ], [ -90.900574481530398, 48.164056308405101, 0.0 ], [ -90.900427291672756, 48.163976468700547, 0.0 ], [ -90.900427951934503, 48.164070528654179, 0.0 ], [ -90.900773841946432, 48.167678168884841, 0.0 ], [ -90.900815272247343, 48.168110118705322, 0.0 ], [ -90.900826272117996, 48.168224829002398, 0.0 ], [ -90.901150563037248, 48.171285809376663, 0.0 ], [ -90.901511813342239, 48.174515059543801, 0.0 ], [ -90.901533753794723, 48.174887699801211, 0.0 ], [ -90.901627603487412, 48.176479760046298, 0.0 ], [ -90.901649524176989, 48.177338830023878, 0.0 ], [ -90.901686993805797, 48.178460560280023, 0.0 ], [ -90.901686774616863, 48.178489560046913, 0.0 ], [ -90.895557661959785, 48.178371340953511, 0.0 ], [ -90.891034321110752, 48.178323490889561, 0.0 ], [ -90.890376170417838, 48.178316711298258, 0.0 ], [ -90.890214120628798, 48.178315631283787, 0.0 ], [ -90.890146140619663, 48.1783151814275, 0.0 ], [ -90.889587620278277, 48.178307251137277, 0.0 ], [ -90.888873429982993, 48.178297121281418, 0.0 ], [ -90.88799881045945, 48.178284701408153, 0.0 ], [ -90.887725489949432, 48.178280811436572, 0.0 ], [ -90.88604801910698, 48.178256971427423, 0.0 ], [ -90.885390239418285, 48.178252581280042, 0.0 ], [ -90.884706558605018, 48.178248021612347, 0.0 ], [ -90.884705088961198, 48.178247991661813, 0.0 ], [ -90.884000859185804, 48.178240461500259, 0.0 ], [ -90.879267017014541, 48.178189742050719, 0.0 ], [ -90.873901846048128, 48.178283692076128, 0.0 ], [ -90.868536713709261, 48.178377642528417, 0.0 ], [ -90.863171542742862, 48.178471623357879, 0.0 ], [ -90.857806380759598, 48.178565563282618, 0.0 ], [ -90.857696360493478, 48.174930343140673, 0.0 ], [ -90.857636960293647, 48.172967813012633, 0.0 ], [ -90.857671279530749, 48.172368962576208, 0.0 ], [ -90.857664969764201, 48.171295122258478, 0.0 ], [ -90.857522149312132, 48.167652171855451, 0.0 ], [ -90.857379348622985, 48.16400922151503, 0.0 ], [ -90.857291207723947, 48.160384501337298, 0.0 ], [ -90.857203107249077, 48.156759770724108, 0.0 ], [ -90.857114996892733, 48.153135050100211, 0.0 ], [ -90.857026885638106, 48.149510329928873, 0.0 ], [ -90.851644754479125, 48.149497469755929, 0.0 ], [ -90.846262622421833, 48.14948461017913, 0.0 ], [ -90.840887650835668, 48.14946161085156, 0.0 ], [ -90.835513709617132, 48.149451421356183, 0.0 ], [ -90.835503958404729, 48.14518235067667, 0.0 ], [ -90.835496567964881, 48.141482319871123, 0.0 ], [ -90.835482047596628, 48.137700729378068, 0.0 ], [ -90.835467537109849, 48.133919119320097, 0.0 ], [ -90.835934716753144, 48.130178978345867, 0.0 ], [ -90.83640191615936, 48.126438867761721, 0.0 ], [ -90.836869095802655, 48.122698737258503, 0.0 ], [ -90.831783253278886, 48.118934427250061, 0.0 ], [ -90.826230222128686, 48.118910267601287, 0.0 ], [ -90.820677199961636, 48.118886098345868, 0.0 ], [ -90.815124178692898, 48.118861938674392, 0.0 ], [ -90.815143788017238, 48.115423617781772, 0.0 ], [ -90.815163397341578, 48.11198527731073, 0.0 ], [ -90.815183036310316, 48.108546967086063, 0.0 ], [ -90.815202646532967, 48.105108626570647, 0.0 ], [ -90.80975612413441, 48.105279906816548, 0.0 ], [ -90.804309623295438, 48.105451207486801, 0.0 ], [ -90.798863121558142, 48.105622487790832, 0.0 ], [ -90.793416619820874, 48.105793788519087, 0.0 ], [ -90.788044417740721, 48.105842758987123, 0.0 ], [ -90.782672256084766, 48.105891728808608, 0.0 ], [ -90.77997495574806, 48.105897829337977, 0.0 ], [ -90.780104555694095, 48.106321319480713, 0.0 ], [ -90.780139435479938, 48.106343759280193, 0.0 ], [ -90.780193385600953, 48.106385509434112, 0.0 ], [ -90.780224125949971, 48.106471609384322, 0.0 ], [ -90.780262115703337, 48.106686229390313, 0.0 ], [ -90.780276955871841, 48.106787219390782, 0.0 ], [ -90.780264215964479, 48.106843019340168, 0.0 ], [ -90.780261626121501, 48.10685436959335, 0.0 ], [ -90.780192935545003, 48.106897739510323, 0.0 ], [ -90.78016961617854, 48.10698305940678, 0.0 ], [ -90.780177895950516, 48.107262349606543, 0.0 ], [ -90.780171366096724, 48.107291679347263, 0.0 ], [ -90.780154996097281, 48.107365189575809, 0.0 ], [ -90.780062805592948, 48.107485339433609, 0.0 ], [ -90.779833516006548, 48.107624769517187, 0.0 ], [ -90.779696115988912, 48.107671239329576, 0.0 ], [ -90.779485365833366, 48.107675799272457, 0.0 ], [ -90.779201295184322, 48.107612179574502, 0.0 ], [ -90.778757975693296, 48.107495619436243, 0.0 ], [ -90.778423935358276, 48.107435459377577, 0.0 ], [ -90.778114384894508, 48.107423689366421, 0.0 ], [ -90.777796195332684, 48.107373149428597, 0.0 ], [ -90.7774691654501, 48.107335929458287, 0.0 ], [ -90.777156054962887, 48.107275709828571, 0.0 ], [ -90.777003795013812, 48.107286199816869, 0.0 ], [ -90.776866005127332, 48.107328459667912, 0.0 ], [ -90.776801055135664, 48.107361959446827, 0.0 ], [ -90.776705974751039, 48.107410999801417, 0.0 ], [ -90.776523075064233, 48.107537319467937, 0.0 ], [ -90.776492094865034, 48.107600269842173, 0.0 ], [ -90.776122304276655, 48.107858250042689, 0.0 ], [ -90.775867814251612, 48.108028289673719, 0.0 ], [ -90.775644274781357, 48.108115029889163, 0.0 ], [ -90.775438054829792, 48.108155529760253, 0.0 ], [ -90.774485894527544, 48.108204700120197, 0.0 ], [ -90.773805864467576, 48.108287529762762, 0.0 ], [ -90.773352674288191, 48.108340600070846, 0.0 ], [ -90.772829813470352, 48.108429060059628, 0.0 ], [ -90.772334073689223, 48.108648920345388, 0.0 ], [ -90.772237633255273, 48.108712850067917, 0.0 ], [ -90.771945503819822, 48.108906520394427, 0.0 ], [ -90.771688113134701, 48.109097910082959, 0.0 ], [ -90.771403103746195, 48.109751010579849, 0.0 ], [ -90.77141810381481, 48.109840760730123, 0.0 ], [ -90.771486963274612, 48.109887540439381, 0.0 ], [ -90.771517833879344, 48.109897270536763, 0.0 ], [ -90.771891514172921, 48.109935980375248, 0.0 ], [ -90.772166483989807, 48.109972510483061, 0.0 ], [ -90.772494784090171, 48.110051920176808, 0.0 ], [ -90.772686483673482, 48.11016284054385, 0.0 ], [ -90.772754363969625, 48.110200160433799, 0.0 ], [ -90.772838053716427, 48.110237760405411, 0.0 ], [ -90.772876393812766, 48.11027020023316, 0.0 ], [ -90.772937274436202, 48.110325000127077, 0.0 ], [ -90.772937264554741, 48.110410510469457, 0.0 ], [ -90.772929484246063, 48.110437520177477, 0.0 ], [ -90.772868004446337, 48.110472470650208, 0.0 ], [ -90.772822133772976, 48.110489400657848, 0.0 ], [ -90.772729534535173, 48.110533380504258, 0.0 ], [ -90.772586094245554, 48.110597210714907, 0.0 ], [ -90.772532754080615, 48.110627280505348, 0.0 ], [ -90.772418064371664, 48.110751620728273, 0.0 ], [ -90.772272593889497, 48.110879620613183, 0.0 ], [ -90.772090333803177, 48.110942780421077, 0.0 ], [ -90.771970843497343, 48.110970900671802, 0.0 ], [ -90.771793653502499, 48.111009150857868, 0.0 ], [ -90.771102443908816, 48.11109529044613, 0.0 ], [ -90.770541633761781, 48.111133460766958, 0.0 ], [ -90.769908513725966, 48.111157160431937, 0.0 ], [ -90.769678973509613, 48.111152730953222, 0.0 ], [ -90.769527723266904, 48.111176440805799, 0.0 ], [ -90.769389142862963, 48.111214560683713, 0.0 ], [ -90.769014943343151, 48.111418800695937, 0.0 ], [ -90.768977552766074, 48.111445860856243, 0.0 ], [ -90.768149253073517, 48.111977411138859, 0.0 ], [ -90.767855762690417, 48.112169940972578, 0.0 ], [ -90.767748672728771, 48.112253320821218, 0.0 ], [ -90.767711002775656, 48.112347221278199, 0.0 ], [ -90.767710922825586, 48.112405480884142, 0.0 ], [ -90.7677563030188, 48.112429130780598, 0.0 ], [ -90.767841722920849, 48.112435070992802, 0.0 ], [ -90.76803203281041, 48.112461521242679, 0.0 ], [ -90.768093243115558, 48.112485261080089, 0.0 ], [ -90.768153343103023, 48.112522140845712, 0.0 ], [ -90.76819164277515, 48.112649021335898, 0.0 ], [ -90.768122853383957, 48.11301601131084, 0.0 ], [ -90.76781706326797, 48.113851731412197, 0.0 ], [ -90.767704443277452, 48.114047511521349, 0.0 ], [ -90.767688243059609, 48.114194341015697, 0.0 ], [ -90.767770813505578, 48.114453521212347, 0.0 ], [ -90.767946053257958, 48.11470361145183, 0.0 ], [ -90.768076563197369, 48.114827981395067, 0.0 ], [ -90.768200803794414, 48.114953511552891, 0.0 ], [ -90.768343413142404, 48.115153291377403, 0.0 ], [ -90.768355863792237, 48.115183531228922, 0.0 ], [ -90.768504523293672, 48.115471411373257, 0.0 ], [ -90.768680293950368, 48.115744471520109, 0.0 ], [ -90.768763553404156, 48.115883871399369, 0.0 ], [ -90.769067324107382, 48.116173221169767, 0.0 ], [ -90.769366953577133, 48.116343021582729, 0.0 ], [ -90.769435143792037, 48.116339691262802, 0.0 ], [ -90.76975538420767, 48.116480601451151, 0.0 ], [ -90.769961264596063, 48.116604511298057, 0.0 ], [ -90.770464804448793, 48.116806681216353, 0.0 ], [ -90.772639185577162, 48.117623031131068, 0.0 ], [ -90.774187935924218, 48.118611031484313, 0.0 ], [ -90.774239725596971, 48.119148561625757, 0.0 ], [ -90.774317605938833, 48.120060591547627, 0.0 ], [ -90.775240746165849, 48.121281281529718, 0.0 ], [ -90.775847727023546, 48.12239412204584, 0.0 ], [ -90.775881587221534, 48.122456202100977, 0.0 ], [ -90.776491907117148, 48.124043092155617, 0.0 ], [ -90.779116428644485, 48.124897592115552, 0.0 ], [ -90.782580169784993, 48.127040881886998, 0.0 ], [ -90.784105940328757, 48.127333271776983, 0.0 ], [ -90.78578395105869, 48.127891541912021, 0.0 ], [ -90.786964601446698, 48.129360541752817, 0.0 ], [ -90.787197071967498, 48.13004432210878, 0.0 ], [ -90.787156611847109, 48.130985802161163, 0.0 ], [ -90.786805071432028, 48.131548762489253, 0.0 ], [ -90.785435841309663, 48.132179762455507, 0.0 ], [ -90.783916231412107, 48.132501062525662, 0.0 ], [ -90.782788800814785, 48.133596862876381, 0.0 ], [ -90.782743871575846, 48.136159803102608, 0.0 ], [ -90.788637722646527, 48.136166092478739, 0.0 ], [ -90.789080233653806, 48.136299602604844, 0.0 ], [ -90.790941833976646, 48.13578082225677, 0.0 ], [ -90.791674263665456, 48.13579608269297, 0.0 ], [ -90.791842113876299, 48.135750312761253, 0.0 ], [ -90.79271187441249, 48.135624432349147, 0.0 ], [ -90.793902074790296, 48.135536702021049, 0.0 ], [ -90.794069925001139, 48.135468042564717, 0.0 ], [ -90.794382734552727, 48.135269682250197, 0.0 ], [ -90.794954945219047, 48.135403192309212, 0.0 ], [ -90.795366935066212, 48.135456602110807, 0.0 ], [ -90.796755485255403, 48.136139432017323, 0.0 ], [ -90.798311875773948, 48.136852771892741, 0.0 ], [ -90.796869846180954, 48.139374242310687, 0.0 ], [ -90.795557565654349, 48.139870142779309, 0.0 ], [ -90.794138465559001, 48.140495743134423, 0.0 ], [ -90.792772784680309, 48.141029783276693, 0.0 ], [ -90.792597704828083, 48.141106753185603, 0.0 ], [ -90.786931443731262, 48.143009253535283, 0.0 ], [ -90.781176832427917, 48.144544574198108, 0.0 ], [ -90.778065711477481, 48.145976424735011, 0.0 ], [ -90.777653671324629, 48.147803415121942, 0.0 ], [ -90.778673312172714, 48.149788135128802, 0.0 ], [ -90.778909812535886, 48.150276415110802, 0.0 ], [ -90.778970842279648, 48.15049384521388, 0.0 ], [ -90.778902162482922, 48.150978305549977, 0.0 ], [ -90.778436722876336, 48.152992435959199, 0.0 ], [ -90.778139132582282, 48.154514476226389, 0.0 ], [ -90.777254033312602, 48.158035396284703, 0.0 ], [ -90.776681773238963, 48.15993889664442, 0.0 ], [ -90.776407093577902, 48.160598827211778, 0.0 ], [ -90.776231593314108, 48.161884366983003, 0.0 ], [ -90.777986313881087, 48.163902317468882, 0.0 ], [ -90.778114154027492, 48.163949147409959, 0.0 ], [ -90.77846900473439, 48.164079117244128, 0.0 ], [ -90.778642444262928, 48.164142647240112, 0.0 ], [ -90.77936723467856, 48.164447817091869, 0.0 ], [ -90.779474055145641, 48.164386787221289, 0.0 ], [ -90.781381415649037, 48.164512677389979, 0.0 ], [ -90.78230458552045, 48.164295246773108, 0.0 ], [ -90.782449565522455, 48.164240067057769, 0.0 ], [ -90.783174876062631, 48.163963986638983, 0.0 ], [ -90.784162276375184, 48.163454486809243, 0.0 ], [ -90.784402725732335, 48.162723626540838, 0.0 ], [ -90.785951556029431, 48.160965076130047, 0.0 ], [ -90.787988636853157, 48.160434856097837, 0.0 ], [ -90.790376667000487, 48.159904625791533, 0.0 ], [ -90.792100907729875, 48.160888816108063, 0.0 ], [ -90.793123238133916, 48.16139616570009, 0.0 ], [ -90.79400827901307, 48.160812526012023, 0.0 ], [ -90.794611018924314, 48.160045785581048, 0.0 ], [ -90.79583175932683, 48.159248535164039, 0.0 ], [ -90.796464998838616, 48.159206575092547, 0.0 ], [ -90.797624649310237, 48.160694295523562, 0.0 ], [ -90.7977238296058, 48.160854505742464, 0.0 ], [ -90.797586479893809, 48.161529695293609, 0.0 ], [ -90.798639330559624, 48.162044675349172, 0.0 ], [ -90.798837690252455, 48.162292635609198, 0.0 ], [ -90.799196280645887, 48.1621743755761, 0.0 ], [ -90.799348870276688, 48.162220155502673, 0.0 ], [ -90.800752671164446, 48.163181455616723, 0.0 ], [ -90.801134120986902, 48.164074075776767, 0.0 ], [ -90.801408751240615, 48.16524517604136, 0.0 ], [ -90.801904602412819, 48.167705625989882, 0.0 ], [ -90.801751982239324, 48.169338286574863, 0.0 ], [ -90.801690912969676, 48.170352986738138, 0.0 ], [ -90.80173668303172, 48.1707230062325, 0.0 ], [ -90.802102883053919, 48.171402016287637, 0.0 ], [ -90.802491973047864, 48.172016176809173, 0.0 ], [ -90.80298787362743, 48.172580746815839, 0.0 ], [ -90.804002474028437, 48.177307087285797, 0.0 ], [ -90.804147424386059, 48.17782587740826, 0.0 ], [ -90.806413355519979, 48.178527787504599, 0.0 ], [ -90.808618256011798, 48.179248767304522, 0.0 ], [ -90.809930516775466, 48.17964548687192, 0.0 ], [ -90.811013896686219, 48.179683646979363, 0.0 ], [ -90.812631347491262, 48.179473847200853, 0.0 ], [ -90.817498958689796, 48.179416646628113, 0.0 ], [ -90.818506009649141, 48.180679296660259, 0.0 ], [ -90.818864589262816, 48.18118282668555, 0.0 ], [ -90.819207879550333, 48.182640027038133, 0.0 ], [ -90.821008380959114, 48.18467705691851, 0.0 ], [ -90.824273821695584, 48.183669996481349, 0.0 ], [ -90.82578445203356, 48.183582266222011, 0.0 ], [ -90.825403031855501, 48.181472766288863, 0.0 ], [ -90.824683411244322, 48.179516575976308, 0.0 ], [ -90.826279380635981, 48.176988885482267, 0.0 ], [ -90.828210811497442, 48.175842375549401, 0.0 ], [ -90.830591241897466, 48.174625514819489, 0.0 ], [ -90.832559662687387, 48.173511644868043, 0.0 ], [ -90.834367813250822, 48.175155764882369, 0.0 ], [ -90.836397204495697, 48.177063095067737, 0.0 ], [ -90.834718545182156, 48.184120175757251, 0.0 ], [ -90.834169165198787, 48.186569166063478, 0.0 ], [ -90.834291195041928, 48.188373496476217, 0.0 ], [ -90.834641956617645, 48.196269807337337, 0.0 ], [ -90.834657176773504, 48.197726997913847, 0.0 ], [ -90.83485544753313, 48.201801038405371, 0.0 ], [ -90.835503788623143, 48.208282118906133, 0.0 ], [ -90.835801279204219, 48.210815039678351, 0.0 ], [ -90.836121620231154, 48.214641130060862, 0.0 ], [ -90.836533930776895, 48.218533140270139, 0.0 ], [ -90.836456731357998, 48.218870830443628, 0.0 ], [ -90.836449590649806, 48.21890208058209, 0.0 ], [ -90.836312250819276, 48.219176740532887, 0.0 ], [ -90.836968361438181, 48.220157100446393, 0.0 ], [ -90.837227642178647, 48.225119951285699, 0.0 ], [ -90.83759382243791, 48.226569511420053, 0.0 ], [ -90.839638493127438, 48.227660511180311, 0.0 ], [ -90.839760543631826, 48.228297561820312, 0.0 ], [ -90.839760543631826, 48.228633241514181, 0.0 ], [ -90.839379053385173, 48.229190181655269, 0.0 ], [ -90.839157763296399, 48.230532932018278, 0.0 ], [ -90.838478713298414, 48.231620101986373, 0.0 ], [ -90.837708063887533, 48.234740482462023, 0.0 ], [ -90.839287245563142, 48.23956219335787, 0.0 ], [ -90.843124826897338, 48.241194873282609, 0.0 ], [ -90.843872456979071, 48.243727793626469, 0.0 ], [ -90.84765664874098, 48.244547952884702, 0.0 ], [ -90.866959352918713, 48.238250050707308, 0.0 ], [ -90.87130815470131, 48.238036450320777, 0.0 ], [ -90.875115266079391, 48.237811400300792, 0.0 ], [ -90.877724517145225, 48.23891765999398, 0.0 ], [ -90.881539208507661, 48.240496930270787, 0.0 ], [ -90.885758170494057, 48.245928990684263, 0.0 ], [ -90.889267760748325, 48.2445442898889, 0.0 ], [ -90.902154053973149, 48.239360238302183, 0.0 ], [ -90.906876735475322, 48.237441497768771, 0.0 ], [ -90.908013555264006, 48.236567947604307, 0.0 ], [ -90.91150028608925, 48.233703167342178, 0.0 ], [ -90.915055696711249, 48.230743026607392, 0.0 ], [ -90.917367417670121, 48.231029126543888, 0.0 ], [ -90.918473697434095, 48.230697256405243, 0.0 ], [ -90.924328219363318, 48.230015165556587, 0.0 ], [ -90.926461770265405, 48.229766515538152, 0.0 ], [ -90.936151242363351, 48.227859234814559, 0.0 ], [ -90.947870156011831, 48.225478943231167, 0.0 ], [ -90.958238658344868, 48.223327532056679, 0.0 ], [ -90.96397603996104, 48.222190791995693, 0.0 ], [ -90.97699960384611, 48.219551110240509, 0.0 ], [ -90.981348474798978, 48.216915209933958, 0.0 ], [ -90.986269555519854, 48.213882599122762, 0.0 ], [ -90.991877296765821, 48.210506668331249, 0.0 ], [ -90.99856843858376, 48.206413587110077, 0.0 ], [ -91.000117238338149, 48.205425606693701, 0.0 ], [ -91.004069318938463, 48.202988086147982, 0.0 ], [ -91.002795268913715, 48.200691665763792, 0.0 ], [ -91.012271021025796, 48.198414394841507, 0.0 ], [ -91.015193131948891, 48.196163774734863, 0.0 ], [ -91.019786062588054, 48.194073393953587, 0.0 ], [ -91.020319542390865, 48.193179633602718, 0.0 ], [ -91.021311962489207, 48.193112113599582, 0.0 ], [ -91.022097803309876, 48.192829833727039, 0.0 ], [ -91.022708163629659, 48.192303423622548, 0.0 ], [ -91.02306675312478, 48.19188381332615, 0.0 ], [ -91.023738172832751, 48.190460963336541, 0.0 ], [ -91.031131084838876, 48.188759682261207, 0.0 ], [ -91.031133765411681, 48.188760942320847, 0.0 ], [ -91.033820016470401, 48.190017652532383, 0.0 ], [ -91.034508656882366, 48.190595192189292, 0.0 ], [ -91.036425846751627, 48.190106282062047, 0.0 ], [ -91.042018189076984, 48.189705791478822, 0.0 ], [ -91.045573490104488, 48.189465491673928, 0.0 ], [ -91.046817080054595, 48.189156511480917, 0.0 ], [ -91.047847840249247, 48.188939641102493, 0.0 ], [ -91.048648140352725, 48.188771250973083, 0.0 ], [ -91.049914621172888, 48.188782701102568, 0.0 ], [ -91.052058491022635, 48.188035050605748, 0.0 ], [ -91.052595301778524, 48.188078250762693, 0.0 ], [ -91.055377272822369, 48.18830210069261, 0.0 ], [ -91.056018142624154, 48.18806559070633, 0.0 ], [ -91.057505892871831, 48.187054720118581, 0.0 ], [ -91.057910263208768, 48.186711410162957, 0.0 ], [ -91.059275962952071, 48.185303819793951, 0.0 ], [ -91.062808354244893, 48.185528909638997, 0.0 ], [ -91.065471114358928, 48.181390048674629, 0.0 ], [ -91.073886366650555, 48.179749817773462, 0.0 ], [ -91.075892897568082, 48.179379807709942, 0.0 ], [ -91.078837838275803, 48.179505707797617, 0.0 ], [ -91.079661798207241, 48.179902437356482, 0.0 ], [ -91.080630729157519, 48.180066477414471, 0.0 ], [ -91.081340239230173, 48.180844667562212, 0.0 ], [ -91.082469379321481, 48.181134587514983, 0.0 ], [ -91.088008390465049, 48.178296536647743, 0.0 ], [ -91.089374091106663, 48.176633366381182, 0.0 ], [ -91.090968680686018, 48.174779466371533, 0.0 ], [ -91.091907121018949, 48.173616005625007, 0.0 ], [ -91.097133302847979, 48.17159428503156, 0.0 ], [ -91.100627583114871, 48.170732204788791, 0.0 ], [ -91.102847744186732, 48.170163834676977, 0.0 ], [ -91.108958915690962, 48.168660914155417, 0.0 ], [ -91.114818346913225, 48.166456093541612, 0.0 ], [ -91.115527897410061, 48.165532963124903, 0.0 ], [ -91.118053316795255, 48.162084552679218, 0.0 ], [ -91.119892037926121, 48.160669332196868, 0.0 ], [ -91.125118199093905, 48.159277031655577, 0.0 ], [ -91.132595040697012, 48.157285840544482, 0.0 ], [ -91.135898581679641, 48.156622120166887, 0.0 ], [ -91.139026652941183, 48.155775290248982, 0.0 ], [ -91.142673533618662, 48.154649999578709, 0.0 ], [ -91.139849271687879, 48.148152619026042, 0.0 ], [ -91.15633050500044, 48.140543576941482, 0.0 ], [ -91.162146726359225, 48.136249525707058, 0.0 ], [ -91.17664032930783, 48.125544573492817, 0.0 ], [ -91.178105189583775, 48.124899913297128, 0.0 ], [ -91.180752619947498, 48.123805132650951, 0.0 ], [ -91.181347720585563, 48.123488522604923, 0.0 ], [ -91.182934660111968, 48.122206812227532, 0.0 ], [ -91.183392430800978, 48.122168672320079, 0.0 ], [ -91.184155360988626, 48.122374672578488, 0.0 ], [ -91.184697040613372, 48.122550142079483, 0.0 ], [ -91.189732372665347, 48.124899992448753, 0.0 ], [ -91.190052802625502, 48.12512887206821, 0.0 ], [ -91.190365613075429, 48.124900002042878, 0.0 ], [ -91.19183812340431, 48.123545811938143, 0.0 ], [ -91.214948106945073, 48.102836327133502, 0.0 ], [ -91.228139410548224, 48.099197266165312, 0.0 ], [ -91.234937282103402, 48.096141785145143, 0.0 ], [ -91.249723374711891, 48.084083832378667, 0.0 ], [ -91.250120114758801, 48.083935062517391, 0.0 ], [ -91.254423165343979, 48.082672421728219, 0.0 ], [ -91.260007996855236, 48.080879551355139, 0.0 ], [ -91.266729628392255, 48.07880057033168, 0.0 ], [ -91.266943248665143, 48.078739540651831, 0.0 ], [ -91.275938401201898, 48.078785319970542, 0.0 ], [ -91.289780355463634, 48.075035058309957, 0.0 ], [ -91.298539167537356, 48.074314097245789, 0.0 ], [ -91.306229819856185, 48.073772416952878, 0.0 ], [ -91.3068325597674, 48.073715196976309, 0.0 ], [ -91.307771000100331, 48.073757166901977, 0.0 ], [ -91.308755220376753, 48.073623646682172, 0.0 ], [ -91.309846251238767, 48.073654166666202, 0.0 ], [ -91.310151441280141, 48.073680866760533, 0.0 ], [ -91.310860990878666, 48.073703756574737, 0.0 ], [ -91.311402681283184, 48.074066146564839, 0.0 ], [ -91.313668672604223, 48.074321736294557, 0.0 ], [ -91.315087772699584, 48.074462876324318, 0.0 ], [ -91.315942293316979, 48.074298846155003, 0.0 ], [ -91.317315623350297, 48.074138626297319, 0.0 ], [ -91.317727623078937, 48.07401274616192, 0.0 ], [ -91.317933623841597, 48.073974605898478, 0.0 ], [ -91.318818653940966, 48.074024196098442, 0.0 ], [ -91.319161983754356, 48.074100486127179, 0.0 ], [ -91.324426425729641, 48.073795315729832, 0.0 ], [ -91.326059175742287, 48.073135385099349, 0.0 ], [ -91.328186636066718, 48.072101054826049, 0.0 ], [ -91.328370976651229, 48.071971915144132, 0.0 ], [ -91.328721946636108, 48.071880364749617, 0.0 ], [ -91.328798236061616, 48.071807884837433, 0.0 ], [ -91.328737206317854, 48.071655305071793, 0.0 ], [ -91.328775355971331, 48.071613334632268, 0.0 ], [ -91.329164476507998, 48.071395904866073, 0.0 ], [ -91.329317066138799, 48.071373014625493, 0.0 ], [ -91.329599356326923, 48.071392095028912, 0.0 ], [ -91.329835876453018, 48.071319615029267, 0.0 ], [ -91.330194476727939, 48.071292914910273, 0.0 ], [ -91.330690397070413, 48.071155584444128, 0.0 ], [ -91.330972697140027, 48.071041144610177, 0.0 ], [ -91.331110036970571, 48.071006814411142, 0.0 ], [ -91.331583067341285, 48.07101825481206, 0.0 ], [ -91.331911137472957, 48.070991554536683, 0.0 ], [ -91.332559657327707, 48.070873304462353, 0.0 ], [ -91.333498107542098, 48.07075886460094, 0.0 ], [ -91.333757517639938, 48.070674934230702, 0.0 ], [ -91.334589148285588, 48.070354504463843, 0.0 ], [ -91.336346918632927, 48.070555504503062, 0.0 ], [ -91.336364068370031, 48.071075924382257, 0.0 ], [ -91.340010889758688, 48.073566884517597, 0.0 ], [ -91.346030571444487, 48.072548373959982, 0.0 ], [ -91.348563572610672, 48.07218217370626, 0.0 ], [ -91.34972326260818, 48.07164430359893, 0.0 ], [ -91.349967403142841, 48.071945663151162, 0.0 ], [ -91.350463312705529, 48.071911333555548, 0.0 ], [ -91.35089057301424, 48.07176637311612, 0.0 ], [ -91.351981593096468, 48.071400163095547, 0.0 ], [ -91.352584333007712, 48.071213253260197, 0.0 ], [ -91.353347283856621, 48.070919522969987, 0.0 ], [ -91.358398044473589, 48.069214372485227, 0.0 ], [ -91.361831335420888, 48.068100492026879, 0.0 ], [ -91.364997596760119, 48.067097241763491, 0.0 ], [ -91.370826448431799, 48.069714091553841, 0.0 ], [ -91.375121899269658, 48.06748633116198, 0.0 ], [ -91.378394980177646, 48.065907060245777, 0.0 ], [ -91.385177711527007, 48.061123479351672, 0.0 ], [ -91.390861762859714, 48.057175308232779, 0.0 ], [ -91.413628209076279, 48.05369632633046, 0.0 ], [ -91.416557949391077, 48.052746476044398, 0.0 ], [ -91.418434810293959, 48.052159015576898, 0.0 ], [ -91.420433750447344, 48.051560115693853, 0.0 ], [ -91.423088981781007, 48.050849964995109, 0.0 ], [ -91.437806036164972, 48.052464174360082, 0.0 ], [ -91.439537876641651, 48.054573674727337, 0.0 ], [ -91.445091969600512, 48.061096745124672, 0.0 ], [ -91.446640710066106, 48.062981195248192, 0.0 ], [ -91.446228600742998, 48.067719005879567, 0.0 ], [ -91.450043312766681, 48.069061765820727, 0.0 ], [ -91.457482074784892, 48.067940255270983, 0.0 ], [ -91.464714846820257, 48.066872144358577, 0.0 ], [ -91.4882364842383, 48.068390373120927, 0.0 ], [ -91.500123276843709, 48.065125011309952, 0.0 ], [ -91.541713777905173, 48.053860517039809, 0.0 ], [ -91.552120980558954, 48.049778855403709, 0.0 ], [ -91.567563923998122, 48.043770803888847, 0.0 ], [ -91.575361476734088, 48.048962633903152, 0.0 ], [ -91.572660287590494, 48.057396895351623, 0.0 ], [ -91.575315209903692, 48.066689496507131, 0.0 ], [ -91.573750890854456, 48.074101427282123, 0.0 ], [ -91.569378472363027, 48.093731780123079, 0.0 ], [ -91.552882558782102, 48.103230212915548, 0.0 ], [ -91.559115972131877, 48.108597523264493, 0.0 ], [ -91.561565142515747, 48.108380113049712, 0.0 ], [ -91.575565886580364, 48.106900131686913, 0.0 ], [ -91.588818999664923, 48.102479010360987, 0.0 ], [ -91.594823661519186, 48.102406589754167, 0.0 ], [ -91.613530576949344, 48.103266558225791, 0.0 ], [ -91.625129349911745, 48.100152347320588, 0.0 ], [ -91.639938924481768, 48.097073995660701, 0.0 ], [ -91.64695813732969, 48.10378793576222, 0.0 ], [ -91.64792593819935, 48.10589862594594, 0.0 ], [ -91.648037048121907, 48.106439976355198, 0.0 ], [ -91.648175768663009, 48.106506766502598, 0.0 ], [ -91.648744448950254, 48.106619985936653, 0.0 ], [ -91.649620839053227, 48.107244076094652, 0.0 ], [ -91.653160989993481, 48.109799956284078, 0.0 ], [ -91.651337390203778, 48.111997216615933, 0.0 ], [ -91.651421309919314, 48.112264247033941, 0.0 ], [ -91.651123730405033, 48.112992846900511, 0.0 ], [ -91.65180275075862, 48.114003757193693, 0.0 ], [ -91.653328700965446, 48.114350907141443, 0.0 ], [ -91.654643101516129, 48.113922226851678, 0.0 ], [ -91.655281951905167, 48.113713866813718, 0.0 ], [ -91.661919943102689, 48.111962976125547, 0.0 ], [ -91.662278553259057, 48.11163872616379, 0.0 ], [ -91.667390624792489, 48.108697634967918, 0.0 ], [ -91.67110634516682, 48.108651884671829, 0.0 ], [ -91.676843997175894, 48.107492264549393, 0.0 ], [ -91.68091828818072, 48.108339164085287, 0.0 ], [ -91.681849079358997, 48.109819283952298, 0.0 ], [ -91.687575320967326, 48.111991294346637, 0.0 ], [ -91.683603670568559, 48.117753894940194, 0.0 ], [ -91.682100441450203, 48.122518455982892, 0.0 ], [ -91.690653523154197, 48.12030218511287, 0.0 ], [ -91.692148983641957, 48.119741434910182, 0.0 ], [ -91.691374983515075, 48.11811062455223, 0.0 ], [ -91.692171973326708, 48.116868954539036, 0.0 ], [ -91.69304941356026, 48.116617194394891, 0.0 ], [ -91.696711744362304, 48.115934393971472, 0.0 ], [ -91.703418416254891, 48.113748623133731, 0.0 ], [ -91.708545627994113, 48.114267473119682, 0.0 ], [ -91.709918988570152, 48.114378112697977, 0.0 ], [ -91.710323358008779, 48.114690922484819, 0.0 ], [ -91.711765398381544, 48.114660412454477, 0.0 ], [ -91.712612278827436, 48.11551873292251, 0.0 ], [ -91.711765299566864, 48.117471862863113, 0.0 ], [ -91.709346578477849, 48.119386823360649, 0.0 ], [ -91.709178708504069, 48.119878923520453, 0.0 ], [ -91.707919669327723, 48.123407524212723, 0.0 ], [ -91.703799518429349, 48.124902854499638, 0.0 ], [ -91.700549028354132, 48.130663045856643, 0.0 ], [ -91.699534217747342, 48.131979115940702, 0.0 ], [ -91.69951113912937, 48.137453226373573, 0.0 ], [ -91.697809549419887, 48.141584547059047, 0.0 ], [ -91.698129919192922, 48.144083187344719, 0.0 ], [ -91.699167539821417, 48.145006357901963, 0.0 ], [ -91.700579059932409, 48.144773677355893, 0.0 ], [ -91.702318651073355, 48.144792767691037, 0.0 ], [ -91.703226581025959, 48.145216217180661, 0.0 ], [ -91.704683811910186, 48.147123587378253, 0.0 ], [ -91.706919222782332, 48.150350857537781, 0.0 ], [ -91.707056543748237, 48.150987917588402, 0.0 ], [ -91.708185673958084, 48.153005917934578, 0.0 ], [ -91.706972513539924, 48.153765038048498, 0.0 ], [ -91.705095434346418, 48.157995528990376, 0.0 ], [ -91.704683353769397, 48.160059289072827, 0.0 ], [ -91.704980884774642, 48.161028229483513, 0.0 ], [ -91.705133374692437, 48.164003709686909, 0.0 ], [ -91.704858475842457, 48.170709980633099, 0.0 ], [ -91.709428637782423, 48.172903500775377, 0.0 ], [ -91.717035569811713, 48.171831649831859, 0.0 ], [ -91.723086091559537, 48.168978319290403, 0.0 ], [ -91.724367841942879, 48.17052328919732, 0.0 ], [ -91.723002002062415, 48.173506389862233, 0.0 ], [ -91.722353292663144, 48.178469330355639, 0.0 ], [ -91.721384252118384, 48.180258420764908, 0.0 ], [ -91.712296920755378, 48.187510092094819, 0.0 ], [ -91.71042745119064, 48.192526413122863, 0.0 ], [ -91.710374001431219, 48.193873013351109, 0.0 ], [ -91.713151092826436, 48.197992943642177, 0.0 ], [ -91.715386563885701, 48.199484533814022, 0.0 ], [ -91.725358607344475, 48.201315733042122, 0.0 ], [ -91.737238061612345, 48.204157863004653, 0.0 ], [ -91.737909481320301, 48.204230352686338, 0.0 ], [ -91.738832681734436, 48.20420747249991, 0.0 ], [ -91.74209058291072, 48.204577552394113, 0.0 ], [ -91.741571951361223, 48.199347551778843, 0.0 ], [ -91.743860902722616, 48.198718161397707, 0.0 ], [ -91.748423513424285, 48.198668631012893, 0.0 ], [ -91.750132554659075, 48.199366740961672, 0.0 ], [ -91.753558235977621, 48.200961361011387, 0.0 ], [ -91.755908006876993, 48.20600827165385, 0.0 ], [ -91.760768188109793, 48.204829600863597, 0.0 ], [ -91.762767288163303, 48.20176641054023, 0.0 ], [ -91.764232239169075, 48.200660170400191, 0.0 ], [ -91.780697183330588, 48.200771059117692, 0.0 ], [ -91.786244164327371, 48.196197308186647, 0.0 ], [ -91.788693295185382, 48.196346127920883, 0.0 ], [ -91.791104076963904, 48.202522188388777, 0.0 ], [ -91.797429109489499, 48.202720647985167, 0.0 ], [ -91.798413339647382, 48.203048728205722, 0.0 ], [ -91.809384773232793, 48.206253257601631, 0.0 ], [ -91.813497134839366, 48.208111087588627, 0.0 ], [ -91.814122764722356, 48.208412457688787, 0.0 ], [ -91.815473105969232, 48.211845707745702, 0.0 ], [ -91.832579051086583, 48.209396936475571, 0.0 ], [ -91.834589101603399, 48.209948476073031, 0.0 ], [ -91.835943721525965, 48.21032014636625, 0.0 ], [ -91.845389384567611, 48.208798225447879, 0.0 ], [ -91.864433249976003, 48.206994173607619, 0.0 ], [ -91.867576313221349, 48.219212665017558, 0.0 ], [ -91.875137255999661, 48.222882504896127, 0.0 ], [ -91.884269909165397, 48.227395405299752, 0.0 ], [ -91.893120083496768, 48.23799269577448, 0.0 ], [ -91.902374986592875, 48.237149774755949, 0.0 ], [ -91.905985367822041, 48.237345074453458, 0.0 ], [ -91.906303797234045, 48.237574144821963, 0.0 ], [ -91.906538187454629, 48.2377514348197, 0.0 ], [ -91.906586227559387, 48.237787774661101, 0.0 ], [ -91.907217357826852, 48.238194534771857, 0.0 ], [ -91.907639468094033, 48.238336204752763, 0.0 ], [ -91.909699499076623, 48.238340044693992, 0.0 ], [ -91.910683748997442, 48.238114994214577, 0.0 ], [ -91.911179679221405, 48.238153144284603, 0.0 ], [ -91.913148139537185, 48.238393494515989, 0.0 ], [ -91.913430429725338, 48.238805484360633, 0.0 ], [ -91.914750370186354, 48.238870354083353, 0.0 ], [ -91.916573890924326, 48.238496534319232, 0.0 ], [ -91.921212821594239, 48.236791443257779, 0.0 ], [ -91.928895994540014, 48.235948503045847, 0.0 ], [ -91.937563426389772, 48.234247272024163, 0.0 ], [ -91.942095607559509, 48.230379271211639, 0.0 ], [ -91.945155128381728, 48.230364050876162, 0.0 ], [ -91.951251209985813, 48.233389160813452, 0.0 ], [ -91.952548270356559, 48.23312978048336, 0.0 ], [ -91.958346872159339, 48.233076450221411, 0.0 ], [ -91.959765903084417, 48.236799570919757, 0.0 ], [ -91.957034402986523, 48.238832751396508, 0.0 ], [ -91.958255023913125, 48.243807071801392, 0.0 ], [ -91.949641022059836, 48.244447832700303, 0.0 ], [ -91.948076881775336, 48.245885932635879, 0.0 ], [ -91.954073764219217, 48.249418382904231, 0.0 ], [ -91.954111903991233, 48.249906662900159, 0.0 ], [ -91.954226324205607, 48.251405832963222, 0.0 ], [ -91.95409661466509, 48.251756783192072, 0.0 ], [ -91.954088974493601, 48.252210722853732, 0.0 ], [ -91.956919615361201, 48.252233652768538, 0.0 ], [ -91.959063546296392, 48.253614593089999, 0.0 ], [ -91.969287409088878, 48.253752042442471, 0.0 ], [ -91.969928309433385, 48.253744422293828, 0.0 ], [ -91.971254559660977, 48.253414312059988, 0.0 ], [ -91.971201149427444, 48.253151092146048, 0.0 ], [ -91.97138427009979, 48.252998511913198, 0.0 ], [ -91.971483449497057, 48.253025212126062, 0.0 ], [ -91.971666570169418, 48.253013772170092, 0.0 ], [ -91.971842049771951, 48.253040471776828, 0.0 ], [ -91.972353239677645, 48.252975631986708, 0.0 ], [ -91.972521099769949, 48.252826851803157, 0.0 ], [ -91.972521099769949, 48.252075361677733, 0.0 ], [ -91.972673700180508, 48.251926591435783, 0.0 ], [ -91.972879700044842, 48.251827411632227, 0.0 ], [ -91.972944480254924, 48.251356241683233, 0.0 ], [ -91.972994149903613, 48.250969111382616, 0.0 ], [ -91.973100959590894, 48.250663931458043, 0.0 ], [ -91.973123849562654, 48.25028628167049, 0.0 ], [ -91.972681329572239, 48.249965841294333, 0.0 ], [ -91.972170139666531, 48.249889551567023, 0.0 ], [ -91.972025169545987, 48.249767481665188, 0.0 ], [ -91.971933609658976, 48.249832321336093, 0.0 ], [ -91.971765759448132, 48.249607261598108, 0.0 ], [ -91.97149871906025, 48.249382191298771, 0.0 ], [ -91.971300359367419, 48.249012171444271, 0.0 ], [ -91.970827319115202, 48.248695551480957, 0.0 ], [ -91.97099517920752, 48.248039431314929, 0.0 ], [ -91.971124888748037, 48.247848701393252, 0.0 ], [ -91.97415390907139, 48.246715771025073, 0.0 ], [ -91.974465519372103, 48.246171830650297, 0.0 ], [ -91.974604079114783, 48.245929950826188, 0.0 ], [ -91.974733789553611, 48.245716330461207, 0.0 ], [ -91.975107649510235, 48.245331060422927, 0.0 ], [ -91.975850649674996, 48.244920290281378, 0.0 ], [ -91.975917859827916, 48.24498317031297, 0.0 ], [ -91.976322230164854, 48.245254010613507, 0.0 ], [ -91.976917329904609, 48.24569652034301, 0.0 ], [ -91.977146220639, 48.245818590390527, 0.0 ], [ -91.977184360411016, 48.246222950613713, 0.0 ], [ -91.977008870028669, 48.246417490638748, 0.0 ], [ -91.97690967985163, 48.246470900914048, 0.0 ], [ -91.976863899908139, 48.246573890947687, 0.0 ], [ -91.976757080339397, 48.246642550655487, 0.0 ], [ -91.976787590719695, 48.246722660610239, 0.0 ], [ -91.976711290514402, 48.246840911039527, 0.0 ], [ -91.976650249990854, 48.247024020578557, 0.0 ], [ -91.977138540941638, 48.247394041059273, 0.0 ], [ -91.977405580431196, 48.247539000790312, 0.0 ], [ -91.977832840739907, 48.247596230596713, 0.0 ], [ -91.978061740457434, 48.247554270453101, 0.0 ], [ -91.978275370611797, 48.247565720603482, 0.0 ], [ -91.978778941007235, 48.247630580413777, 0.0 ], [ -91.98060243120247, 48.24792336049196, 0.0 ], [ -91.981983552324238, 48.249907260474743, 0.0 ], [ -91.989231456480582, 48.2603097216438, 0.0 ], [ -92.000141940272258, 48.263712551289053, 0.0 ], [ -92.006528002541614, 48.265433070704283, 0.0 ], [ -92.00701616413501, 48.274954532296697, 0.0 ], [ -92.00726785500963, 48.280569752827788, 0.0 ], [ -92.01192952742926, 48.286978493309263, 0.0 ], [ -92.011952417401034, 48.287009013256323, 0.0 ], [ -92.012127878138955, 48.288042793590328, 0.0 ], [ -92.013043309922494, 48.297529934881041, 0.0 ], [ -92.009228340082331, 48.304472605763891, 0.0 ], [ -92.009213079502274, 48.304449716014773, 0.0 ], [ -92.000141549505116, 48.320875808814463, 0.0 ], [ -92.011921353658508, 48.32297768838945, 0.0 ], [ -92.030804909314583, 48.325732186971017, 0.0 ], [ -92.035314011866362, 48.330508247278132, 0.0 ], [ -92.037694453046186, 48.333083197628717, 0.0 ], [ -92.046918775693385, 48.334788507306072, 0.0 ], [ -92.047521447332656, 48.340106197723621, 0.0 ], [ -92.047872367910202, 48.343596638246282, 0.0 ], [ -92.045110367313455, 48.345751898770843, 0.0 ], [ -92.045888567962621, 48.347869059107921, 0.0 ], [ -92.048818379244324, 48.348586268584768, 0.0 ], [ -92.055250092998108, 48.359366680046691, 0.0 ], [ -92.062826424815569, 48.359420209231743, 0.0 ], [ -92.067030406496286, 48.359477489217547, 0.0 ], [ -92.070547727651885, 48.358993088580689, 0.0 ], [ -92.07119625738811, 48.358928248357223, 0.0 ], [ -92.078139329032552, 48.358077678137121, 0.0 ], [ -92.083564130167531, 48.353729016755217, 0.0 ], [ -92.085967490963483, 48.353942676900971, 0.0 ] ], [ [ -92.081376169207019, 48.350124966924561, 0.0 ], [ -92.081405678864101, 48.350150166868161, 0.0 ], [ -92.081410078812368, 48.350183486582047, 0.0 ], [ -92.081389749039175, 48.350203296792948, 0.0 ], [ -92.08134961860047, 48.350212956827619, 0.0 ], [ -92.081299818696081, 48.350205906871103, 0.0 ], [ -92.08126019939877, 48.350187286479958, 0.0 ], [ -92.081258309343411, 48.3501539864695, 0.0 ], [ -92.081283748733952, 48.350127556708699, 0.0 ], [ -92.081326338759879, 48.350119576614929, 0.0 ], [ -92.081376169207019, 48.350124966924561, 0.0 ] ], [ [ -92.167597874243583, 48.346977469962603, 0.0 ], [ -92.167608634264056, 48.347036139508283, 0.0 ], [ -92.167589664540202, 48.347121919745653, 0.0 ], [ -92.167547444620169, 48.347195820059369, 0.0 ], [ -92.167511534466684, 48.3472424298782, 0.0 ], [ -92.167464144742198, 48.347274900124297, 0.0 ], [ -92.167422824035754, 48.347292559759822, 0.0 ], [ -92.167370044419542, 48.347296079864932, 0.0 ], [ -92.167343924106035, 48.347292020042183, 0.0 ], [ -92.167329194430309, 48.347275919856642, 0.0 ], [ -92.167329624723337, 48.3472499399603, 0.0 ], [ -92.16735348397728, 48.347233469600731, 0.0 ], [ -92.167400604207202, 48.34721818972092, 0.0 ], [ -92.167426404720473, 48.347198679851687, 0.0 ], [ -92.167442374071285, 48.347171630030751, 0.0 ], [ -92.167454663922669, 48.347136569782833, 0.0 ], [ -92.167467204404034, 48.347085889878372, 0.0 ], [ -92.167468294060484, 48.347019499521373, 0.0 ], [ -92.167480704286135, 48.346976629932293, 0.0 ], [ -92.167510314554534, 48.346957309828248, 0.0 ], [ -92.167557244341609, 48.346953749698272, 0.0 ], [ -92.167597874243583, 48.346977469962603, 0.0 ] ], [ [ -92.174699746470679, 48.34637415925161, 0.0 ], [ -92.174738616573038, 48.346388479338749, 0.0 ], [ -92.174781536280676, 48.346431899299048, 0.0 ], [ -92.174804716408261, 48.346487209319328, 0.0 ], [ -92.174807446388428, 48.346504279350277, 0.0 ], [ -92.174804146876397, 48.346522299269047, 0.0 ], [ -92.174791916313794, 48.346534238909499, 0.0 ], [ -92.174776716819181, 48.346544159352717, 0.0 ], [ -92.174749466425041, 48.346554999237839, 0.0 ], [ -92.174717736132578, 48.346563789477827, 0.0 ], [ -92.174678316261279, 48.346583559302978, 0.0 ], [ -92.174642106070493, 48.346590319001592, 0.0 ], [ -92.174545865960837, 48.346588629375539, 0.0 ], [ -92.174476796295281, 48.346581109046298, 0.0 ], [ -92.174406176137524, 48.346576598997558, 0.0 ], [ -92.174376196661555, 48.346570369469681, 0.0 ], [ -92.174356806526134, 48.346560199468271, 0.0 ], [ -92.174346506443086, 48.346546088990983, 0.0 ], [ -92.174342466719253, 48.346516979029261, 0.0 ], [ -92.174348966030337, 48.346486949008913, 0.0 ], [ -92.174355376408215, 48.346462929398037, 0.0 ], [ -92.174366126547213, 48.346448969348543, 0.0 ], [ -92.174382866652536, 48.346437058943152, 0.0 ], [ -92.174420676742841, 48.3464242989429, 0.0 ], [ -92.174475026614161, 48.346411649392458, 0.0 ], [ -92.174532496334479, 48.346392009059016, 0.0 ], [ -92.174598976157071, 48.346373439217103, 0.0 ], [ -92.174651686602985, 48.346369809192268, 0.0 ], [ -92.174699746470679, 48.34637415925161, 0.0 ] ], [ [ -92.193406051944791, 48.345283607567978, 0.0 ], [ -92.193416621522431, 48.345288047875577, 0.0 ], [ -92.193423842180678, 48.345297367922868, 0.0 ], [ -92.193423552024825, 48.345309217694883, 0.0 ], [ -92.193417032052508, 48.345320447720127, 0.0 ], [ -92.193402301478471, 48.345329017859449, 0.0 ], [ -92.193383232041626, 48.345332537503147, 0.0 ], [ -92.193370112146894, 48.345331357721001, 0.0 ], [ -92.193359042207661, 48.345324517849868, 0.0 ], [ -92.193355851391772, 48.345313327828272, 0.0 ], [ -92.193359291939316, 48.345298777572452, 0.0 ], [ -92.19337243159697, 48.345288277742227, 0.0 ], [ -92.193389691826837, 48.345283497709623, 0.0 ], [ -92.193406051944791, 48.345283607567978, 0.0 ] ], [ [ -92.293702197035259, 48.196136580173778, 0.0 ], [ -92.293700776798815, 48.196135750234951, 0.0 ], [ -92.293407186702694, 48.195668640444673, 0.0 ], [ -92.293701396636351, 48.195481010536938, 0.0 ], [ -92.293702197035259, 48.196136580173778, 0.0 ] ] ] ] } }
]
}
